[{
    "tweet": "                                                                                                                                             text\n", 
    "score": "0"
},{
    "tweet": "0                                                              In the wild iWatch 42mm on my wrist. I had to give it back. http://t.co/Jo6Z0jG4c9\n", 
    "score": "-1"
},{
    "tweet": "1                                                                                        RT @OMGtrolls: Just iwatch things http://t.co/jm3jpzB1Kj\n", 
    "score": "0"
},{
    "tweet": "2                                                            ????? ???????? ????? ????? ? iWatch ?? @wylsacom! #yotamobile #wylsacom @Yota_Russia\n", 
    "score": "0"
},{
    "tweet": "3        Good grief will @nytimes shut up about the iWatch already? Every day there's several new articles. It's not even new technology. #iSheep\n", 
    "score": "0"
},{
    "tweet": "4                                                             Samuka mommy uy. Of all movies na gsto nya iwatch, Frozen pajud. Ahahaha kakyut :')\n", 
    "score": "-1"
},{
    "tweet": "5                                                                                                             Apple iWatch http://t.co/XanBQMU0FJ\n", 
    "score": "0"
},{
    "tweet": "6                                                                                        RT @OMGtrolls: Just iwatch things http://t.co/jm3jpzB1Kj\n", 
    "score": "0"
},{
    "tweet": "7                    #AppleWatch Apple Watch (42mm Stainless Steel Case with Black Sport Band)NEW Pre-Order http://t.co/U0EqjTUkWW #Apple #iWatch\n", 
    "score": "1"
},{
    "tweet": "8                                                                                          Right. Where and when can we buy an #iWatch in #Dubai?\n", 
    "score": "1"
},{
    "tweet": "16                                                                                       RT @OMGtrolls: Just iwatch things http://t.co/jm3jpzB1Kj\n", 
    "score": "0"
},{
    "tweet": "17                                                           ????? ???????? ????? ????? ? iWatch ?? @wylsacom! #yotamobile #wylsacom @Yota_Russia\n", 
    "score": "0"
},{
    "tweet": "18       Good grief will @nytimes shut up about the iWatch already? Every day there's several new articles. It's not even new technology. #iSheep\n", 
    "score": "0"
},{
    "tweet": "19                                                            Samuka mommy uy. Of all movies na gsto nya iwatch, Frozen pajud. Ahahaha kakyut :')\n", 
    "score": "-1"
},{
    "tweet": "20                                                                                                            Apple iWatch http://t.co/XanBQMU0FJ\n", 
    "score": "0"
},{
    "tweet": "21                                                                                       RT @OMGtrolls: Just iwatch things http://t.co/jm3jpzB1Kj\n", 
    "score": "0"
},{
    "tweet": "22                   #AppleWatch Apple Watch (42mm Stainless Steel Case with Black Sport Band)NEW Pre-Order http://t.co/U0EqjTUkWW #Apple #iWatch\n", 
    "score": "1"
},{
    "tweet": "23                                                                                         Right. Where and when can we buy an #iWatch in #Dubai?\n", 
    "score": "1"
},{
    "tweet": "29                                                             In the wild iWatch 42mm on my wrist. I had to give it back. http://t.co/Jo6Z0jG4c9\n", 
    "score": "-1"
},{
    "tweet": "30                                                                                       RT @OMGtrolls: Just iwatch things http://t.co/jm3jpzB1Kj\n", 
    "score": "0"
},{
    "tweet": "31                                                           ????? ???????? ????? ????? ? iWatch ?? @wylsacom! #yotamobile #wylsacom @Yota_Russia\n", 
    "score": "0"
},{
    "tweet": "32       Good grief will @nytimes shut up about the iWatch already? Every day there's several new articles. It's not even new technology. #iSheep\n", 
    "score": "0"
},{
    "tweet": "33                                                            Samuka mommy uy. Of all movies na gsto nya iwatch, Frozen pajud. Ahahaha kakyut :')\n", 
    "score": "-1"
},{
    "tweet": "34                                                                                                            Apple iWatch http://t.co/XanBQMU0FJ\n", 
    "score": "0"
},{
    "tweet": "35                                                                                       RT @OMGtrolls: Just iwatch things http://t.co/jm3jpzB1Kj\n", 
    "score": "0"
},{
    "tweet": "36                   #AppleWatch Apple Watch (42mm Stainless Steel Case with Black Sport Band)NEW Pre-Order http://t.co/U0EqjTUkWW #Apple #iWatch\n", 
    "score": "1"
},{
    "tweet": "37                                                                                         Right. Where and when can we buy an #iWatch in #Dubai?\n", 
    "score": "1"
},{
    "tweet": "42                                                             In the wild iWatch 42mm on my wrist. I had to give it back. http://t.co/Jo6Z0jG4c9\n", 
    "score": "-1"
},{
    "tweet": "43                                                                                       RT @OMGtrolls: Just iwatch things http://t.co/jm3jpzB1Kj\n", 
    "score": "0"
},{
    "tweet": "44                                                           ????? ???????? ????? ????? ? iWatch ?? @wylsacom! #yotamobile #wylsacom @Yota_Russia\n", 
    "score": "0"
},{
    "tweet": "45       Good grief will @nytimes shut up about the iWatch already? Every day there's several new articles. It's not even new technology. #iSheep\n", 
    "score": "0"
},{
    "tweet": "46                                                            Samuka mommy uy. Of all movies na gsto nya iwatch, Frozen pajud. Ahahaha kakyut :')\n", 
    "score": "-1"
},{
    "tweet": "47                                                                                                            Apple iWatch http://t.co/XanBQMU0FJ\n", 
    "score": "0"
},{
    "tweet": "48                                                                                       RT @OMGtrolls: Just iwatch things http://t.co/jm3jpzB1Kj\n", 
    "score": "0"
},{
    "tweet": "49                   #AppleWatch Apple Watch (42mm Stainless Steel Case with Black Sport Band)NEW Pre-Order http://t.co/U0EqjTUkWW #Apple #iWatch\n", 
    "score": "1"
},{
    "tweet": "50                                                                                         Right. Where and when can we buy an #iWatch in #Dubai?\n", 
    "score": "1"
},{
    "tweet": "54                                                             In the wild iWatch 42mm on my wrist. I had to give it back. http://t.co/Jo6Z0jG4c9\n", 
    "score": "-1"
},{
    "tweet": "55                                                                                       RT @OMGtrolls: Just iwatch things http://t.co/jm3jpzB1Kj\n", 
    "score": "0"
},{
    "tweet": "60                                                                                       RT @OMGtrolls: Just iwatch things http://t.co/jm3jpzB1Kj\n", 
    "score": "0"
},{
    "tweet": "61                   #AppleWatch Apple Watch (42mm Stainless Steel Case with Black Sport Band)NEW Pre-Order http://t.co/U0EqjTUkWW #Apple #iWatch\n", 
    "score": "1"
},{
    "tweet": "62                                                                                         Right. Where and when can we buy an #iWatch in #Dubai?\n", 
    "score": "1"
},{
    "tweet": "0                                                                                                            Apple iWatch http://t.co/XanBQMU0FJ\n", 
    "score": "0"
},{
    "tweet": "71                                                                                       RT @OMGtrolls: Just iwatch things http://t.co/jm3jpzB1Kj\n", 
    "score": "0"
},{
    "tweet": "72                   #AppleWatch Apple Watch (42mm Stainless Steel Case with Black Sport Band)NEW Pre-Order http://t.co/U0EqjTUkWW #Apple #iWatch\n", 
    "score": "1"
},{
    "tweet": "73                                                                                         Right. Where and when can we buy an #iWatch in #Dubai?\n", 
    "score": "1"
},{
    "tweet": "75                                                             In the wild iWatch 42mm on my wrist. I had to give it back. http://t.co/Jo6Z0jG4c9\n", 
    "score": "-1"
},{
    "tweet": "76                                                                                       RT @OMGtrolls: Just iwatch things http://t.co/jm3jpzB1Kj\n", 
    "score": "0"
},{
    "tweet": "77                                                           ????? ???????? ????? ????? ? iWatch ?? @wylsacom! #yotamobile #wylsacom @Yota_Russia\n", 
    "score": "0"
},{
    "tweet": "80                                                                                                            Apple iWatch http://t.co/XanBQMU0FJ\n", 
    "score": "0"
},{
    "tweet": "81                                                                                       RT @OMGtrolls: Just iwatch things http://t.co/jm3jpzB1Kj\n", 
    "score": "0"
},{
    "tweet": "82                   #AppleWatch Apple Watch (42mm Stainless Steel Case with Black Sport Band)NEW Pre-Order http://t.co/U0EqjTUkWW #Apple #iWatch\n", 
    "score": "1"
},{
    "tweet": "83                                                                                         Right. Where and when can we buy an #iWatch in #Dubai?\n", 
    "score": "1"
},{
    "tweet": "84                                                             In the wild iWatch 42mm on my wrist. I had to give it back. http://t.co/Jo6Z0jG4c9\n", 
    "score": "-1"
},{
    "tweet": "85                                                                                       RT @OMGtrolls: Just iwatch things http://t.co/jm3jpzB1Kj\n", 
    "score": "0"
},{
    "tweet": "86                                                           ????? ???????? ????? ????? ? iWatch ?? @wylsacom! #yotamobile #wylsacom @Yota_Russia\n", 
    "score": "0"
},{
    "tweet": "87       Good grief will @nytimes shut up about the iWatch already? Every day there's several new articles. It's not even new technology. #iSheep\n", 
    "score": "0"
},{
    "tweet": "88                                                            Samuka mommy uy. Of all movies na gsto nya iwatch, Frozen pajud. Ahahaha kakyut :')\n", 
    "score": "-1"
},{
    "tweet": "89                                                                                                            Apple iWatch http://t.co/XanBQMU0FJ\n", 
    "score": "0"
},{
    "tweet": "90                                                                                       RT @OMGtrolls: Just iwatch things http://t.co/jm3jpzB1Kj\n", 
    "score": "0"
},{
    "tweet": "91                   #AppleWatch Apple Watch (42mm Stainless Steel Case with Black Sport Band)NEW Pre-Order http://t.co/U0EqjTUkWW #Apple #iWatch\n", 
    "score": "1"
},{
    "tweet": "92                                                             In the wild iWatch 42mm on my wrist. I had to give it back. http://t.co/Jo6Z0jG4c9\n", 
    "score": "-1"
},{
    "tweet": "93                                                                                       RT @OMGtrolls: Just iwatch things http://t.co/jm3jpzB1Kj\n", 
    "score": "0"
},{
    "tweet": "94                                                           ????? ???????? ????? ????? ? iWatch ?? @wylsacom! #yotamobile #wylsacom @Yota_Russia\n", 
    "score": "0"
},{
    "tweet": "95       Good grief will @nytimes shut up about the iWatch already? Every day there's several new articles. It's not even new technology. #iSheep\n", 
    "score": "0"
},{
    "tweet": "96                                                            Samuka mommy uy. Of all movies na gsto nya iwatch, Frozen pajud. Ahahaha kakyut :')\n", 
    "score": "-1"
},{
    "tweet": "97                                                                                                            Apple iWatch http://t.co/XanBQMU0FJ\n", 
    "score": "0"
},{
    "tweet": "98                                                                                       RT @OMGtrolls: Just iwatch things http://t.co/jm3jpzB1Kj\n", 
    "score": "0"
},{
    "tweet": "99                                                             In the wild iWatch 42mm on my wrist. I had to give it back. http://t.co/Jo6Z0jG4c9\n", 
    "score": "-1"
},{
    "tweet": "100                                                                                      RT @OMGtrolls: Just iwatch things http://t.co/jm3jpzB1Kj\n", 
    "score": "0"
},{
    "tweet": "101                                                          ????? ???????? ????? ????? ? iWatch ?? @wylsacom! #yotamobile #wylsacom @Yota_Russia\n", 
    "score": "0"
},{
    "tweet": "102      Good grief will @nytimes shut up about the iWatch already? Every day there's several new articles. It's not even new technology. #iSheep\n", 
    "score": "0"
},{
    "tweet": "103                                                           Samuka mommy uy. Of all movies na gsto nya iwatch, Frozen pajud. Ahahaha kakyut :')\n", 
    "score": "-1"
},{
    "tweet": "104                                                                                                           Apple iWatch http://t.co/XanBQMU0FJ\n", 
    "score": "0"
},{
    "tweet": "105                                                            In the wild iWatch 42mm on my wrist. I had to give it back. http://t.co/Jo6Z0jG4c9\n", 
    "score": "-1"
},{
    "tweet": "106                                                                                      RT @OMGtrolls: Just iwatch things http://t.co/jm3jpzB1Kj\n", 
    "score": "0"
},{
    "tweet": "107                                                          ????? ???????? ????? ????? ? iWatch ?? @wylsacom! #yotamobile #wylsacom @Yota_Russia\n", 
    "score": "0"
},{
    "tweet": "108      Good grief will @nytimes shut up about the iWatch already? Every day there's several new articles. It's not even new technology. #iSheep\n", 
    "score": "0"
},{
    "tweet": "109                                                           Samuka mommy uy. Of all movies na gsto nya iwatch, Frozen pajud. Ahahaha kakyut :')\n", 
    "score": "-1"
},{
    "tweet": "110                                                            In the wild iWatch 42mm on my wrist. I had to give it back. http://t.co/Jo6Z0jG4c9\n", 
    "score": "-1"
},{
    "tweet": "111                                                                                      RT @OMGtrolls: Just iwatch things http://t.co/jm3jpzB1Kj\n", 
    "score": "0"
},{
    "tweet": "112                                                          ????? ???????? ????? ????? ? iWatch ?? @wylsacom! #yotamobile #wylsacom @Yota_Russia\n", 
    "score": "0"
},{
    "tweet": "113      Good grief will @nytimes shut up about the iWatch already? Every day there's several new articles. It's not even new technology. #iSheep\n", 
    "score": "0"
},{
    "tweet": "114                                                            In the wild iWatch 42mm on my wrist. I had to give it back. http://t.co/Jo6Z0jG4c9\n", 
    "score": "-1"
},{
    "tweet": "115                                                                                      RT @OMGtrolls: Just iwatch things http://t.co/jm3jpzB1Kj\n", 
    "score": "0"
},{
    "tweet": "116                                                          ????? ???????? ????? ????? ? iWatch ?? @wylsacom! #yotamobile #wylsacom @Yota_Russia\n", 
    "score": "0"
},{
    "tweet": "117                                                            In the wild iWatch 42mm on my wrist. I had to give it back. http://t.co/Jo6Z0jG4c9\n", 
    "score": "-1"
},{
    "tweet": "118                                                                                      RT @OMGtrolls: Just iwatch things http://t.co/jm3jpzB1Kj\n", 
    "score": "0"
},{
    "tweet": "119                                                            In the wild iWatch 42mm on my wrist. I had to give it back. http://t.co/Jo6Z0jG4c9", 
    "score": "-1"
}]