[{
    "tweet": "\"text\":\"RT #Target Best price on #EddieBauer Quilted #PufferJacket #BoysJacket #Jacket #QuiltedJacket http:\\/\\/t.co\\/eALpmiKQQb http:\\/\\/t.co\\/aNQtsjId6h\"\n", 
    "score": "1"
},{
    "tweet": "\"text\":\"RT @DigitaShadow: #Target http:\\/\\/t.co\\/brxbPRTgCS #TangoDown\\n#Anonymous #GhostSec #OpISIS http:\\/\\/t.co\\/IszPlYT6S4\"\n", 
    "score": "0"
},{
    "tweet": "\"text\":\"I want to #Win a $50 #Target Gift Card for #MoreTreats from #vivaveltoro #giveaway http:\\/\\/t.co\\/R1vK9or7It\"\n", 
    "score": "1"
},{
    "tweet": "\"text\":\"RT #Target Best price on #BeanBagChair #BeanBags Get Extra 10% Off with code 'MADNESS' : http:\\/\\/t.co\\/jQiPHty2CU http:\\/\\/t.co\\/rNBsUFNmpS\"\n", 
    "score": "1"
},{
    "tweet": "\"text\":\"Find your #target #audience to do #business. http:\\/\\/t.co\\/gcfypxUTub\"\n", 
    "score": "0"
},{
    "tweet": "\"text\":\"RT #Target 25% Off on #WomensTee Ultimate Long Sleeve #VNeckTee #WomensVNeckTee #Tees : http:\\/\\/t.co\\/ON4bz1rpbX http:\\/\\/t.co\\/mp704gwEo8\"\n", 
    "score": "0"
},{
    "tweet": "\"text\":\"RT #Target Best price on #Threshold\\u2122 #Floral Botanical Burnout Sheer #CurtainPanel #Curtains : http:\\/\\/t.co\\/zZPiuCfkUm http:\\/\\/t.co\\/A1w8ee7LsY\"\n", 
    "score": "1"
},{
    "tweet": "\"text\":\"#BREASTMILK #STORAGE #MILK #BAG #REVIEW : #LANSINOH VS #UP&amp;UP #TARGET #BRAND http:\\/\\/t.co\\/6hppnX2YuK\"\n", 
    "score": "0"
},{
    "tweet": "\"text\":\"RT #Target Temp price cut on #MissouriTigers #GymBag #sports #bags #backpacks : http:\\/\\/t.co\\/jRkVa46XSD http:\\/\\/t.co\\/7GdQXTbxQn\"\n", 
    "score": "0"
},{
    "tweet": "\"text\":\"@WendieRichards Macys or Kohls? Vote and get a $150 gift card! Click here http:\\/\\/t.co\\/AQwv0fAhrn No purchase required. RT please \\ud83d\\udc8b\"\n", 
    "score": "0"
},{
    "tweet": "\"text\":\"RT @purminerals: RT To Win! RT &amp; nominate that special mom you want to win our @KOHLS Flawless In Bloom Kit: http:\\/\\/t.co\\/n7Vql07rNl http:\\/\\/\\u2026\"\n", 
    "score": "4"
},{
    "tweet": "\"text\":\"@purminerals @Kohls @munch_mummy\"\n", 
    "score": "0"
},{
    "tweet": "\"text\":\"@jennjennmariee Macys or Kohls? Vote and get a $150 gift card of your favorite http:\\/\\/t.co\\/gJsR9eL9CB No purchase required. Pls RT \\ud83d\\udc8b\"\n", 
    "score": "1"
},{
    "tweet": "\"text\":\"RT @purminerals: RT To Win! RT &amp; nominate that special mom you want to win our @KOHLS Flawless In Bloom Kit: http:\\/\\/t.co\\/n7Vql07rNl http:\\/\\/\\u2026\"\n", 
    "score": "4"
},{
    "tweet": "\"text\":\"@wendy06329455 Macys or Kohls? Vote and get a $150 gift card! Click here http:\\/\\/t.co\\/mpUKWBvett No purchase required. RT please \\ud83d\\udc8b\"\n", 
    "score": "0"
},{
    "tweet": "\"text\":\"RT @purminerals: RT To Win! RT &amp; nominate that special mom you want to win our @KOHLS Flawless In Bloom Kit: http:\\/\\/t.co\\/n7Vql07rNl http:\\/\\/\\u2026\"\n", 
    "score": "4"
},{
    "tweet": "\"text\":\"RT @purminerals: RT To Win! RT &amp; nominate that special mom you want to win our @KOHLS Flawless In Bloom Kit: http:\\/\\/t.co\\/n7Vql07rNl http:\\/\\/\\u2026\"\n", 
    "score": "4"
},{
    "tweet": "\"text\":\"@jersey_kitty Macys or Kohls? Vote and get a $150 gift card of your favorite http:\\/\\/t.co\\/fFVIi4DFES No purchase required. Pls RT \\ud83d\\udc8b\"\n", 
    "score": "1"
},{
    "tweet": "\"text\":\"@WexMart228 Macys or Kohls? Vote and get a $150 gift card! Click here http:\\/\\/t.co\\/3OXWaltzUL No purchase required. RT please \\ud83d\\udc8b\"\n", 
    "score": "0"
},{
    "tweet": "\"text\":\"@jess_cool_ Macys or Kohls? Vote and get a $150 gift card of your favorite http:\\/\\/t.co\\/zEthypWMoF No purchase required. Pls RT \\ud83d\\udc8b\"\n", 
    "score": "1"
},{
    "tweet": "\"text\":\"@whaddupgoss Macys or Kohls? Vote and get a $150 gift card! Click here http:\\/\\/t.co\\/l3P3YS3epX No purchase required. RT please \\ud83d\\udc8b\"\n", 
    "score": "0"
},{
    "tweet": "\"text\":\"@JessicaCavalie5 Macys or Kohls? Vote and get a $150 gift card of your favorite http:\\/\\/t.co\\/PNVK3iZn0O No purchase required. Pls RT \\ud83d\\udc8b\"\n", 
    "score": "1"
},{
    "tweet": "\"text\":\"@Whitneyg79 Macys or Kohls? Vote and get a $150 gift card! Click here http:\\/\\/t.co\\/RmzpKtOqva No purchase required. RT please \\ud83d\\udc8b\"", 
    "score": "0"
}]




