[{
    "tweet": "                                                                                                                                              text\n", 
    "score": "0"
},{
    "tweet": "0              Microsoft support for #veterans, #data collaboration, and the #MicrosoftBand: http://t.co/CnyG2GXSlW  #ITRTG http://t.co/KtcsnYNaZ4\n", 
    "score": "1"
},{
    "tweet": "1                        @microsoftband Is the heartbeat monitor availble when you are wearing the screen both outwards and inwards on your wrist?\n", 
    "score": "0"
},{
    "tweet": "2                                      Chalk up the win for team @NaviNet! @microsoftband #grandhack #HealthIT #Wearables  https://t.co/NeV5yQmNMl\n", 
    "score": "1"
},{
    "tweet": "3                  @microsoftband are there issues with syncing with MapMyFitness or RunKeeper since the update today. Nothing is syncing anymore!\n", 
    "score": "-1"
},{
    "tweet": "4                          RT @NokiaDay: Un peu trop fan? J'avoue... Merci l'application FanBand, must have! #MicrosoftBand http://t.co/UcZpjmR7FP\n", 
    "score": "0"
},{
    "tweet": "5                                        Un peu trop fan? J'avoue... Merci l'application FanBand, must have! #MicrosoftBand http://t.co/UcZpjmR7FP\n", 
    "score": "0"
},{
    "tweet": "6                 RT @ALASKANJACKSON: Underlying technology would be great for monitoring athletes body temp to avoid heat stroke.  #MicrosoftBand\n", 
    "score": "1"
},{
    "tweet": "7                                     Underlying technology would be great for monitoring athletes body temp to avoid heat stroke.  #MicrosoftBand\n", 
    "score": "1"
},{
    "tweet": "8                                   Awesome hacking @VitalConnectInc patch and @microsoftband with @kon_1 at #GrandHack2015 http://t.co/xv1V1wfwZI\n", 
    "score": "1"
},{
    "tweet": "9                                                          @jennaezarik how would you review your @microsoftband to date? Worth purchasing or not?\n", 
    "score": "1"
},{
    "tweet": "10   Open Windows command prompt from any folder pointing to that folder once open\\n#Windows10  #Microsoft #MicrosoftBand \\nhttp://t.co/uVXhH8O8gU\n", 
    "score": "1"
},{
    "tweet": "11                                                                                                        @microsoftband does it work with iPhone?\n", 
    "score": "1"
},{
    "tweet": "12              Loving that @MicrosoftBand has @Strava support now, just wished it synced my previous running and biking activities to my profile.\n", 
    "score": "2"
},{
    "tweet": "14                                            @MicrosoftStore why can't we buy the Microsoft Complete for @microsoftband anymore (sku: DQF-00356)?\n", 
    "score": "0"
},{
    "tweet": "15             Microsoft support for #veterans, #data collaboration, and the #MicrosoftBand: http://t.co/CnyG2GXSlW  #ITRTG http://t.co/KtcsnYNaZ4\n", 
    "score": "1"
},{
    "tweet": "16                       @microsoftband Is the heartbeat monitor availble when you are wearing the screen both outwards and inwards on your wrist?\n", 
    "score": "0"
},{
    "tweet": "17                                     Chalk up the win for team @NaviNet! @microsoftband #grandhack #HealthIT #Wearables  https://t.co/NeV5yQmNMl\n", 
    "score": "1"
},{
    "tweet": "18                 @microsoftband are there issues with syncing with MapMyFitness or RunKeeper since the update today. Nothing is syncing anymore!\n", 
    "score": "-1"
},{
    "tweet": "19                         RT @NokiaDay: Un peu trop fan? J'avoue... Merci l'application FanBand, must have! #MicrosoftBand http://t.co/UcZpjmR7FP\n", 
    "score": "0"
},{
    "tweet": "20                                       Un peu trop fan? J'avoue... Merci l'application FanBand, must have! #MicrosoftBand http://t.co/UcZpjmR7FP\n", 
    "score": "0"
},{
    "tweet": "21                RT @ALASKANJACKSON: Underlying technology would be great for monitoring athletes body temp to avoid heat stroke.  #MicrosoftBand\n", 
    "score": "1"
},{
    "tweet": "22                                    Underlying technology would be great for monitoring athletes body temp to avoid heat stroke.  #MicrosoftBand\n", 
    "score": "1"
},{
    "tweet": "23                                  Awesome hacking @VitalConnectInc patch and @microsoftband with @kon_1 at #GrandHack2015 http://t.co/xv1V1wfwZI\n", 
    "score": "1"
},{
    "tweet": "24                                                         @jennaezarik how would you review your @microsoftband to date? Worth purchasing or not?\n", 
    "score": "1"
},{
    "tweet": "25   Open Windows command prompt from any folder pointing to that folder once open\\n#Windows10  #Microsoft #MicrosoftBand \\nhttp://t.co/uVXhH8O8gU\n", 
    "score": "1"
},{
    "tweet": "26                                                                                                        @microsoftband does it work with iPhone?\n", 
    "score": "1"
},{
    "tweet": "27              Loving that @MicrosoftBand has @Strava support now, just wished it synced my previous running and biking activities to my profile.\n", 
    "score": "2"
},{
    "tweet": "28                Microsoft support for #veterans, #data collaboration, and the #MicrosoftBand: http://t.co/CnyG2GXSlW  #ITRTG http://t.co/KtcsnYNaZ4\n", 
    "score": "1"
},{
    "tweet": "30                       @microsoftband Is the heartbeat monitor availble when you are wearing the screen both outwards and inwards on your wrist?\n", 
    "score": "0"
},{
    "tweet": "31                                     Chalk up the win for team @NaviNet! @microsoftband #grandhack #HealthIT #Wearables  https://t.co/NeV5yQmNMl\n", 
    "score": "1"
},{
    "tweet": "32                 @microsoftband are there issues with syncing with MapMyFitness or RunKeeper since the update today. Nothing is syncing anymore!\n", 
    "score": "-1"
},{
    "tweet": "33                         RT @NokiaDay: Un peu trop fan? J'avoue... Merci l'application FanBand, must have! #MicrosoftBand http://t.co/UcZpjmR7FP\n", 
    "score": "0"
},{
    "tweet": "34                                       Un peu trop fan? J'avoue... Merci l'application FanBand, must have! #MicrosoftBand http://t.co/UcZpjmR7FP\n", 
    "score": "0"
},{
    "tweet": "35                RT @ALASKANJACKSON: Underlying technology would be great for monitoring athletes body temp to avoid heat stroke.  #MicrosoftBand\n", 
    "score": "1"
},{
    "tweet": "36                                    Underlying technology would be great for monitoring athletes body temp to avoid heat stroke.  #MicrosoftBand\n", 
    "score": "1"
},{
    "tweet": "37                                  Awesome hacking @VitalConnectInc patch and @microsoftband with @kon_1 at #GrandHack2015 http://t.co/xv1V1wfwZI\n", 
    "score": "1"
},{
    "tweet": "38                                                         @jennaezarik how would you review your @microsoftband to date? Worth purchasing or not?\n", 
    "score": "1"
},{
    "tweet": "39   Open Windows command prompt from any folder pointing to that folder once open\\n#Windows10  #Microsoft #MicrosoftBand \\nhttp://t.co/uVXhH8O8gU\n", 
    "score": "1"
},{
    "tweet": "40                                                                                                        @microsoftband does it work with iPhone?\n", 
    "score": "1"
},{
    "tweet": "41              Loving that @MicrosoftBand has @Strava support now, just wished it synced my previous running and biking activities to my profile.\n", 
    "score": "2"
},{
    "tweet": "42             Microsoft support for #veterans, #data collaboration, and the #MicrosoftBand: http://t.co/CnyG2GXSlW  #ITRTG http://t.co/KtcsnYNaZ4\n", 
    "score": "1"
},{
    "tweet": "43                       @microsoftband Is the heartbeat monitor availble when you are wearing the screen both outwards and inwards on your wrist?\n", 
    "score": "0"
},{
    "tweet": "44                                     Chalk up the win for team @NaviNet! @microsoftband #grandhack #HealthIT #Wearables  https://t.co/NeV5yQmNMl\n", 
    "score": "1"
},{
    "tweet": "45                 @microsoftband are there issues with syncing with MapMyFitness or RunKeeper since the update today. Nothing is syncing anymore!\n", 
    "score": "-1"
},{
    "tweet": "46                         RT @NokiaDay: Un peu trop fan? J'avoue... Merci l'application FanBand, must have! #MicrosoftBand http://t.co/UcZpjmR7FP\n", 
    "score": "0"
},{
    "tweet": "47                                       Un peu trop fan? J'avoue... Merci l'application FanBand, must have! #MicrosoftBand http://t.co/UcZpjmR7FP\n", 
    "score": "0"
},{
    "tweet": "48                RT @ALASKANJACKSON: Underlying technology would be great for monitoring athletes body temp to avoid heat stroke.  #MicrosoftBand\n", 
    "score": "1"
},{
    "tweet": "49                                    Underlying technology would be great for monitoring athletes body temp to avoid heat stroke.  #MicrosoftBand\n", 
    "score": "1"
},{
    "tweet": "50                                  Awesome hacking @VitalConnectInc patch and @microsoftband with @kon_1 at #GrandHack2015 http://t.co/xv1V1wfwZI\n", 
    "score": "1"
},{
    "tweet": "51                                                         @jennaezarik how would you review your @microsoftband to date? Worth purchasing or not?\n", 
    "score": "1"
},{
    "tweet": "52   Open Windows command prompt from any folder pointing to that folder once open\\n#Windows10  #Microsoft #MicrosoftBand \\nhttp://t.co/uVXhH8O8gU\n", 
    "score": "1"
},{
    "tweet": "53                                                                                                        @microsoftband does it work with iPhone?\n", 
    "score": "1"
},{
    "tweet": "54             Microsoft support for #veterans, #data collaboration, and the #MicrosoftBand: http://t.co/CnyG2GXSlW  #ITRTG http://t.co/KtcsnYNaZ4\n", 
    "score": "1"
},{
    "tweet": "55                       @microsoftband Is the heartbeat monitor availble when you are wearing the screen both outwards and inwards on your wrist?\n", 
    "score": "0"
},{
    "tweet": "56                                     Chalk up the win for team @NaviNet! @microsoftband #grandhack #HealthIT #Wearables  https://t.co/NeV5yQmNMl\n", 
    "score": "1"
},{
    "tweet": "57                 @microsoftband are there issues with syncing with MapMyFitness or RunKeeper since the update today. Nothing is syncing anymore!\n", 
    "score": "-1"
},{
    "tweet": "58                         RT @NokiaDay: Un peu trop fan? J'avoue... Merci l'application FanBand, must have! #MicrosoftBand http://t.co/UcZpjmR7FP\n", 
    "score": "0"
},{
    "tweet": "59                                       Un peu trop fan? J'avoue... Merci l'application FanBand, must have! #MicrosoftBand http://t.co/UcZpjmR7FP\n", 
    "score": "0"
},{
    "tweet": "60                RT @ALASKANJACKSON: Underlying technology would be great for monitoring athletes body temp to avoid heat stroke.  #MicrosoftBand\n", 
    "score": "1"
},{
    "tweet": "61                                    Underlying technology would be great for monitoring athletes body temp to avoid heat stroke.  #MicrosoftBand\n", 
    "score": "1"
},{
    "tweet": "62                                  Awesome hacking @VitalConnectInc patch and @microsoftband with @kon_1 at #GrandHack2015 http://t.co/xv1V1wfwZI\n", 
    "score": "1"
},{
    "tweet": "63                                                         @jennaezarik how would you review your @microsoftband to date? Worth purchasing or not?\n", 
    "score": "1"
},{
    "tweet": "64   Open Windows command prompt from any folder pointing to that folder once open\\n#Windows10  #Microsoft #MicrosoftBand \\nhttp://t.co/uVXhH8O8gU\n", 
    "score": "1"
},{
    "tweet": "65             Microsoft support for #veterans, #data collaboration, and the #MicrosoftBand: http://t.co/CnyG2GXSlW  #ITRTG http://t.co/KtcsnYNaZ4\n", 
    "score": "1"
},{
    "tweet": "66                       @microsoftband Is the heartbeat monitor availble when you are wearing the screen both outwards and inwards on your wrist?\n", 
    "score": "0"
},{
    "tweet": "67                                     Chalk up the win for team @NaviNet! @microsoftband #grandhack #HealthIT #Wearables  https://t.co/NeV5yQmNMl\n", 
    "score": "1"
},{
    "tweet": "68                 @microsoftband are there issues with syncing with MapMyFitness or RunKeeper since the update today. Nothing is syncing anymore!\n", 
    "score": "-1"
},{
    "tweet": "69                         RT @NokiaDay: Un peu trop fan? J'avoue... Merci l'application FanBand, must have! #MicrosoftBand http://t.co/UcZpjmR7FP\n", 
    "score": "0"
},{
    "tweet": "70                                       Un peu trop fan? J'avoue... Merci l'application FanBand, must have! #MicrosoftBand http://t.co/UcZpjmR7FP\n", 
    "score": "0"
},{
    "tweet": "71                RT @ALASKANJACKSON: Underlying technology would be great for monitoring athletes body temp to avoid heat stroke.  #MicrosoftBand\n", 
    "score": "1"
},{
    "tweet": "72                                    Underlying technology would be great for monitoring athletes body temp to avoid heat stroke.  #MicrosoftBand\n", 
    "score": "1"
},{
    "tweet": "73                                  Awesome hacking @VitalConnectInc patch and @microsoftband with @kon_1 at #GrandHack2015 http://t.co/xv1V1wfwZI\n", 
    "score": "1"
},{
    "tweet": "74                                                         @jennaezarik how would you review your @microsoftband to date? Worth purchasing or not?\n", 
    "score": "1"
},{
    "tweet": "75             Microsoft support for #veterans, #data collaboration, and the #MicrosoftBand: http://t.co/CnyG2GXSlW  #ITRTG http://t.co/KtcsnYNaZ4\n", 
    "score": "1"
},{
    "tweet": "76                       @microsoftband Is the heartbeat monitor availble when you are wearing the screen both outwards and inwards on your wrist?\n", 
    "score": "0"
},{
    "tweet": "77                                     Chalk up the win for team @NaviNet! @microsoftband #grandhack #HealthIT #Wearables  https://t.co/NeV5yQmNMl\n", 
    "score": "1"
},{
    "tweet": "78                 @microsoftband are there issues with syncing with MapMyFitness or RunKeeper since the update today. Nothing is syncing anymore!\n", 
    "score": "-1"
},{
    "tweet": "79                         RT @NokiaDay: Un peu trop fan? J'avoue... Merci l'application FanBand, must have! #MicrosoftBand http://t.co/UcZpjmR7FP\n", 
    "score": "0"
},{
    "tweet": "80                                       Un peu trop fan? J'avoue... Merci l'application FanBand, must have! #MicrosoftBand http://t.co/UcZpjmR7FP\n", 
    "score": "0"
},{
    "tweet": "81                RT @ALASKANJACKSON: Underlying technology would be great for monitoring athletes body temp to avoid heat stroke.  #MicrosoftBand\n", 
    "score": "1"
},{
    "tweet": "82                                    Underlying technology would be great for monitoring athletes body temp to avoid heat stroke.  #MicrosoftBand\n", 
    "score": "1"
},{
    "tweet": "83                                  Awesome hacking @VitalConnectInc patch and @microsoftband with @kon_1 at #GrandHack2015 http://t.co/xv1V1wfwZI\n", 
    "score": "1"
},{
    "tweet": "84             Microsoft support for #veterans, #data collaboration, and the #MicrosoftBand: http://t.co/CnyG2GXSlW  #ITRTG http://t.co/KtcsnYNaZ4\n", 
    "score": "1"
},{
    "tweet": "85                       @microsoftband Is the heartbeat monitor availble when you are wearing the screen both outwards and inwards on your wrist?\n", 
    "score": "0"
},{
    "tweet": "86                                     Chalk up the win for team @NaviNet! @microsoftband #grandhack #HealthIT #Wearables  https://t.co/NeV5yQmNMl\n", 
    "score": "1"
},{
    "tweet": "87                 @microsoftband are there issues with syncing with MapMyFitness or RunKeeper since the update today. Nothing is syncing anymore!\n", 
    "score": "-1"
},{
    "tweet": "88                         RT @NokiaDay: Un peu trop fan? J'avoue... Merci l'application FanBand, must have! #MicrosoftBand http://t.co/UcZpjmR7FP\n", 
    "score": "0"
},{
    "tweet": "89                                       Un peu trop fan? J'avoue... Merci l'application FanBand, must have! #MicrosoftBand http://t.co/UcZpjmR7FP\n", 
    "score": "0"
},{
    "tweet": "90                RT @ALASKANJACKSON: Underlying technology would be great for monitoring athletes body temp to avoid heat stroke.  #MicrosoftBand\n", 
    "score": "1"
},{
    "tweet": "91                                    Underlying technology would be great for monitoring athletes body temp to avoid heat stroke.  #MicrosoftBand\n", 
    "score": "1"
},{
    "tweet": "92             Microsoft support for #veterans, #data collaboration, and the #MicrosoftBand: http://t.co/CnyG2GXSlW  #ITRTG http://t.co/KtcsnYNaZ4\n", 
    "score": "1"
},{
    "tweet": "93                       @microsoftband Is the heartbeat monitor availble when you are wearing the screen both outwards and inwards on your wrist?\n", 
    "score": "0"
},{
    "tweet": "94                                     Chalk up the win for team @NaviNet! @microsoftband #grandhack #HealthIT #Wearables  https://t.co/NeV5yQmNMl\n", 
    "score": "1"
},{
    "tweet": "95                 @microsoftband are there issues with syncing with MapMyFitness or RunKeeper since the update today. Nothing is syncing anymore!\n", 
    "score": "-1"
},{
    "tweet": "96                         RT @NokiaDay: Un peu trop fan? J'avoue... Merci l'application FanBand, must have! #MicrosoftBand http://t.co/UcZpjmR7FP\n", 
    "score": "0"
},{
    "tweet": "97                                       Un peu trop fan? J'avoue... Merci l'application FanBand, must have! #MicrosoftBand http://t.co/UcZpjmR7FP\n", 
    "score": "0"
},{
    "tweet": "98                RT @ALASKANJACKSON: Underlying technology would be great for monitoring athletes body temp to avoid heat stroke.  #MicrosoftBand\n", 
    "score": "1"
},{
    "tweet": "99             Microsoft support for #veterans, #data collaboration, and the #MicrosoftBand: http://t.co/CnyG2GXSlW  #ITRTG http://t.co/KtcsnYNaZ4\n", 
    "score": "1"
},{
    "tweet": "100                      @microsoftband Is the heartbeat monitor availble when you are wearing the screen both outwards and inwards on your wrist?\n", 
    "score": "0"
},{
    "tweet": "101                                    Chalk up the win for team @NaviNet! @microsoftband #grandhack #HealthIT #Wearables  https://t.co/NeV5yQmNMl\n", 
    "score": "1"
},{
    "tweet": "102                @microsoftband are there issues with syncing with MapMyFitness or RunKeeper since the update today. Nothing is syncing anymore!\n", 
    "score": "-1"
},{
    "tweet": "103                        RT @NokiaDay: Un peu trop fan? J'avoue... Merci l'application FanBand, must have! #MicrosoftBand http://t.co/UcZpjmR7FP\n", 
    "score": "0"
},{
    "tweet": "104                                      Un peu trop fan? J'avoue... Merci l'application FanBand, must have! #MicrosoftBand http://t.co/UcZpjmR7FP\n", 
    "score": "0"
},{
    "tweet": "105            Microsoft support for #veterans, #data collaboration, and the #MicrosoftBand: http://t.co/CnyG2GXSlW  #ITRTG http://t.co/KtcsnYNaZ4\n", 
    "score": "1"
},{
    "tweet": "106                      @microsoftband Is the heartbeat monitor availble when you are wearing the screen both outwards and inwards on your wrist?\n", 
    "score": "0"
},{
    "tweet": "107                                    Chalk up the win for team @NaviNet! @microsoftband #grandhack #HealthIT #Wearables  https://t.co/NeV5yQmNMl\n", 
    "score": "1"
},{
    "tweet": "108                @microsoftband are there issues with syncing with MapMyFitness or RunKeeper since the update today. Nothing is syncing anymore!\n", 
    "score": "-1"
},{
    "tweet": "109                        RT @NokiaDay: Un peu trop fan? J'avoue... Merci l'application FanBand, must have! #MicrosoftBand http://t.co/UcZpjmR7FP\n", 
    "score": "0"
},{
    "tweet": "110            Microsoft support for #veterans, #data collaboration, and the #MicrosoftBand: http://t.co/CnyG2GXSlW  #ITRTG http://t.co/KtcsnYNaZ4\n", 
    "score": "1"
},{
    "tweet": "111                      @microsoftband Is the heartbeat monitor availble when you are wearing the screen both outwards and inwards on your wrist?\n", 
    "score": "0"
},{
    "tweet": "112                                    Chalk up the win for team @NaviNet! @microsoftband #grandhack #HealthIT #Wearables  https://t.co/NeV5yQmNMl\n", 
    "score": "1"
},{
    "tweet": "113                @microsoftband are there issues with syncing with MapMyFitness or RunKeeper since the update today. Nothing is syncing anymore!\n", 
    "score": "-1"
},{
    "tweet": "114            Microsoft support for #veterans, #data collaboration, and the #MicrosoftBand: http://t.co/CnyG2GXSlW  #ITRTG http://t.co/KtcsnYNaZ4\n", 
    "score": "1"
},{
    "tweet": "115                      @microsoftband Is the heartbeat monitor availble when you are wearing the screen both outwards and inwards on your wrist?\n", 
    "score": "0"
},{
    "tweet": "116                                    Chalk up the win for team @NaviNet! @microsoftband #grandhack #HealthIT #Wearables  https://t.co/NeV5yQmNMl\n", 
    "score": "1"
},{
    "tweet": "117            Microsoft support for #veterans, #data collaboration, and the #MicrosoftBand: http://t.co/CnyG2GXSlW  #ITRTG http://t.co/KtcsnYNaZ4\n", 
    "score": "1"
},{
    "tweet": "118                      @microsoftband Is the heartbeat monitor availble when you are wearing the screen both outwards and inwards on your wrist?\n", 
    "score": "0"
},{
    "tweet": "119            Microsoft support for #veterans, #data collaboration, and the #MicrosoftBand: http://t.co/CnyG2GXSlW  #ITRTG http://t.co/KtcsnYNaZ4", 
    "score": "1"
}
]