[{
    "tweet": "tweet\n", 
    "score": "0"
},{
    "tweet": "\"text\":\"RT #Target Best price on #EddieBauer Quilted #PufferJacket #BoysJacket #Jacket #QuiltedJacket http:\\/\\/t.co\\/eALpmiKQQb http:\\/\\/t.co\\/aNQtsjId6h\"\n", 
    "score": "1"
},{
    "tweet": "\"text\":\"RT @DigitaShadow: #Target http:\\/\\/t.co\\/brxbPRTgCS #TangoDown\\n#Anonymous #GhostSec #OpISIS http:\\/\\/t.co\\/IszPlYT6S4\"\n", 
    "score": "0"
},{
    "tweet": "\"text\":\"I want to #Win a $50 #Target Gift Card for #MoreTreats from #vivaveltoro #giveaway http:\\/\\/t.co\\/R1vK9or7It\"\n", 
    "score": "1"
},{
    "tweet": "\"text\":\"RT #Target Best price on #BeanBagChair #BeanBags Get Extra 10% Off with code 'MADNESS' : http:\\/\\/t.co\\/jQiPHty2CU http:\\/\\/t.co\\/rNBsUFNmpS\"\n", 
    "score": "1"
},{
    "tweet": "\"text\":\"Find your #target #audience to do #business. http:\\/\\/t.co\\/gcfypxUTub\"\n", 
    "score": "0"
},{
    "tweet": "\"text\":\"RT #Target 25% Off on #WomensTee Ultimate Long Sleeve #VNeckTee #WomensVNeckTee #Tees : http:\\/\\/t.co\\/ON4bz1rpbX http:\\/\\/t.co\\/mp704gwEo8\"\n", 
    "score": "0"
},{
    "tweet": "\"text\":\"RT #Target Best price on #Threshold\\u2122 #Floral Botanical Burnout Sheer #CurtainPanel #Curtains : http:\\/\\/t.co\\/zZPiuCfkUm http:\\/\\/t.co\\/A1w8ee7LsY\"\n", 
    "score": "1"
},{
    "tweet": "\"text\":\"#BREASTMILK #STORAGE #MILK #BAG #REVIEW : #LANSINOH VS #UP&amp;UP #TARGET #BRAND http:\\/\\/t.co\\/6hppnX2YuK\"\n", 
    "score": "0"
},{
    "tweet": "\"text\":\"RT #Target Temp price cut on #MissouriTigers #GymBag #sports #bags #backpacks : http:\\/\\/t.co\\/jRkVa46XSD http:\\/\\/t.co\\/7GdQXTbxQn\"\n", 
    "score": "0"
},{
    "tweet": "\"text\":\"RT #Target Temp price cut on #MissouriTigers #GymBag #sports #bags #backpacks : http:\\/\\/t.co\\/UblZ2OiEOI http:\\/\\/t.co\\/ReGp4N54iC\"\n", 
    "score": "0"
},{
    "tweet": "\"text\":\"RT #Target Save big on #Bikes #Trailers #KidsBikes #AdultBikes #BikeDeals #BikeOffers : http:\\/\\/t.co\\/Bbgxk0Yor9 http:\\/\\/t.co\\/rkeEk9eUbK\"\n", 
    "score": "0"
},{
    "tweet": "\"text\":\"@chadfowler you\\u2019re welcome", 
    "score": "1"
}]