[
    {
        "tweet": "                                                                                                                                               text\n",
        "score": "0"
    },
    {
        "tweet": "0                   RT @JulieAtLNC: #WeSparkChange @LopezNegrete HELP FIGHT HUNGER WITH US. Thank You @Walmart #LopezNegrete http://t.co/7mPHPkhuHM\n",
        "score": "1"
    },
    {
        "tweet": "1                                                                                                                                Heading to Walmart\n",
        "score": "0"
    },
    {
        "tweet": "2                     RT @dawnchats: Q11: Who will be heading to @Walmart this weekend to stock up on M&amp;Ms &amp; Hasbro games? #GameNightIn #ad\n",
        "score": "0"
    },
    {
        "tweet": "3                     RT @dawnchats: Q11: Who will be heading to @Walmart this weekend to stock up on M&amp;Ms &amp; Hasbro games? #GameNightIn #ad\n",
        "score": "0"
    },
    {
        "tweet": "4                                                                                                   @dawnchats @Walmart A11 I will be! #GameNightIn\n",
        "score": "0"
    },
    {
        "tweet": "5                     RT @dawnchats: Q11: Who will be heading to @Walmart this weekend to stock up on M&amp;Ms &amp; Hasbro games? #GameNightIn #ad\n",
        "score": "0"
    },
    {
        "tweet": "6                                                                                                        @dawnchats @Walmart A11 me !! #gamenightin\n",
        "score": "0"
    },
    {
        "tweet": "7                                                                                                           @dawnchats @Walmart Q11 me #GameNightIn\n",
        "score": "0"
    },
    {
        "tweet": "8           RT @jrichrds: People that think 2k followers in Twitter/IG mean shit. Your momma work at Walmart and she still pays for your phone bill\n",
        "score": "0"
    },
    {
        "tweet": "9                                                                 @dawnchats @Walmart A11 My kids and i! Family game night is on!! #GameNightIn #ad\n",
        "score": "0"
    },
    {
        "tweet": "10                    RT @dawnchats: Q11: Who will be heading to @Walmart this weekend to stock up on M&amp;Ms &amp; Hasbro games? #GameNightIn #ad\n",
        "score": "0"
    },
    {
        "tweet": "11                                                                                               @dawnchats @Walmart Q11 Let's all go. #GameNightIn\n",
        "score": "0"
    },
    {
        "tweet": "12                    RT @dawnchats: Q11: Who will be heading to @Walmart this weekend to stock up on M&amp;Ms &amp; Hasbro games? #GameNightIn #ad\n",
        "score": "0"
    },
    {
        "tweet": "13                                                                              RT @JC_Oneal21: When walmart won't hire you https://t.co/2FzFlyHfeS\n",
        "score": "0"
    },
    {
        "tweet": "14                    RT @dawnchats: Q11: Who will be heading to @Walmart this weekend to stock up on M&amp;Ms &amp; Hasbro games? #GameNightIn #ad\n",
        "score": "0"
    },
    {
        "tweet": "15                                                         @dawnchats @Walmart A11 Not this weekend....tonight!!!! LOL #hungryproblems #GameNightIn\n",
        "score": "0"
    },
    {
        "tweet": "16                    RT @dawnchats: Q11: Who will be heading to @Walmart this weekend to stock up on M&amp;Ms &amp; Hasbro games? #GameNightIn #ad\n",
        "score": "0"
    },
    {
        "tweet": "17                                                                                             @dawnchats @Walmart Q11 ME and Hubby!!! #GameNightIn\n",
        "score": "0"
    },
    {
        "tweet": "18                                                                                                    @dawnchats @Walmart a11. ME!!!   #GameNightIn\n",
        "score": "0"
    },
    {
        "tweet": "19                    RT @dawnchats: Q11: Who will be heading to @Walmart this weekend to stock up on M&amp;Ms &amp; Hasbro games? #GameNightIn #ad\n",
        "score": "0"
    },
    {
        "tweet": "20                                                                                                        @dawnchats @Walmart a11: me! #GameNightIn\n",
        "score": "0"
    },
    {
        "tweet": "21                                                               @dawnchats @Walmart Q11: me!! We could use more m&amp;m and new games #GameNightIn\n",
        "score": "0"
    },
    {
        "tweet": "22                                                                                       @dawnchats @Walmart A11 Me me me me me! ME!!! #GameNightIn\n",
        "score": "0"
    },
    {
        "tweet": "23                    RT @dawnchats: Q11: Who will be heading to @Walmart this weekend to stock up on M&amp;Ms &amp; Hasbro games? #GameNightIn #ad\n",
        "score": "0"
    },
    {
        "tweet": "24                  RT @JulieAtLNC: #WeSparkChange @LopezNegrete HELP FIGHT HUNGER WITH US. Thank You @Walmart #LopezNegrete http://t.co/7mPHPkhuHM\n",
        "score": "1"
    },
    {
        "tweet": "25                                                                                                                               Heading to Walmart\n",
        "score": "0"
    },
    {
        "tweet": "26                    RT @dawnchats: Q11: Who will be heading to @Walmart this weekend to stock up on M&amp;Ms &amp; Hasbro games? #GameNightIn #ad\n",
        "score": "0"
    },
    {
        "tweet": "27                    RT @dawnchats: Q11: Who will be heading to @Walmart this weekend to stock up on M&amp;Ms &amp; Hasbro games? #GameNightIn #ad\n",
        "score": "0"
    },
    {
        "tweet": "28                                                                                                  @dawnchats @Walmart A11 I will be! #GameNightIn\n",
        "score": "0"
    },
    {
        "tweet": "29                    RT @dawnchats: Q11: Who will be heading to @Walmart this weekend to stock up on M&amp;Ms &amp; Hasbro games? #GameNightIn #ad\n",
        "score": "0"
    },
    {
        "tweet": "30                                                                    When you go to the slowest line in walmart. Good gravy. #woof #mylife #Monday\n",
        "score": "0"
    },
    {
        "tweet": "31                    RT @dawnchats: Q11: Who will be heading to @Walmart this weekend to stock up on M&amp;Ms &amp; Hasbro games? #GameNightIn #ad\n",
        "score": "0"
    },
    {
        "tweet": "32                                                                                                      @dawnchats @Walmart Q11 Me #GameNightIn #ad\n",
        "score": "0"
    },
    {
        "tweet": "33                    RT @dawnchats: Q11: Who will be heading to @Walmart this weekend to stock up on M&amp;Ms &amp; Hasbro games? #GameNightIn #ad\n",
        "score": "0"
    },
    {
        "tweet": "34                                            @Kaylaaa_jneaa kmsl girl any \"so where you live \" , I just lied and told him I work at Walmart ??????\n",
        "score": "0"
    },
    {
        "tweet": "35                    RT @dawnchats: Q11: Who will be heading to @Walmart this weekend to stock up on M&amp;Ms &amp; Hasbro games? #GameNightIn #ad\n",
        "score": "0"
    },
    {
        "tweet": "36                    RT @dawnchats: Q11: Who will be heading to @Walmart this weekend to stock up on M&amp;Ms &amp; Hasbro games? #GameNightIn #ad\n",
        "score": "0"
    },
    {
        "tweet": "37                    RT @dawnchats: Q11: Who will be heading to @Walmart this weekend to stock up on M&amp;Ms &amp; Hasbro games? #GameNightIn #ad\n",
        "score": "0"
    },
    {
        "tweet": "38                                                                                         @dawnchats @Walmart A11 I will be for sure. #GameNightIn\n",
        "score": "0"
    },
    {
        "tweet": "39                                                                                      @dawnchats @Walmart a11 absolutely, 100% yes!! #GameNightIn\n",
        "score": "0"
    },
    {
        "tweet": "40                                                                 Walmart App Review for iPhone/iPad http://t.co/w5MvkbiHCw http://t.co/HPVNkvX3OZ\n",
        "score": "0"
    },
    {
        "tweet": "41                    RT @dawnchats: Q11: Who will be heading to @Walmart this weekend to stock up on M&amp;Ms &amp; Hasbro games? #GameNightIn #ad\n",
        "score": "0"
    },
    {
        "tweet": "42                                                         @dawnchats @Walmart A11 Not this weekend....tonight!!!! LOL #hungryproblems #GameNightIn\n",
        "score": "0"
    },
    {
        "tweet": "43                    RT @dawnchats: Q11: Who will be heading to @Walmart this weekend to stock up on M&amp;Ms &amp; Hasbro games? #GameNightIn #ad\n",
        "score": "0"
    },
    {
        "tweet": "44                                                                                             @dawnchats @Walmart Q11 ME and Hubby!!! #GameNightIn\n",
        "score": "0"
    },
    {
        "tweet": "45                                                                                                    @dawnchats @Walmart A11: I will! #GameNightIn\n",
        "score": "0"
    },
    {
        "tweet": "46                                                                   @dawnchats @Walmart A11: I am!! Always love to hoard hasbro games #GameNightIn\n",
        "score": "0"
    },
    {
        "tweet": "47                                               @dawnchats @Walmart Q11 meee! we are having a party for the boxing match this weekend #GameNightIn\n",
        "score": "0"
    },
    {
        "tweet": "48                    RT @dawnchats: Q11: Who will be heading to @Walmart this weekend to stock up on M&amp;Ms &amp; Hasbro games? #GameNightIn #ad\n",
        "score": "0"
    },
    {
        "tweet": "49                                                                                                @dawnchats @Walmart a11 I am going!! #GameNightIN\n",
        "score": "0"
    },
    {
        "tweet": "50                                                                    When you go to the slowest line in walmart. Good gravy. #woof #mylife #Monday\n",
        "score": "0"
    },
    {
        "tweet": "51                    RT @dawnchats: Q11: Who will be heading to @Walmart this weekend to stock up on M&amp;Ms &amp; Hasbro games? #GameNightIn #ad\n",
        "score": "0"
    },
    {
        "tweet": "52                                                                                                      @dawnchats @Walmart Q11 Me #GameNightIn #ad\n",
        "score": "0"
    },
    {
        "tweet": "53                    RT @dawnchats: Q11: Who will be heading to @Walmart this weekend to stock up on M&amp;Ms &amp; Hasbro games? #GameNightIn #ad\n",
        "score": "0"
    },
    {
        "tweet": "54                                            @Kaylaaa_jneaa kmsl girl any \"so where you live \" , I just lied and told him I work at Walmart ??????\n",
        "score": "0"
    },
    {
        "tweet": "55                    RT @dawnchats: Q11: Who will be heading to @Walmart this weekend to stock up on M&amp;Ms &amp; Hasbro games? #GameNightIn #ad\n",
        "score": "0"
    },
    {
        "tweet": "56                    RT @dawnchats: Q11: Who will be heading to @Walmart this weekend to stock up on M&amp;Ms &amp; Hasbro games? #GameNightIn #ad\n",
        "score": "0"
    },
    {
        "tweet": "57                    RT @dawnchats: Q11: Who will be heading to @Walmart this weekend to stock up on M&amp;Ms &amp; Hasbro games? #GameNightIn #ad\n",
        "score": "0"
    },
    {
        "tweet": "58                                                                                         @dawnchats @Walmart A11 I will be for sure. #GameNightIn\n",
        "score": "0"
    },
    {
        "tweet": "59                                                                                      @dawnchats @Walmart a11 absolutely, 100% yes!! #GameNightIn\n",
        "score": "0"
    },
    {
        "tweet": "60   RCA 55\" 120Hz 1080p LED LCD HDTV for $430 + free shipping\\n\\nWalmart offers the RCA 55\" 120Hz 10 http://t.co/YsOc2NAdlj http://t.co/0Pe4OElbxC\n",
        "score": "2"
    },
    {
        "tweet": "61                               @dawnchats @Walmart a1  I sure will cant wait. even more so if I win all new games and almond m&amp;M #GameNightIn\n",
        "score": "1"
    },
    {
        "tweet": "62                                                                                                    @dawnchats @Walmart A11: I will! #GameNightIn\n",
        "score": "0"
    },
    {
        "tweet": "63                                                                   @dawnchats @Walmart A11: I am!! Always love to hoard hasbro games #GameNightIn\n",
        "score": "0"
    },
    {
        "tweet": "64                                               @dawnchats @Walmart Q11 meee! we are having a party for the boxing match this weekend #GameNightIn\n",
        "score": "0"
    },
    {
        "tweet": "65                    RT @dawnchats: Q11: Who will be heading to @Walmart this weekend to stock up on M&amp;Ms &amp; Hasbro games? #GameNightIn #ad\n",
        "score": "0"
    },
    {
        "tweet": "66                                                                                                @dawnchats @Walmart a11 I am going!! #GameNightIN\n",
        "score": "0"
    },
    {
        "tweet": "67                                                                    When you go to the slowest line in walmart. Good gravy. #woof #mylife #Monday\n",
        "score": "0"
    },
    {
        "tweet": "68                    RT @dawnchats: Q11: Who will be heading to @Walmart this weekend to stock up on M&amp;Ms &amp; Hasbro games? #GameNightIn #ad\n",
        "score": "0"
    },
    {
        "tweet": "69                                                                                                      @dawnchats @Walmart Q11 Me #GameNightIn #ad\n",
        "score": "0"
    },
    {
        "tweet": "70                    RT @dawnchats: Q11: Who will be heading to @Walmart this weekend to stock up on M&amp;Ms &amp; Hasbro games? #GameNightIn #ad\n",
        "score": "0"
    },
    {
        "tweet": "71                                            @Kaylaaa_jneaa kmsl girl any \"so where you live \" , I just lied and told him I work at Walmart ??????\n",
        "score": "0"
    },
    {
        "tweet": "72                    RT @dawnchats: Q11: Who will be heading to @Walmart this weekend to stock up on M&amp;Ms &amp; Hasbro games? #GameNightIn #ad\n",
        "score": "0"
    },
    {
        "tweet": "73                    RT @dawnchats: Q11: Who will be heading to @Walmart this weekend to stock up on M&amp;Ms &amp; Hasbro games? #GameNightIn #ad\n",
        "score": "0"
    },
    {
        "tweet": "74                    RT @dawnchats: Q11: Who will be heading to @Walmart this weekend to stock up on M&amp;Ms &amp; Hasbro games? #GameNightIn #ad\n",
        "score": "0"
    },
    {
        "tweet": "75                                                    a11 me! i love going to walmart in the morning on the weekends, no one is there. #GameNightIn\n",
        "score": "1"
    },
    {
        "tweet": "76                               RT @business: Jeff Bezos is now richer than 3 of the 4 Walmart heirs http://t.co/2KMbdsPVTe http://t.co/iQOnh9peBJ\n",
        "score": "1"
    },
    {
        "tweet": "77                    RT @dawnchats: Q11: Who will be heading to @Walmart this weekend to stock up on M&amp;Ms &amp; Hasbro games? #GameNightIn #ad\n",
        "score": "0"
    },
    {
        "tweet": "78                                                                                                @dawnchats @Walmart A11 Me For sure  #GameNightIn\n",
        "score": "0"
    },
    {
        "tweet": "79                    RT @dawnchats: Q11: Who will be heading to @Walmart this weekend to stock up on M&amp;Ms &amp; Hasbro games? #GameNightIn #ad\n",
        "score": "0"
    },
    {
        "tweet": "80                    RT @dawnchats: Q11: Who will be heading to @Walmart this weekend to stock up on M&amp;Ms &amp; Hasbro games? #GameNightIn #ad\n",
        "score": "0"
    },
    {
        "tweet": "81   RCA 55\" 120Hz 1080p LED LCD HDTV for $430 + free shipping\\n\\nWalmart offers the RCA 55\" 120Hz 10 http://t.co/YsOc2NAdlj http://t.co/0Pe4OElbxC\n",
        "score": "2"
    },
    {
        "tweet": "82                    RT @dawnchats: Q11: Who will be heading to @Walmart this weekend to stock up on M&amp;Ms &amp; Hasbro games? #GameNightIn #ad\n",
        "score": "0"
    },
    {
        "tweet": "83                                                    @dawnchats @Walmart. Whoop whoop right here but I got a head start lol http://t.co/h6WYUN52p2\n",
        "score": "1"
    },
    {
        "tweet": "84                               @dawnchats @Walmart a1  I sure will cant wait. even more so if I win all new games and almond m&amp;M #GameNightIn\n",
        "score": "1"
    },
    {
        "tweet": "85                                                                                                    @dawnchats @Walmart A11: I will! #GameNightIn\n",
        "score": "0"
    },
    {
        "tweet": "86                                                                   @dawnchats @Walmart A11: I am!! Always love to hoard hasbro games #GameNightIn\n",
        "score": "0"
    },
    {
        "tweet": "87                                               @dawnchats @Walmart Q11 meee! we are having a party for the boxing match this weekend #GameNightIn\n",
        "score": "0"
    },
    {
        "tweet": "88                    RT @dawnchats: Q11: Who will be heading to @Walmart this weekend to stock up on M&amp;Ms &amp; Hasbro games? #GameNightIn #ad\n",
        "score": "0"
    },
    {
        "tweet": "89                                                                                                @dawnchats @Walmart a11 I am going!! #GameNightIN\n",
        "score": "0"
    },
    {
        "tweet": "90                                                                                                          @dawnchats @Walmart a11 me #GameNightIn\n",
        "score": "0"
    },
    {
        "tweet": "91                    RT @dawnchats: Q11: Who will be heading to @Walmart this weekend to stock up on M&amp;Ms &amp; Hasbro games? #GameNightIn #ad\n",
        "score": "0"
    },
    {
        "tweet": "92                    RT @dawnchats: Q11: Who will be heading to @Walmart this weekend to stock up on M&amp;Ms &amp; Hasbro games? #GameNightIn #ad\n",
        "score": "0"
    },
    {
        "tweet": "93                                                                                                        @dawnchats @Walmart Q11 yep! #GameNightIn\n",
        "score": "0"
    },
    {
        "tweet": "94                                                    a11 me! i love going to walmart in the morning on the weekends, no one is there. #GameNightIn\n",
        "score": "1"
    },
    {
        "tweet": "95                               RT @business: Jeff Bezos is now richer than 3 of the 4 Walmart heirs http://t.co/2KMbdsPVTe http://t.co/iQOnh9peBJ\n",
        "score": "1"
    },
    {
        "tweet": "96                    RT @dawnchats: Q11: Who will be heading to @Walmart this weekend to stock up on M&amp;Ms &amp; Hasbro games? #GameNightIn #ad\n",
        "score": "0"
    },
    {
        "tweet": "97                                                                                                @dawnchats @Walmart A11 Me For sure  #GameNightIn\n",
        "score": "0"
    },
    {
        "tweet": "98                    RT @dawnchats: Q11: Who will be heading to @Walmart this weekend to stock up on M&amp;Ms &amp; Hasbro games? #GameNightIn #ad\n",
        "score": "0"
    },
    {
        "tweet": "99                    RT @dawnchats: Q11: Who will be heading to @Walmart this weekend to stock up on M&amp;Ms &amp; Hasbro games? #GameNightIn #ad\n",
        "score": "0"
    },
    {
        "tweet": "100  RCA 55\" 120Hz 1080p LED LCD HDTV for $430 + free shipping\\n\\nWalmart offers the RCA 55\" 120Hz 10 http://t.co/YsOc2NAdlj http://t.co/0Pe4OElbxC\n",
        "score": "2"
    },
    {
        "tweet": "101                   RT @dawnchats: Q11: Who will be heading to @Walmart this weekend to stock up on M&amp;Ms &amp; Hasbro games? #GameNightIn #ad\n",
        "score": "0"
    },
    {
        "tweet": "102                              @dawnchats @Walmart a1  I sure will cant wait. even more so if I win all new games and almond m&amp;M #GameNightIn\n",
        "score": "1"
    },
    {
        "tweet": "103                                                                                                   @dawnchats @Walmart A11: I will! #GameNightIn\n",
        "score": "0"
    },
    {
        "tweet": "104                                                                  @dawnchats @Walmart A11: I am!! Always love to hoard hasbro games #GameNightIn\n",
        "score": "0"
    },
    {
        "tweet": "105                 @heatherlynn620 We're glad to be able to help you stay hydrated! It's especially important in the upcoming warm weather. ~Donna\n",
        "score": "3"
    },
    {
        "tweet": "106                   RT @dawnchats: Q11: Who will be heading to @Walmart this weekend to stock up on M&amp;Ms &amp; Hasbro games? #GameNightIn #ad\n",
        "score": "0"
    },
    {
        "tweet": "107                                                                                              @dawnchats @Walmart #GameNightIn A11: I sure will!\n",
        "score": "0"
    },
    {
        "tweet": "108                   RT @dawnchats: Q11: Who will be heading to @Walmart this weekend to stock up on M&amp;Ms &amp; Hasbro games? #GameNightIn #ad\n",
        "score": "0"
    },
    {
        "tweet": "109                                                                     @dawnchats @Walmart \\n\\nA11  We will be going to @FamilyMobile #GameNightIn\n",
        "score": "0"
    },
    {
        "tweet": "110                                                                                @dawnchats @Walmart A11 my daughters and I for sure #gamenightin\n",
        "score": "0"
    },
    {
        "tweet": "111                                @dawnchats @Walmart My son has a Bday coming up and that's exactly what I plan to do!  #GameNightIn  #sweeps #ad\n",
        "score": "0"
    },
    {
        "tweet": "112                                                                                                         @dawnchats @Walmart a11 me #GameNightIn\n",
        "score": "0"
    },
    {
        "tweet": "113                                                                                            @dawnchats @Walmart A11: my husband lol #GameNightIn\n",
        "score": "0"
    },
    {
        "tweet": "114                   RT @dawnchats: Q11: Who will be heading to @Walmart this weekend to stock up on M&amp;Ms &amp; Hasbro games? #GameNightIn #ad\n",
        "score": "0"
    },
    {
        "tweet": "115                   RT @dawnchats: Q11: Who will be heading to @Walmart this weekend to stock up on M&amp;Ms &amp; Hasbro games? #GameNightIn #ad\n",
        "score": "0"
    },
    {
        "tweet": "116                                                                                                       @dawnchats @Walmart Q11 yep! #GameNightIn\n",
        "score": "0"
    },
    {
        "tweet": "117                                                   a11 me! i love going to walmart in the morning on the weekends, no one is there. #GameNightIn\n",
        "score": "1"
    },
    {
        "tweet": "118                              RT @business: Jeff Bezos is now richer than 3 of the 4 Walmart heirs http://t.co/2KMbdsPVTe http://t.co/iQOnh9peBJ\n",
        "score": "1"
    },
    {
        "tweet": "119                   RT @dawnchats: Q11: Who will be heading to @Walmart this weekend to stock up on M&amp;Ms &amp; Hasbro games? #GameNightIn #ad\n",
        "score": "0"
    },
    {
        "tweet": "120                                                                                                    @dawnchats @Walmart A11 I will! #GameNightIn\n",
        "score": "0"
    },
    {
        "tweet": "121                                                                                               @dawnchats @Walmart Q11: I will be ! #GameNightIn\n",
        "score": "0"
    },
    {
        "tweet": "122                           @dawnchats @Walmart A11: I will be! We need some new games &amp; replacements for the old @Hasbro games! #GameNightIn\n",
        "score": "0"
    },
    {
        "tweet": "123                   RT @dawnchats: Q11: Who will be heading to @Walmart this weekend to stock up on M&amp;Ms &amp; Hasbro games? #GameNightIn #ad\n",
        "score": "0"
    },
    {
        "tweet": "124                   RT @dawnchats: Q11: Who will be heading to @Walmart this weekend to stock up on M&amp;Ms &amp; Hasbro games? #GameNightIn #ad\n",
        "score": "0"
    },
    {
        "tweet": " RT@ristianesparzac: WalmartemployeesneedtochilloutwhenIaskiftheysellairduster.Imnotgonnainhalethedamnthing",
        "score": "-2"
    },
    {
        "tweet": "127@heatherlynn620We'regladtobeabletohelpyoustayhydrated!It'sespeciallyimportantintheupcomingwarmweather.~Donna\n",
        "score": "3"
    },
    {
        "tweet": "128@dawnchats@WalmartA11Meforsure: )#GameNightIn\n",
        "score": "0"
    },
    {
        "tweet": "129RT@dawnchats: Q11: Whowillbeheadingto@WalmartthisweekendtostockuponM&amp;Ms&amp;Hasbrogames?#GameNightIn#ad\n",
        "score": "0"
    },
    {
        "tweet": "130@dawnchats@Walmart#GameNightInA11: Isurewill!\n",
        "score": "0"
    },
    {
        "tweet": "131RT@dawnchats: Q11: Whowillbeheadingto@WalmartthisweekendtostockuponM&amp;Ms&amp;Hasbrogames?#GameNightIn#ad\n",
        "score": "0"
    },
    {
        "tweet": "132@dawnchats@Walmart\\n\\nA11Wewillbegoingto@FamilyMobile#GameNightIn\n",
        "score": "0"
    },
    {
        "tweet": "133@dawnchats@WalmartA11mydaughtersandIforsure#gamenightin\n",
        "score": "0"
    },
    {
        "tweet": "134@dawnchats@WalmartMysonhasaBdaycomingupandthat'sexactlywhatIplantodo!#GameNightIn#sweeps#ad\n",
        "score": "0"
    },
    {
        "tweet": "135@dawnchats@WalmartA11Whowouldn't?LOLIamgame!!!!#GameNightIn\n",
        "score": "0"
    },
    {
        "tweet": "136RT@dawnchats: Q11: Whowillbeheadingto@WalmartthisweekendtostockuponM&amp;Ms&amp;Hasbrogames?#GameNightIn#ad\n",
        "score": "0"
    },
    {
        "tweet": "137RT@___candiceee: @Kaylaaa_jneaakmslgirlany sowhereyoulive. IjustliedandtoldhimIworkatWalmart??????\n",
        "score": "0"
    },
    {
        "tweet": "138@dawnchats@WalmartQ11Imgoingtheretomorrow!#GameNightIn\n",
        "score": "0"
    },
    {
        "tweet": "139@dawnchats@WalmartQ11: IknowIam!#GameNightIn\n",
        "score": "0"
    },
    {
        "tweet": "140@dawnchats@WalmartQ11yes.soundslikeagreatplan.countmein!#GameNightIn\n",
        "score": "2"
    },
    {
        "tweet": "141@dawnchats@Walmarta11ifiwiniknowiwillbe#GameNightIn\n",
        "score": "1"
    },
    {
        "tweet": "142@dawnchats@WalmartQ11iwill!#GameNightIn\n",
        "score": "0"
    },
    {
        "tweet": "143@dawnchats@WalmartMe!GoingtoneedmoreM&amp;ms..espafterthisparty!;D#GameNightIn\n",
        "score": "0"
    },
    {
        "tweet": "144@dawnchats@WalmartME!!!#GameNightIn\n",
        "score": "0"
    },
    {
        "tweet": "145@dawnchats@Walmarta11Notwaitingtiltheweekend..goingtoday!!#GameNightIn\n",
        "score": "0"
    },
    {
        "tweet": "146Q11: Whowillbeheadingto@WalmartthisweekendtostockuponM&amp;Ms&amp;Hasbrogames?#GameNightIn\n",
        "score": "0"
    },
    {
        "tweet": "154RT@JC_Oneal21: Whenwalmartwon'thireyouhttps: //t.co/2FzFlyHfeS\n",
        "score": "0"
    },
    {
        "tweet": "155RT@dawnchats: Q11: Whowillbeheadingto@WalmartthisweekendtostockuponM&amp;Ms&amp;Hasbrogames?#GameNightIn#ad\n",
        "score": "0"
    },
    {
        "tweet": "156RT@___candiceee: @Kaylaaa_jneaakmslgirlany sowhereyoulive. IjustliedandtoldhimIworkatWalmart??????\n",
        "score": "0"
    },
    {
        "tweet": "157@dawnchats@WalmartQ11I'mgoingtheretomorrow!#GameNightIn\n",
        "score": "0"
    },
    {
        "tweet": "158@dawnchats@WalmartQ11: IknowIam!#GameNightIn\n",
        "score": "0"
    },
    {
        "tweet": "159@dawnchats@WalmartQ11yes.soundslikeagreatplan.countmein!#GameNightIn\n",
        "score": "2"
    },
    {
        "tweet": "160@dawnchats@Walmarta11ifiwiniknowiwillbe#GameNightIn\n",
        "score": "1"
    },
    {
        "tweet": "161@dawnchats@WalmartQ11iwill!#GameNightIn\n",
        "score": "0"
    },
    {
        "tweet": "162@dawnchats@WalmartMe!GoingtoneedmoreM&amp;ms..espafterthisparty!;D#GameNightIn\n",
        "score": "0"
    },
    {
        "tweet": "163@dawnchats@WalmartME!!!#GameNightIn\n",
        "score": "0"
    },
    {
        "tweet": "164@dawnchats@Walmarta11Notwaitingtiltheweekend..goingtoday!!#GameNightIn\n",
        "score": "0"
    },
    {
        "tweet": "165@dawnchats@WalmartA11: mememe#GameNightIn\n",
        "score": "0"
    },
    {
        "tweet": "166@dawnchats@Walmart11.meeee!!!!!#GameNightIn\n",
        "score": "0"
    },
    {
        "tweet": "167RT@dawnchats: Q11: Whowillbeheadingto@WalmartthisweekendtostockuponM&amp;Ms&amp;Hasbrogames?#GameNightIn#ad\n",
        "score": "0"
    },
    {
        "tweet": "168@dawnchats@WalmartQ11Meandkids#GameNightIn#ad\n",
        "score": "0"
    },
    {
        "tweet": "169RT@dawnchats: Q11: Whowillbeheadingto@WalmartthisweekendtostockuponM&amp;Ms&amp;Hasbrogames?#GameNightIn#ad\n",
        "score": "0"
    },
    {
        "tweet": "170@dawnchats@WalmartQ11: yesit'dbegreatforhotelstaysinbetweenourroadtrips!#GameNightIn\n",
        "score": "1"
    },
    {
        "tweet": "171@dawnchats@WalmartA11Whowouldn't?LOLIamgame!!!!#GameNightIn\n",
        "score": "0"
    },
    {
        "tweet": "172RT@JC_Oneal21: Whenwalmartwon'thireyouhttps: //t.co/2FzFlyHfeS\n",
        "score": "0"
    },
    {
        "tweet": "173RT@dawnchats: Q11: Whowillbeheadingto@WalmartthisweekendtostockuponM&amp;Ms&amp;Hasbrogames?#GameNightIn#ad\n",
        "score": "0"
    },
    {
        "tweet": "174RT@___candiceee: @Kaylaaa_jneaakmslgirlany sowhereyoulive IjustliedandtoldhimIworkatWalmart??????\n",
        "score": "0"
    },
    {
        "tweet": "175@dawnchats@WalmartQ11I'mgoingtheretomorrow!#GameNightIn\n",
        "score": "0"
    },
    {
        "tweet": "176@dawnchats@WalmartQ11: IknowIam!#GameNightIn\n",
        "score": "0"
    },
    {
        "tweet": "177@dawnchats@WalmartQ11yes. soundslikeagreatplan.countmein!#GameNightIn\n",
        "score": "2"
    },
    {
        "tweet": "178@dawnchats@Walmarta11ifiwiniknowiwillbe#GameNightIn\n",
        "score": "1"
    },
    {
        "tweet": "179@dawnchats@WalmartQ11iwill!#GameNightIn\n",
        "score": "0"
    },
    {
        "tweet": "180Enter2#WinP&amp;G's125WalmartGiftCard#Giveaway-Pamperyourself!@blogwithmom@ProcterGamblehttp: //t.co/XOqidGlr7f\n",
        "score": "2"
    },
    {
        "tweet": "181Enterto#WINa125@walmartGC&amp;StockUP&amp;Saveon@ProcterGambleitemsat@ourkidsmomends4/27#Giveawayhttp: //t.co/UsgTwizjCz\n",
        "score": "1"
    },
    {
        "tweet": "182RT@dawnchats: Q11: Whowillbeheadingto@WalmartthisweekendtostockuponM&amp;Ms&amp;Hasbrogames?#GameNightIn#ad\n",
        "score": "0"
    },
    {
        "tweet": "183@dawnchats@Walmarta11meespeciallyifIwinagiftcard;-)#GameNightIn\n",
        "score": "1"
    },
    {
        "tweet": "184RT@dawnchats: Q11: Whowillbeheadingto@WalmartthisweekendtostockuponM&amp;Ms&amp;Hasbrogames?#GameNightIn#ad\n",
        "score": "0"
    },
    {
        "tweet": "185@thedomesticexec@dawnchats@WalmartA11me!I'mplanningabigpartyforMothersDay!Idoallthework!#GameNightIn\n",
        "score": "1"
    },
    {
        "tweet": "186@dawnchats@WalmartA11: mememe#GameNightIn\n",
        "score": "0"
    },
    {
        "tweet": "187@dawnchats@Walmart11.meeee!!!!!#GameNightIn\n",
        "score": "0"
    },
    {
        "tweet": "188RT@dawnchats: Q11: Whowillbeheadingto@WalmartthisweekendtostockuponM&amp;Ms&amp;Hasbrogames?#GameNightIn#ad\n",
        "score": "0"
    },
    {
        "tweet": "189@dawnchats@WalmartQ11Meandkids#GameNightIn#ad\n",
        "score": "0"
    },
    {
        "tweet": "190RT@dawnchats: Q11: Whowillbeheadingto@WalmartthisweekendtostockuponM&amp;Ms&amp;Hasbrogames?#GameNightIn#ad\n",
        "score": "0"
    },
    {
        "tweet": "191@dawnchats@WalmartQ11: yesit'dbegreatforhotelstaysinbetweenourroadtrips!#GameNightIn\n",
        "score": "1"
    },
    {
        "tweet": "192@dawnchats@WalmartA11Whowouldn't?LOLIamgame!!!!#GameNightIn\n",
        "score": "0"
    },
    {
        "tweet": "193RT@JC_Oneal21: Whenwalmartwon'thireyouhttps: //t.co/2FzFlyHfeS\n",
        "score": "0"
    },
    {
        "tweet": "194RT@dawnchats: Q11: Whowillbeheadingto@WalmartthisweekendtostockuponM&amp;Ms&amp;Hasbrogames?#GameNightIn#ad\n",
        "score": "0"
    },
    {
        "tweet": "195@dawnchats@WalmartA11imdefinitelygoing#GameNightIn\n",
        "score": "0"
    },
    {
        "tweet": "196@dawnchats@Walmartq11Me!!!#GameNightIn\n",
        "score": "0"
    },
    {
        "tweet": "197RT@dawnchats: Q11: Whowillbeheadingto@WalmartthisweekendtostockuponM&amp;Ms&amp;Hasbrogames?#GameNightIn#ad\n",
        "score": "0"
    },
    {
        "tweet": "198Enter2#WinP&amp;G's125WalmartGiftCard#Giveaway-Pamperyourself!@blogwithmom@ProcterGamblehttp: //t.co/XOqidGlr7f\n",
        "score": "2"
    },
    {
        "tweet": "199Enterto#WINa125@walmartGC&amp;StockUP&amp;Saveon@ProcterGambleitemsat@ourkidsmomends4/27#Giveawayhttp: //t.co/UsgTwizjCz\n",
        "score": "1"
    },
    {
        "tweet": "200RT@dawnchats: Q11: Whowillbeheadingto@WalmartthisweekendtostockuponM&amp;Ms&amp;Hasbrogames?#GameNightIn#ad\n",
        "score": "0"
    },
    {
        "tweet": "201@dawnchats@Walmarta11meespeciallyifIwinagiftcard;-)#GameNightIn\n",
        "score": "1"
    },
    {
        "tweet": "202RT@dawnchats: Q11: Whowillbeheadingto@WalmartthisweekendtostockuponM&amp;Ms&amp;Hasbrogames?#GameNightIn#ad\n",
        "score": "0"
    },
    {
        "tweet": "203@thedomesticexec@dawnchats@WalmartA11me!I'mplanningabigpartyforMothersDay!Idoallthework!#GameNightIn\n",
        "score": "1"
    },
    {
        "tweet": "204@dawnchats@WalmartA11: mememe#GameNightIn\n",
        "score": "0"
    },
    {
        "tweet": "205@dawnchats@Walmart11.meeee!!!!!#GameNightIn\n",
        "score": "0"
    },
    {
        "tweet": "206RT@dawnchats: Q11: Whowillbeheadingto@WalmartthisweekendtostockuponM&amp;Ms&amp;Hasbrogames?#GameNightIn#ad\n",
        "score": "0"
    },
    {
        "tweet": "207@dawnchats@WalmartQ11Meandkids#GameNightIn#ad\n",
        "score": "0"
    },
    {
        "tweet": "208RT@dawnchats: Q11: Whowillbeheadingto@WalmartthisweekendtostockuponM&amp;Ms&amp;Hasbrogames?#GameNightIn#ad\n",
        "score": "0"
    },
    {
        "tweet": "209@dawnchats@WalmartQ11: yesit'dbegreatforhotelstaysinbetweenourroadtrips!#GameNightIn\n",
        "score": "1"
    },
    {
        "tweet": "210RT@dawnchats: Q11: Whowillbeheadingto@WalmartthisweekendtostockuponM&amp;Ms&amp;Hasbrogames?#GameNightIn#ad\n",
        "score": "0"
    },
    {
        "tweet": "211@dawnchats@WalmartA11ImalwaysdownforsomeM&amp;Ms#GameNightIn\n",
        "score": "0"
    },
    {
        "tweet": "212@dawnchats@Walmarta11ME!!!#GameNightIn\n",
        "score": "0"
    },
    {
        "tweet": "213@dawnchats@WalmartA11imdefinitelygoing#GameNightIn\n",
        "score": "0"
    },
    {
        "tweet": "214@dawnchats@Walmartq11Me!!!#GameNightIn\n",
        "score": "0"
    },
    {
        "tweet": "215RT@dawnchats: Q11: Whowillbeheadingto@WalmartthisweekendtostockuponM&amp;Ms&amp;Hasbrogames?#GameNightIn#ad\n",
        "score": "0"
    },
    {
        "tweet": "216RT@dawnchats: Q11: Whowillbeheadingto@WalmartthisweekendtostockuponM&amp;Ms&amp;Hasbrogames?#GameNightIn#ad\n",
        "score": "0"
    },
    {
        "tweet": "217Enter2#WinP&amp;G's125WalmartGiftCard#Giveaway-Pamperyourself!@blogwithmom@ProcterGamblehttp: //t.co/XOqidGlr7f\n",
        "score": "2"
    },
    {
        "tweet": "218Enterto#WINa125@walmartGC&amp;StockUP&amp;Saveon@ProcterGambleitemsat@ourkidsmomends4/27#Giveawayhttp: //t.co/UsgTwizjCz\n",
        "score": "1"
    },
    {
        "tweet": "219RT@dawnchats: Q11: Whowillbeheadingto@WalmartthisweekendtostockuponM&amp;Ms&amp;Hasbrogames?#GameNightIn#ad\n",
        "score": "0"
    },
    {
        "tweet": "220@dawnchats@Walmarta11meespeciallyifIwinagiftcard;-)#GameNightIn\n",
        "score": "1"
    },
    {
        "tweet": "221RT@dawnchats: Q11: Whowillbeheadingto@WalmartthisweekendtostockuponM&amp;Ms&amp;Hasbrogames?#GameNightIn#ad\n",
        "score": "0"
    },
    {
        "tweet": "222@thedomesticexec@dawnchats@WalmartA11me!I'mplanningabigpartyforMothersDay!Idoallthework!#GameNightIn\n",
        "score": "1"
    },
    {
        "tweet": "223@dawnchats@WalmartA11: mememe#GameNightIn\n",
        "score": "0"
    },
    {
        "tweet": "224@dawnchats@Walmart11.meeee!!!!!#GameNightIn\n",
        "score": "0"
    },
    {
        "tweet": "225@dawnchats@Walmart#GameNightInA11: Definitelyme.Ithinkthekidswillloveit!\n",
        "score": "1"
    },
    {
        "tweet": "226@dawnchats@WalmartQ11Me#GameNightIn#ad\n",
        "score": "0"
    },
    {
        "tweet": "227RT@dawnchats: Q11: Whowillbeheadingto@WalmartthisweekendtostockuponM&amp;Ms&amp;Hasbrogames?#GameNightIn#ad\n",
        "score": "0"
    },
    {
        "tweet": "228@dawnchats@WalmartA11Me!LoveWalmartandM&amp;MsandHasbroareastapleinmyhouse.#GameNightIn#ad\n",
        "score": "1"
    },
    {
        "tweet": "229RT@dawnchats: Q11: Whowillbeheadingto@WalmartthisweekendtostockuponM&amp;Ms&amp;Hasbrogames?#GameNightIn#ad\n",
        "score": "0"
    },
    {
        "tweet": "230@dawnchats@WalmartA11ImalwaysdownforsomeM&amp;Ms#GameNightIn\n",
        "score": "0"
    },
    {
        "tweet": "231@dawnchats@Walmarta11ME!!!#GameNightIn\n",
        "score": "0"
    },
    {
        "tweet": "232@dawnchats@WalmartA11imdefinitelygoing#GameNightIn\n",
        "score": "0"
    },
    {
        "tweet": "233@dawnchats@Walmartq11Me!!!#GameNightIn\n",
        "score": "0"
    },
    {
        "tweet": "234RT@dawnchats: Q11: Whowillbeheadingto@WalmartthisweekendtostockuponM&amp;Ms&amp;Hasbrogames?#GameNightIn#ad\n",
        "score": "0"
    },
    {
        "tweet": "235RT@dawnchats: Q11: Whowillbeheadingto@WalmartthisweekendtostockuponM&amp;Ms&amp;Hasbrogames?#GameNightIn#ad\n",
        "score": "0"
    },
    {
        "tweet": "236Enter2#WinP&amp;G's125WalmartGiftCard#Giveaway-Pamperyourself!@blogwithmom@ProcterGamblehttp: //t.co/XOqidGlr7f\n",
        "score": "2"
    },
    {
        "tweet": "237Enterto#WINa125@walmartGC&amp;StockUP&amp;Saveon@ProcterGambleitemsat@ourkidsmomends4/27#Giveawayhttp: //t.co/UsgTwizjCz\n",
        "score": "1"
    },
    {
        "tweet": "238RT@dawnchats: Q11: Whowillbeheadingto@WalmartthisweekendtostockuponM&amp;Ms&amp;Hasbrogames?#GameNightIn#ad\n",
        "score": "0"
    },
    {
        "tweet": "239@dawnchats@Walmarta11meespeciallyifIwinagiftcard;-)#GameNightIn\n",
        "score": "1"
    },
    {
        "tweet": "240@dawnchats@WalmartQ11Me#GameNightIn\n",
        "score": "0"
    },
    {
        "tweet": "241Walmartlovelmao!!!\n",
        "score": "1"
    },
    {
        "tweet": "242RT@dawnchats: Q11: Whowillbeheadingto@WalmartthisweekendtostockuponM&amp;Ms&amp;Hasbrogames?#GameNightIn#ad\n",
        "score": "0"
    },
    {
        "tweet": "243RT@dawnchats: Q11: Whowillbeheadingto@WalmartthisweekendtostockuponM&amp;Ms&amp;Hasbrogames?#GameNightIn#ad\n",
        "score": "0"
    },
    {
        "tweet": "244RT@dawnchats: Q11: Whowillbeheadingto@WalmartthisweekendtostockuponM&amp;Ms&amp;Hasbrogames?#GameNightIn#ad\n",
        "score": "0"
    },
    {
        "tweet": "245@dawnchats@WalmartA11ME#GameNightIn\n",
        "score": "0"
    },
    {
        "tweet": "246@dawnchats@WalmartQ11me#GameNightIn#ad\n",
        "score": "0"
    },
    {
        "tweet": "247@dawnchats@Walmart#GameNightInA11: Definitelyme.Ithinkthekidswillloveit!\n",
        "score": "1"
    },
    {
        "tweet": "248@dawnchats@WalmartQ11Me#GameNightIn#ad\n",
        "score": "0"
    },
    {
        "tweet": "249RT@dawnchats: Q11: Whowillbeheadingto@WalmartthisweekendtostockuponM&amp;Ms&amp;Hasbrogames?#GameNightIn#ad\n",
        "score": "0"
    },
    {
        "tweet": "250@dawnchats@WalmartA11Me!LoveWalmartandM&amp;MsandHasbroareastapleinmyhouse.#GameNightIn#ad\n",
        "score": "1"
    },
    {
        "tweet": "251RT@dawnchats: Q11: Whowillbeheadingto@WalmartthisweekendtostockuponM&amp;Ms&amp;Hasbrogames?#GameNightIn#ad\n",
        "score": "0"
    },
    {
        "tweet": "252@dawnchats@WalmartA11ImalwaysdownforsomeM&amp;Ms#GameNightIn\n",
        "score": "0"
    },
    {
        "tweet": "253@dawnchats@Walmarta11ME!!!#GameNightIn\n",
        "score": "0"
    },
    {
        "tweet": "254@dawnchats@WalmartA11imdefinitelygoing#GameNightIn\n",
        "score": "0"
    },
    {
        "tweet": "255RT@dawnchats: Q11: Whowillbeheadingto@WalmartthisweekendtostockuponM&amp;Ms&amp;Hasbrogames?#GameNightIn#ad\n",
        "score": "0"
    },
    {
        "tweet": "256RT@dawnchats: Q11: Whowillbeheadingto@WalmartthisweekendtostockuponM&amp;Ms&amp;Hasbrogames?#GameNightIn#ad\n",
        "score": "0"
    }
]