[{
    "tweet": "\"text\":\"RT @Walmart: @MerazPauline Thanks for the mention! Please tag #WeSparkChange and share: https:\\/\\/t.co\\/jB7uCGuk8H.  -Zoe\"\n", 
    "score": "0"
},{
    "tweet": "\"text\":\"I liked S02E11 - Fashion of Last Week Tonight with John Oliver! \\n#gap #h&amp;m #walmart http:\\/\\/t.co\\/AJ3L69F2rH\"\n", 
    "score": "1"
},{
    "tweet": "\"text\":\"Drove to 3 publix &amp; 2 Walmart supercenters and still no Ben &amp; jerry's milk &amp; cookies ice cream wtf\"\n", 
    "score": "0"
},{
    "tweet": "\"text\":\"OH\n", 
    "score": "0"
},{
    "tweet": "\"text\":\"OH\n", 
    "score": "0"
},{
    "tweet": "\"text\":\"Hoy me tope un chiquito en Walmart....\\nY me dijo se\\u00f1or:\\n-Se\\u00f1or estoy perdido !!\\ny Yo le dije .... \\n-Yo llevo... http:\\/\\/t.co\\/dVavVhzg4Q\"\n", 
    "score": "0"
},{
    "tweet": "\"text\":\"Just seen Paris in Walmart!\"\n", 
    "score": "0"
},{
    "tweet": "\"text\":\"RT @darklightnjh: *wipes tears with walmart brand kleenex bc im so proud* http:\\/\\/t.co\\/zos8gUd1jT\"\n", 
    "score": "0"
},{
    "tweet": "\"text\":\"RT @darklightnjh: *wipes tears with walmart brand kleenex bc im so proud* http:\\/\\/t.co\\/zos8gUd1jT\"\n", 
    "score": "0"
},{
    "tweet": "\"text\":\"Hot guy at Walmart \\ud83d\\ude0d\\ud83d\\ude05\"\n", 
    "score": "1"
},{
    "tweet": "\"text\":\"Demetria McKinney (@demimckinney) and V103 giving away tickets o Funk Fest at Walmart - V103 - April\\u2026 https:\\/\\/t.co\\/SyyqpxccAB\"\n", 
    "score": "0"
},{
    "tweet": "\"text\":\"I just saw the most beautiful guy working at Walmart \\ud83d\\ude0d\"\n", 
    "score": "1"
},{
    "tweet": "\"text\":\"RT @2_insurance: Walmart Coupons and Coupon Codes for Wal Mart Online Store:  This website for the nation's f... http:\\/\\/t.co\\/XkaxBetPq0 #fi\\u2026\"\n", 
    "score": "0"
},{
    "tweet": "\"text\":\"I can def tell we are in KY... The lady that checked us out at Walmart had to be the dumbest person in the U.S.! #omg #stupidkentuckians\"\n", 
    "score": "0"
},{
    "tweet": "\"text\":\"EPIC Walmart Selfies http:\\/\\/t.co\\/Bh5ziLd0kG http:\\/\\/t.co\\/TdqfZQVnFj\"\n", 
    "score": "0"
},{
    "tweet": "\"text\":\"@MikeLucioMadeIt best buy\n", 
    "score": "1"
},{
    "tweet": "\"text\":\"I just checked in at Walmart Neighborhood Market with #mPLACES  Download today!  http:\\/\\/t.co\\/zhtCY2tdPo\"\n", 
    "score": "0"
},{
    "tweet": "\"text\":\"RT @darklightnjh: *wipes tears with walmart brand kleenex bc im so proud* http:\\/\\/t.co\\/zos8gUd1jT\"\n", 
    "score": "0"
},{
    "tweet": "\"text\":\"RT @MrsKathyKing: How I Use MyDataMyWay on Walmart Family Mobile http:\\/\\/t.co\\/7To3yfAUsY via @artsavesyou\"\n", 
    "score": "0"
},{
    "tweet": "\"text\":\"10 Reason Why Shane Is The Best Walmart Employee of All T... http:\\/\\/t.co\\/haXjVlpD88\"\n", 
    "score": "1"
},{
    "tweet": "\"text\":\"RT @CurlyHairedThug: I'm such a creep \\ud83d\\ude02\\ud83d\\ude02 I seen this cute dude at Walmart http:\\/\\/t.co\\/klr71bfqZ6\"\n", 
    "score": "0"
},{
    "tweet": "\"text\":\"Walmart targets climate-smart suppliers http:\\/\\/t.co\\/oDQCaZp98E by @MarcGunther via @corporateknight - #sustainability http:\\/\\/t.co\\/sLzp6BEGde\"\n", 
    "score": "1"
},{
    "tweet": "\"text\":\"Enter to #win a $25 @walmart #GiftCard @emilyreviewscom #giveaway Ends (5\\/5\\/2015) #GT #sweepstakes #contest http:\\/\\/t.co\\/ikayX0jj9W\"\n", 
    "score": "1"
},{
    "tweet": "\"text\":\"This fly in my car is going to be very disappointed when it ends up at Walmart.\"\n", 
    "score": "-2"
},{
    "tweet": "\"text\":\"I spend 90% of my time at Walmart walking down the wrong aisle.\"\n", 
    "score": "-1"
},{
    "tweet": "\"text\":\"@MackenzieGoodin I keep thinking about you walking into that thing in Walmart \\ud83d\\ude02\\ud83d\\ude02\\ud83d\\ude02\"\n", 
    "score": "0"
},{
    "tweet": "\"text\":\"@onthevraydar Like\n", 
    "score": "1"
},{
    "tweet": "\"text\":\"what's Walmart\"\n", 
    "score": "0"
},{
    "tweet": "\"text\":\"Walmart doesn't sell goldfish anymore.\"\n", 
    "score": "0"
},{
    "tweet": "\"text\":\"RT @car_loan_auto: Walmart Coupons and Coupon Codes for Wal Mart Online Store:  This website for the nation's f... http:\\/\\/t.co\\/3rYKsRkcsi #\\u2026\"\n", 
    "score": "0"
},{
    "tweet": "\"text\":\"Walmart Girls That Forgot to Put Clothes On http:\\/\\/t.co\\/dWanQjzavt http:\\/\\/t.co\\/1FS3jHYZ50\"\n", 
    "score": "0"
},{
    "tweet": "\"text\":\"RT @LoveMeNotThat: This Woman's Husband Got Banned From Walmart \\u2013 The Reasons Why Are Brilliant http:\\/\\/t.co\\/kelSFuXB2b\"\n", 
    "score": "1"
},{
    "tweet": "\"text\":\"RT @FrontRowMama: Shop @Walmart\n", 
    "score": "0"
},{
    "tweet": "\"text\":\"@AnyiLeon98 amo ir al walmart ..es mi mejor aliado para robarme cosas ..\"\n", 
    "score": "0"
},{
    "tweet": "\"text\":\"Want to go to a free zoo? Try Walmart.\"\n", 
    "score": "1"
},{
    "tweet": "\"text\":\"My dad got a new shift at Walmart and it starts at 3am..... I would honestly let my family go hungry I couldn't do it\"\n", 
    "score": "0"
},{
    "tweet": "\"text\":\"RT @FrontRowMama: Picking up our groceries for the week at @Walmart and helping to fight hunger. #WeSparkChange\\n\\nWhen\\u2026 https:\\/\\/t.co\\/mVssToz\\u2026\"\n", 
    "score": "1"
},{
    "tweet": "\"text\":\"Walmart Stores from Texas to Florida Close Today for 6 Months without Notice  http:\\/\\/t.co\\/BZtzgyWSca\"\n", 
    "score": "0"
},{
    "tweet": "\"text\":\"RT @credit_1: Tires\n", 
    "score": "0"
},{
    "tweet": "\"text\":\"VIDEO: Somalia is Open for Business \\u2013 Walmart of\\u00a0Africa http:\\/\\/t.co\\/5DqKDJXJzu\"\n", 
    "score": "0"
},{
    "tweet": "\"text\":\"I swear you Kant walk in Walmart n not find somebody you know\\ud83d\\ude2d\\ud83d\\ude2d\"\n", 
    "score": "0"
},{
    "tweet": "\"text\":\"Spent too much at Walmart \\ud83d\\ude29 lol as always\"\n", 
    "score": "0"
},{
    "tweet": "\"text\":\"Meanwhile At Walmart - 10 Photos That Will Make You LOL! http:\\/\\/t.co\\/gA83J5xLVL http:\\/\\/t.co\\/qvo9mTZWcc\"\n", 
    "score": "0"
},{
    "tweet": "\"text\":\"EPIC Walmart Selfies http:\\/\\/t.co\\/hq9UEJRMLz http:\\/\\/t.co\\/g5OdzachzH\"\n", 
    "score": "0"
},{
    "tweet": "\"text\":\"RT @Walmart: Fight Hunger! Buy specially marked items like Kraft Macaroni &amp; Cheese to help secure a meal. http:\\/\\/t.co\\/M47AZnMyTQ http:\\/\\/t.c\\u2026\"\n", 
    "score": "2"
},{
    "tweet": "\"text\":\"RT @jurassiraptor: Looks like there will be plenty of color variants in the #JurassicWorld Walmart exclusive mini dinos. http:\\/\\/t.co\\/o2Y70K\\u2026\"\n", 
    "score": "1"
},{
    "tweet": "\"text\":\"Smh everytime https:\\/\\/t.co\\/bNy47vGLeT\"\n", 
    "score": "0"
},{
    "tweet": "\"text\":\"Mi amiga se re produce para ir al walmart.. Ponete las zapatillas mamu\"\n", 
    "score": "0"
},{
    "tweet": "\"text\":\"#Walmart greeter #sketchbook https:\\/\\/t.co\\/Gpzlr6iuV2\"\n", 
    "score": "0"
},{
    "tweet": "\"text\":\"Mainstays Searcy Lane 6-pc. Padded Folding Patio Dining Set (Red) - 99.00\\ubd88 + P\\/U @ Walmart http:\\/\\/t.co\\/Xa4HBO8SD7\"\n", 
    "score": "0"
},{
    "tweet": "\"text\":\"Walking into Walmart is like entering an alternate universe... And feel like they are prideful of that.\"\n", 
    "score": "1"
},{
    "tweet": "\"text\":\"WalMart in Stephens City has a midget sink \\ud83d\\ude02\\ud83d\\udc4c\\ud83c\\udffc\"\n", 
    "score": "-2"
},{
    "tweet": "\"text\":\"Thoughts At Walmart: \\\"28 checkout lanes and one 1 is open...and I'm behind the person that is shopping like the world is about to end!\\\"\"\n", 
    "score": "1"
},{
    "tweet": "\"text\":\"@PrincessTowHoe it should say Walmart across he ass lmao\"\n", 
    "score": "0"
},{
    "tweet": "\"text\":\"Shoulda figured Walmart would classify a bandanna as fine jewelry.. #stayclassy\"\n", 
    "score": "1"
},{
    "tweet": "\"text\":\"Garcinia cambogia nama indonesia garcinia cambogia bought at walmart Garcinia cambogia nama indonesia garcinia... http:\\/\\/t.co\\/CzbKuJzae6\"\n", 
    "score": "0"
},{
    "tweet": "\"text\":\"It was nice to run into @MorganBuck838 in walmart today \\ud83d\\udc4d\\ud83d\\ude02\"\n", 
    "score": "1"
},{
    "tweet": "\"text\":\"RT @CSquadATL: Me when the cashier is scanning my #CiaraJackie album at Walmart http:\\/\\/t.co\\/mbQMw8arEs @ciara\"\n", 
    "score": "0"
},{
    "tweet": "\"text\":\"These right wing kooks telling people to have full tank of gas\n", 
    "score": "0"
},{
    "tweet": "\"text\":\"I'm at Walmart Supercenter in Devine\n", 
    "score": "0"
},{
    "tweet": "\"text\":\"RT @Andre_Zonn: Idk what to think or feel of this. When a random Asian lady appears outside of Walmart &amp; asks to touch my beard. http:\\/\\/t.c\\u2026\"\n", 
    "score": "0"
},{
    "tweet": "\"text\":\"In Walmart fukn wit people.... Lol https:\\/\\/t.co\\/Odlm4fmsKY\"\n", 
    "score": "0"
},{
    "tweet": "\"text\":\"Actual WALMART Crimes  (So Creepy You'll Never Want to Go There Again... http:\\/\\/t.co\\/xXiK1DiHHk\"\n", 
    "score": "-1"
},{
    "tweet": "\"text\":\"I have something that's target but I never went to Walmart but I think I've heard of it\"\n", 
    "score": "0"
},{
    "tweet": "\"text\":\"RT @INSURANCE_11: Walmart Coupons and Coupon Codes for Wal Mart Online Store:  This website for the nation's f... http:\\/\\/t.co\\/BNnENfJjnA #f\\u2026\"\n", 
    "score": "0"
},{
    "tweet": "\"text\":\"#CCOT Watch \\\"The Jade Helm - Walmart - ISIS - 3 Prong Attack - Invasion Plan\\\"\\nhttps:\\/\\/t.co\\/2gUZGLSqGc\"\n", 
    "score": "-1"
},{
    "tweet": "\"text\":\"https:\\/\\/t.co\\/lGElr35iE8\"\n", 
    "score": "0"
},{
    "tweet": "\"text\":\"I'm going to walmart in a few minutes....does this belt look OK with these sweat pants?\"\n", 
    "score": "0"
},{
    "tweet": "\"text\":\"taina explicando como chegar no walmart foi o ponto alto\"\n", 
    "score": "0"
},{
    "tweet": "\"text\":\"RT @tylortabit: Killian Rodriguez is alive and well. He works at Walmart.\"\n", 
    "score": "2"
},{
    "tweet": "\"text\":\"Meanwhile At Walmart - 10 Photos That Will Make You LOL! http:\\/\\/t.co\\/gRQ5V3yfep http:\\/\\/t.co\\/N4k2b0HFXO\"\n", 
    "score": "0"
},{
    "tweet": "\"text\":\"The Walmart by my house has a rating on Yelp so bad they literally don't answer the phone when you call their store\"\n", 
    "score": "-1"
},{
    "tweet": "\"text\":\"Amigo que chocaste conmigo en el walmart\n", 
    "score": "0"
},{
    "tweet": "\"text\":\"What does Walmart not have.\"\n", 
    "score": "0"
},{
    "tweet": "\"text\":\"RT @wildoats: An apple a day may keep the doctor away\n", 
    "score": "0"
},{
    "tweet": "\"text\":\"Wearing a sweater to WalMart was a baddddd idea\"\n", 
    "score": "0"
},{
    "tweet": "\"text\":\"Actual WALMART Crimes  (So Creepy You'll Never Want to Go There Again... http:\\/\\/t.co\\/DWTpU3LETa\"\n", 
    "score": "-1"
},{
    "tweet": "\"text\":\"Bo: where's the bandanas?\\nWalmart: in the jewelry area. \\nBo: of course Walmart would consider bandanas as fine jewelry \\ud83d\\ude02\\ud83d\\ude02\\ud83d\\ude02 @Bo_tyler2\"\n", 
    "score": "1"
},{
    "tweet": "\"text\":\"I just checked in at Walmart Supercenter with #mPLACES  Download today!  http:\\/\\/t.co\\/GQGqnL0FFb\"\n", 
    "score": "0"
},{
    "tweet": "\"text\":\"I'm making lemonade from all these lemons life gave me. \\n\\nActually\n", 
    "score": "0"
},{
    "tweet": "\"text\":\"Seaboard st &amp; carolina forest walmart http:\\/\\/t.co\\/jPCnSBIGAy\"\n", 
    "score": "0"
},{
    "tweet": "\"text\":\"RT @FallyVega: I spend too much at Walmart \\ud83d\\ude2d always buying stuff I don't need\"\n", 
    "score": "0"
},{
    "tweet": "\"text\":\"RT @Harry_Styles: Happy Mothers Day!! get down to walmart TODAY and get the album with special pack of specialness! It's pretty special..\"\n", 
    "score": "2"
},{
    "tweet": "\"text\":\"#Deal #Fatwallet Logitech K120 Wired USB Keyboard - $5.59 + P\\/U @ Walmart: Rating: 0 Posted By: st4rdust Views...  http:\\/\\/t.co\\/cDyRe9FKEM\"\n", 
    "score": "0"
},{
    "tweet": "\"text\":\"@Walmart\n", 
    "score": "0"
},{
    "tweet": "\"text\":\"RT @Bo_tyler2: Shoulda figured Walmart would classify a bandanna as fine jewelry.. #stayclassy\"\n", 
    "score": "1"
},{
    "tweet": "\"text\":\"#WIN a $15 @Walmart Gift Card for free dinner! @babylovingmama #giveaway #free #freebeef #helper #ad http:\\/\\/t.co\\/LSxq87Bzrh\"\n", 
    "score": "3"
},{
    "tweet": "\"text\":\"Just got whistled at by a Walmart employee lmao\"\n", 
    "score": "0"
},{
    "tweet": "\"text\":\"RT @2_insurance: Walmart Coupons and Coupon Codes for Wal Mart Online Store:  This website for the nation's f... http:\\/\\/t.co\\/XkaxBetPq0 #fi\\u2026\"\n", 
    "score": "0"
},{
    "tweet": "\"text\":\"@WalmartCanada You should remove the no overnight parking sign from edmonton south common walmart. Some campers have been there for weeks.\"\n", 
    "score": "0"
},{
    "tweet": "\"text\":\"90% of the people at Walmart freak me out\"\n", 
    "score": "-1"
},{
    "tweet": "\"text\":\"My uncle put out a movie and it's being played in the Walmart festival! aliafshar \\n\\nIt's under\\u2026 https:\\/\\/t.co\\/VTR8GmC7K9\"\n", 
    "score": "0"
},{
    "tweet": "\"text\":\"Can officially cross 'lose your keys and have a mental breakdown in walmart' off my bucket list\"\n", 
    "score": "-1"
},{
    "tweet": "\"text\":\"#Rogers: Dave Matthews Band Live On Stage at Walmart AMP - May  19\\n\\u25ba More: http:\\/\\/t.co\\/T7qfpThSB3\"\n", 
    "score": "0"
},{
    "tweet": "\"text\":\"RT @Harry_Styles: Happy Mothers Day!! get down to walmart TODAY and get the album with special pack of specialness! It's pretty special..\"\n", 
    "score": "2"
},{
    "tweet": "\"text\":\"@bre631989 is having a $25 Walmart GC #Giveaway! http:\\/\\/t.co\\/rM6OAuVEW2 Ends 5\\/19 http:\\/\\/t.co\\/j3VWH9wgMt\"\n", 
    "score": "0"
},{
    "tweet": "\"text\":\"I've never been to a Walmart in my whole life and I'm worried that if I go and don't see all that weird... http:\\/\\/t.co\\/tJ3IJ9v5iE\"\n", 
    "score": "-2"
},{
    "tweet": "\"text\":\"@Midas_Touch21 @Savagerita_ Sag with walmart draws on \\ud83d\\ude02\\ud83d\\ude02\\ud83d\\ude02\"\n", 
    "score": "-1"
},{
    "tweet": "\"text\":\"RT @crushonperrieee: Jerrie is Walmart and Camren is Gucci\\n\\nretweet for Walmart  \\nFave for Gucci http:\\/\\/t.co\\/42RDOBaAyz\"\n", 
    "score": "0"
},{
    "tweet": "\"text\":\"RT @AmandaHayley15: My life is about as organized as the $5 dollar DVD bin at walmart\"\n", 
    "score": "0"
},{
    "tweet": "\"text\":\"RT @THousewright: Bo: where's the bandanas?\\nWalmart: in the jewelry area. \\nBo: of course Walmart would consider bandanas as fine jewelry \\ud83d\\ude02\\ud83d\\ude02\\u2026\"\n", 
    "score": "1"
},{
    "tweet": "\"text\":\"Las donas del walmart son el paraiso\"\n", 
    "score": "0"
},{
    "tweet": "\"text\":\"RT @SavageLeiza: @Midas_Touch21 @Savagerita_ Sag with walmart draws on \\ud83d\\ude02\\ud83d\\ude02\\ud83d\\ude02\"\n", 
    "score": "-1"
},{
    "tweet": "\"text\":\"@pewdiepie Chinatown is like... Walmart on steroids.. Dat bitch has everything  https:\\/\\/t.co\\/g1bQAgqZrz\"\n", 
    "score": "0"
},{
    "tweet": "\"text\":\"Logitech K120 Wired USB Keyboard - $5.59 + P\\/U Walmart http:\\/\\/t.co\\/v44pGsUjsB #shopping #deals\"\n", 
    "score": "0"
},{
    "tweet": "\"text\":\"Thanks @Walmart\n", 
    "score": "0"
},{
    "tweet": "\"text\":\"RT @Jade_Helm: RT JC_Christian: Photo smuggled out of TX showing tunnels built under Walmart being used by our enemies #JadeHelm1\\u2026 http:\\/\\/t\\u2026\"\n", 
    "score": "-1"
},{
    "tweet": "\"text\":\"RT @jerbur12: It only takes $24 at your local Walmart to find a fresh outfit... I know @ochocinco would approve \\ud83d\\udc4c\\ud83c\\udffc\"\n", 
    "score": "2"
},{
    "tweet": "\"text\":\"Why tf everybody in Walmart rn \\ud83d\\ude02\\ud83d\\ude12\"\n", 
    "score": "0"
},{
    "tweet": "\"text\":\"RT @TiendeoMexico: \\u00a1APP GRATIS! S\\u00e9 el primero en enterarte de todas las ofertas de Walmart\n", 
    "score": "0"
},{
    "tweet": "\"text\":\"sittin here crying in the walmart parking lot yay\"\n", 
    "score": "1"
},{
    "tweet": "\"text\":\"Two Men Arrested and Tased for Standing in Walmart Parking Lot http:\\/\\/t.co\\/owYKM3FyT5 #policebrutality #stopit\"\n", 
    "score": "0"
},{
    "tweet": "\"text\":\"Improper photography discovered at Walmart\\u00a0store http:\\/\\/t.co\\/Q8w06t2sTu\"\n", 
    "score": "-1"
},{
    "tweet": "\"text\":\"Improper photography discovered at Walmart\\u00a0store http:\\/\\/t.co\\/Nfpz8g3TQv\"\n", 
    "score": "-1"
},{
    "tweet": "\"text\":\"Improper photography discovered at Walmart\\u00a0store http:\\/\\/t.co\\/ddnlsKkEbu\"\n", 
    "score": "-1"
},{
    "tweet": "\"text\":\"funny running into mcelroy @ walmart.\"\n", 
    "score": "-1"
},{
    "tweet": "\"text\":\"Walmart is looking for a #Online #Grocery Delivery Driver in #Ottawa\n", 
    "score": "0"
},{
    "tweet": "\"text\":\"@iCayluh Walmart got sum ;-)\"\n", 
    "score": "0"
},{
    "tweet": "\"text\":\"RT @AmandaHayley15: My life is about as organized as the $5 dollar DVD bin at walmart\"\n", 
    "score": "0"
},{
    "tweet": "\"text\":\"@StampStampede disruptive sure\n", 
    "score": "-1"
},{
    "tweet": "\"text\":\"Walked past a kid today at walmart..he was throwing a fit cause he had to get home and attack in war. Lol #ClashOfClans #thecocstruggle\"\n", 
    "score": "-1"
},{
    "tweet": "\"text\":\"@ThatRoadGuy @Walmart Sue them for attempted murder. :)\"\n", 
    "score": "-2"
},{
    "tweet": "\"text\":\"@cgak Same with Walmart and Costco\"\n", 
    "score": "0"
},{
    "tweet": "\"text\":\"L #CD #Music #TaylorSwift - We Are Never Ever Getting Back Together - CD! Walmart EXCLUSIVE! #eBay #Bestseller http:\\/\\/t.co\\/6R97iKd7gH\"\n", 
    "score": "0"
},{
    "tweet": "\"text\":\"@gigidamirna \\u00c9 ESSE MESMO!! Tem em qualquer lugar tipo Publix e Walmart?\"\n", 
    "score": "0"
},{
    "tweet": "\"text\":\"Toddler Kills Mom at Walmart  http:\\/\\/t.co\\/46GPB1zcxa http:\\/\\/t.co\\/FFMXx1vQeM\"\n", 
    "score": "-1"
},{
    "tweet": "\"text\":\"\\\"I don't shop at Walmart because of poor domestic\\/international labor standards.\\\" Sounds great--unless we find out you wear GAP jeans.\"\n", 
    "score": "0"
},{
    "tweet": "\"text\":\"We see everyone at walmart\\ud83d\\ude0f http:\\/\\/t.co\\/5OvU3ZgfWe\"\n", 
    "score": "0"
},{
    "tweet": "\"text\":\"@swtor_miner @Walmart They murdered my joy for Mango. Close enough.\"\n", 
    "score": "2"
},{
    "tweet": "\"text\":\"Celebratory beer for buying the last of my darkroom stuff today? Yes\n", 
    "score": "1"
},{
    "tweet": "\"text\":\"Walmart bathrooms are either full af or empty like whaat\"\n", 
    "score": "1"
},{
    "tweet": "\"text\":\"Get me the hell out of walmart\"\n", 
    "score": "-1"
},{
    "tweet": "\"text\":\"Printed off pictures at Walmart and this was randomly in the middle of them? \\ud83d\\ude39 http:\\/\\/t.co\\/HmzRGXlXoH\"\n", 
    "score": "-1"
},{
    "tweet": "\"text\":\"RT @grantlandis: Walmart  https:\\/\\/t.co\\/rgHOfeIXku\"\n", 
    "score": "0"
},{
    "tweet": "\"text\":\"@PiknikNSG @BLewak nope only in Walmart\"\n", 
    "score": "0"
},{
    "tweet": "\"text\":\"I just saw Mr. Krieg at Walmart.\"\n", 
    "score": "0"
},{
    "tweet": "\"text\":\"RT @Harry_Styles: Happy Mothers Day!! get down to walmart TODAY and get the album with special pack of specialness! It's pretty special..\"\n", 
    "score": "2"
},{
    "tweet": "\"text\":\"In Walmart lol \\ud83d\\ude02\\ud83d\\ude02\\ud83d\\ude02#yungdangdang #gotem #LOLVinez #unfriended #funnyvines #attenti... (Vine by @oso_unexpected) https:\\/\\/t.co\\/rpotWEPFpa\"\n", 
    "score": "0"
},{
    "tweet": "\"text\":\"I wanna go to walmart\"\n", 
    "score": "0"
},{
    "tweet": "\"text\":\"Saw my ex from 8th grade in Walmart. \\\"What's up track star I see you\\\"\\n\\ud83d\\ude0c\"\n", 
    "score": "0"
},{
    "tweet": "\"text\":\"Happy Birthday to my beautiful niece \\\"Myasia\\\" she just turned 3 folks my little model. @ Walmart\\u2026 https:\\/\\/t.co\\/OD9qwjmzYE\"\n", 
    "score": "2"
},{
    "tweet": "\"text\":\"Someone please start a business where I can text you what I need from Walmart and you bring it to my door I would pay so many pesos for that\"\n", 
    "score": "0"
},{
    "tweet": "\"text\":\"RT @tylerwardmusic: Retweet this to help fight world hunger! @Walmart will donate $10 to @FeedingAmerica for each retweet!  #WeSparkChange\"\n", 
    "score": "0"
},{
    "tweet": "\"text\":\"I hope my grandma get her Walmart card Wednesday \\ud83d\\ude02\\ud83d\\ude02\\ud83d\\ude02\"\n", 
    "score": "0"
},{
    "tweet": "\"text\":\"RT @LizzMaya: so there's a mariachi band in walmart\"\n", 
    "score": "0"
},{
    "tweet": "\"text\":\"@swtor_miner @ThatRoadGuy @Walmart I think manslaughter would be a better thing to say :)\"\n", 
    "score": "1"
},{
    "tweet": "\"text\":\"As if I needed another reason to stop shopping at Wal Mart #environment #walmart #documentary #earth https:\\/\\/t.co\\/MmJKAyq02H\"\n", 
    "score": "0"
},{
    "tweet": "\"text\":\"RT @SoutheastMidwes: Did you know Walmart is partnering with six brands to help donate meals? http:\\/\\/t.co\\/uMo1X53Zbp #WeSparkChange #Shop2G\\u2026\"\n", 
    "score": "0"
},{
    "tweet": "\"text\":\"I'm at @Walmart Supercenter in Raynham\n", 
    "score": "0"
},{
    "tweet": "\"text\":\"@ArchaicRebuttal so i was playing walmart hide and seek and i hid behind these paper towels and toilet paper stacks and i had to hide inside\"\n", 
    "score": "0"
},{
    "tweet": "\"text\":\"RT @darklightnjh: *wipes tears with walmart brand kleenex bc im so proud* http:\\/\\/t.co\\/zos8gUd1jT\"\n", 
    "score": "0"
},{
    "tweet": "\"text\":\"Now 54 comes out tomorrow. Anyone want to go to WalMart for the midnight release?\"\n", 
    "score": "0"
},{
    "tweet": "\"text\":\"Logitech Keyboard K120 Wired USB Keyboard $5.59 - Walmart Coupon http:\\/\\/t.co\\/yhjFn37HeL\"\n", 
    "score": "0"
},{
    "tweet": "\"text\":\"Shutout to WalMart for making me pay extra for \\\"any shoes sizes 11 and up\\\"\"\n", 
    "score": "0"
},{
    "tweet": "\"text\":\"RT @FingDuck: \\\"DADDY\n", 
    "score": "0"
},{
    "tweet": "\"text\":\"@Walmart @hhgregg @Target @BestBuy  https:\\/\\/t.co\\/umCafnaGOn\"\n", 
    "score": "0"
},{
    "tweet": "\"text\":\"So today I looked over at Walmart and saw this old couple. And then that car! 1) long relationship 2) sexy car GOALS\\ud83d\\ude0d http:\\/\\/t.co\\/in3LwF5O2e\"\n", 
    "score": "1"
},{
    "tweet": "\"text\":\"@Walmart hello. I just got back from the chehalis Walmart and Derek in electronics was incredible help. Please pass this along.\"\n", 
    "score": "1"
},{
    "tweet": "\"text\":\"@__terryann popeyes and walmart !\"\n", 
    "score": "0"
},{
    "tweet": "\"text\":\"@GhostMirror @swtor_miner @Walmart Mangoslaughter.\"\n", 
    "score": "0"
},{
    "tweet": "\"text\":\"The best thing about going to #Walmart..being able to dress like the #PeopleofWalmart and not care. #Noshame\"\n", 
    "score": "2"
},{
    "tweet": "\"text\":\"Enter to #win a $25 @walmart #GiftCard @emilyreviewscom #giveaway Ends (5\\/5\\/2015) #GT #sweepstakes #contest http:\\/\\/t.co\\/KrKfqDoliE\"\n", 
    "score": "1"
},{
    "tweet": "\"text\":\"Seeing the people at Walmart makes me feel better about myself.\"\n", 
    "score": "1"
},{
    "tweet": "\"text\":\"11 bags at Walmart cost me $213 \\ud83d\\ude10\"\n", 
    "score": "0"
},{
    "tweet": "\"text\":\"@ThatRoadGuy @GhostMirror @Walmart Many mangos died to bring us these plans.\"\n", 
    "score": "-1"
},{
    "tweet": "\"text\":\"Two #victims report #sexual exposure incidents at local Walmart stores - May 3 @ 6:04 PM ET http:\\/\\/t.co\\/2yzgK7c5m4\"\n", 
    "score": "0"
},{
    "tweet": "\"text\":\"@ArchaicRebuttal ANNIHILATES MY BARRICADE AND I SCREAM ON TOP OF MY FUCKING LUNGS and i got kicked out of walmart\"\n", 
    "score": "-1"
},{
    "tweet": "\"text\":\"Logitech K120 Wired USB Keyboard - $5.59 + P\\/U @ Walmart [03 May 2015]: Rating: 0 Posted By: st4rdust Views: 2... http:\\/\\/t.co\\/tC6CeKu4K8\"\n", 
    "score": "0"
},{
    "tweet": "\"text\":\"So tired I went into Walmart and left my purse in the car. This is my people of Walmart tweet.\"\n", 
    "score": "-1"
},{
    "tweet": "\"text\":\"I entered to win a #TurboTime Bundle (incl. $50 Walmart GC &amp; @Tide HE Turbo) via @adomesticmomma &amp; U can too! #PGMom http:\\/\\/t.co\\/ktjpgL0tHw\"\n", 
    "score": "1"
},{
    "tweet": "\"text\":\"Me n the birthday girl take pics cause we cute \\ud83d\\udc8b\\ud83d\\udc8b\\ud83d\\udc8b\\ud83d\\udc8b @ Walmart Rochester - Hudson Ave https:\\/\\/t.co\\/WrFLRNWSEi\"\n", 
    "score": "1"
},{
    "tweet": "\"text\":\"I entered to win a #TurboTime Bundle (incl. $50 Walmart GC &amp; @Tide HE Turbo) via @adomesticmomma &amp; U can too! #PGMom http:\\/\\/t.co\\/xd5g3NDPAE\"\n", 
    "score": "1"
},{
    "tweet": "\"text\":\"Mainstays Searcy Lane 6-pc. Padded Folding Patio Dining Set (Red) - $99.00 + P\\/U @ Walmart -... http:\\/\\/t.co\\/vi5N5Q1TRI\"\n", 
    "score": "0"
},{
    "tweet": "\"text\":\"Logitech K120 Wired USB Keyboard - $5.59 + P\\/U @ Walmart - http:\\/\\/t.co\\/HoxeeVbiXy http:\\/\\/t.co\\/DwNV6xr0Up\"\n", 
    "score": "0"
},{
    "tweet": "\"text\":\"I. Hate. Walmart.\"\n", 
    "score": "-1"
},{
    "tweet": "\"text\":\"RT @salynna204: Kirklin just opened donuts in Walmart\n", 
    "score": "0"
},{
    "tweet": "\"text\":\"@nivelcondebella esto de casualidad no seria en el shoping de avellaneda el walmart..\"\n", 
    "score": "0"
},{
    "tweet": "\"text\":\"When I'm having a shitty day sometimes I go to WalMart and just smile and show off my teeth.\"\n", 
    "score": "1"
},{
    "tweet": "\"text\":\"This is how we do! \\ud83d\\udc4a\\ud83d\\udc4a\\ud83d\\udc4a https:\\/\\/t.co\\/uh8ydFC483\"\n", 
    "score": "0"
},{
    "tweet": "\"text\":\"RT @thecommonseshow: All Jade Helm Roads Lead to Midland\n", 
    "score": "1"
},{
    "tweet": "\"text\":\"RT @ddlovato: You can now get @mysecretcolor at @Walmart!!! #SecretColor \\ud83d\\ude1c\\ud83d\\udc86\\ud83d\\udc97\\ud83d\\udc9c\\ud83d\\udc99 http:\\/\\/t.co\\/liGRGRnmWn\"\n", 
    "score": "0"
},{
    "tweet": "\"text\":\"RT @stephen_grider: I spend 90% of my time at Walmart walking down the wrong aisle.\"\n", 
    "score": "-1"
},{
    "tweet": "\"text\":\"Walking around Princeton's Walmart like its a foreign country\"\n", 
    "score": "1"
},{
    "tweet": "\"text\":\"RT @LizzMaya: so there's a mariachi band in walmart\"\n", 
    "score": "0"
},{
    "tweet": "\"text\":\"Women Flashing at Walmart! http:\\/\\/t.co\\/k7jQBLMhYN http:\\/\\/t.co\\/rRtNJWDCqq\"\n", 
    "score": "0"
},{
    "tweet": "\"text\":\"I'm in the parking lot @ walmart and I just saw this \\ud83d\\udc80\\ud83d\\udc80 http:\\/\\/t.co\\/APWKSKyO4J\"\n", 
    "score": "0"
},{
    "tweet": "\"text\":\"My baby is getting ultra protection at an ultra value with new Huggies Snug &amp; Dry Ultra @Walmart! https:\\/\\/t.co\\/4M1ZLI1afA #sp #UltraHug\"\n", 
    "score": "1"
},{
    "tweet": "\"text\":\"You've been struck by a #SmoothCriminal #newmusic @UnityTribute is now available at @Walmart! http:\\/\\/t.co\\/oonpmCnkh8\"\n", 
    "score": "0"
},{
    "tweet": "\"text\":\"RT @vps_hosting_vds: Tires\n", 
    "score": "0"
},{
    "tweet": "\"text\":\"RT @_TiniaAdjanea: @Tae_Tiggy was you in Walmart yesterday ?\"\n", 
    "score": "0"
},{
    "tweet": "\"text\":\"They on sale at Walmart too \\ud83d\\ude0f\"\n", 
    "score": "0"
},{
    "tweet": "\"text\":\"FREE $10 Gift Card-STILL AVAILABLE!\\nChoose Target-Macys-WalMart!\\n-\\u25ba-\\u25bahttp:\\/\\/t.co\\/puNVDFICNK\"\n", 
    "score": "2"
},{
    "tweet": "\"text\":\"RT @car_loan_auto: Walmart Coupons and Coupon Codes for Wal Mart Online Store:  This website for the nation's f... http:\\/\\/t.co\\/3rYKsRkcsi #\\u2026\"\n", 
    "score": "0"
},{
    "tweet": "\"text\":\"RT @realestate_3: Walmart Coupons and Coupon Codes for Wal Mart Online Store:  This website for the nation's f... http:\\/\\/t.co\\/ij3bJ0VIRa #f\\u2026\"\n", 
    "score": "0"
},{
    "tweet": "\"text\":\"@sssaaammmm_ I mean.. I would appreciate you continuing to follow me on twitter. But the stalking at walmart can stop \\ud83d\\ude02\"\n", 
    "score": "1"
},{
    "tweet": "\"text\":\"God bless anyone who sees me in Walmart right now\"\n", 
    "score": "2"
},{
    "tweet": "\"text\":\"This crazy bitch just eyed me down in the Walmart parking lot for walking with my little sisters.\"\n", 
    "score": "-2"
},{
    "tweet": "\"text\":\"Target &gt;&gt;&gt;&gt;&gt; Walmart\"\n", 
    "score": "0"
},{
    "tweet": "\"text\":\"i want jilly to passionately lick Marty Walsh's toes while quoting George Bush to me in the middle of walmart\"\n", 
    "score": "1"
},{
    "tweet": "\"text\":\"@Takealltheseats @justinLAtive faded glory from Walmart\"\n", 
    "score": "1"
},{
    "tweet": "\"text\":\"@iSteezWithEase is it the one by walmart?\"\n", 
    "score": "0"
},{
    "tweet": "\"text\":\"@NicGro_15 how many times do I have to tell you to keep your clothes on https:\\/\\/t.co\\/o5SsZedxxY\"\n", 
    "score": "0"
},{
    "tweet": "\"text\":\"Apparently \\\"it's nice out\\\" is code for \\\"bring your entire family to Walmart\\\". #CrazyTown\"\n", 
    "score": "1"
},{
    "tweet": "\"text\":\"When you play someone on FIFA with shitty connection it pisses me off like fuck where you be playing at? Walmart smfh\"\n", 
    "score": "0"
},{
    "tweet": "\"text\":\"RT @crushonperrieee: Jerrie is Walmart and Camren is Gucci\\n\\nretweet for Walmart  \\nFave for Gucci http:\\/\\/t.co\\/42RDOBaAyz\"\n", 
    "score": "0"
},{
    "tweet": "\"text\":\"Don't go to Walmart in Raytown.\"\n", 
    "score": "0"
},{
    "tweet": "\"text\":\"\\\"My drinking's not out of control\n", 
    "score": "0"
},{
    "tweet": "\"text\":\"Danger in Walmart's Parking Lot \\u2022 Walmart: The High Cost of Low Price \\u2022 Part 9 \\u2022 BRAVE NEW FILMS http:\\/\\/t.co\\/minLdomqAB\"\n", 
    "score": "0"
},{
    "tweet": "\"text\":\"RT @Grabea2010: ESTE PERRITO JOVEN MACHO APARECIO HACE UN MES EN EL WALMART DE VILLA PUEYRREDON\n", 
    "score": "0"
},{
    "tweet": "\"text\":\"DAMN STRAIGHT https:\\/\\/t.co\\/IFRSOGbxGM\"\n", 
    "score": "-1"
},{
    "tweet": "\"text\":\"Mood https:\\/\\/t.co\\/wOKo8j46az\"\n", 
    "score": "0"
},{
    "tweet": "\"text\":\"@ConnorFranta they're  at Walmart\"\n", 
    "score": "0"
},{
    "tweet": "\"text\":\"@Caitlinemily_ in Walmart?\"\n", 
    "score": "0"
},{
    "tweet": "\"text\":\"@____Keezy but I'm a junky \\ud83d\\ude02 I'm gone bitch. I just found out Walmart sell them by the register for $5 and I be paying $15 at Walgreens \\ud83d\\ude12\"\n", 
    "score": "-2"
},{
    "tweet": "\"text\":\"Why am I being forced to go to Walmart \\ud83d\\ude15 like bitch if I can't go somewhere I want to go to then I'm not going anywhere else\"\n", 
    "score": "0"
},{
    "tweet": "\"text\":\"Just encountered random boy from freshman year gym class in Walmart and he asked for a hug #no0Oo\"\n", 
    "score": "1"
},{
    "tweet": "\"text\":\"@NoirishVitriol \\/ O HYMGDOHFBMS are u banned from walmart\"\n", 
    "score": "0"
},{
    "tweet": "\"text\":\"@imakitttykat yea you told me to look at it durning golf and I'll ask my mom about you comin oebr in walmart\"\n", 
    "score": "0"
},{
    "tweet": "\"text\":\"Peeping Tom at Walmart http:\\/\\/t.co\\/rHAogxnuqk http:\\/\\/t.co\\/HvWZvQ8rxS\"\n", 
    "score": "0"
},{
    "tweet": "\"text\":\"RT @benadryI: summer goal #21: throw my ass in a circle to 'Legend' by Drake in a Walmart parking lot\"\n", 
    "score": "0"
},{
    "tweet": "\"text\":\"College is like a walmart of people\"\n", 
    "score": "1"
},{
    "tweet": "\"text\":\"RT @tylerwardmusic: Retweet this to help fight world hunger! @Walmart will donate $10 to @FeedingAmerica for each retweet!  #WeSparkChange\"\n", 
    "score": "0"
},{
    "tweet": "\"text\":\"RT @CurlyHairedThug: I'm such a creep \\ud83d\\ude02\\ud83d\\ude02 I seen this cute dude at Walmart http:\\/\\/t.co\\/klr71bfqZ6\"", 
    "score": "0"
}]