{"created_at": "Sun Apr 26 06:43:45 +0000 2015"}{"created_at": "Sun Apr 26 06:43:34 +0000 2015"}{"created_at": "Sun Apr 26 06:43:17 +0000 2015"}{"created_at": "Sun Apr 26 06:42:48 +0000 2015"}{"created_at": "Sun Apr 26 06:39:59 +0000 2015"}{"created_at": "Sun Apr 26 06:39:33 +0000 2015"}{"created_at": "Sun Apr 26 06:39:29 +0000 2015"}{"created_at": "Sun Apr 26 06:37:59 +0000 2015"}{"created_at": "Sun Apr 26 06:37:00 +0000 2015"}{"created_at": "Sun Apr 26 06:35:57 +0000 2015"}{"created_at": "Sun Apr 26 06:35:55 +0000 2015"}{"created_at": "Sun Apr 26 06:34:39 +0000 2015"}{"created_at": "Sun Apr 26 06:33:08 +0000 2015"}{"created_at": "Sun Apr 26 06:32:51 +0000 2015"}{"created_at": "Sun Apr 26 06:31:48 +0000 2015"}{"created_at": "Sun Apr 26 06:43:45 +0000 2015"}{"created_at": "Sun Apr 26 06:43:34 +0000 2015"}{"created_at": "Sun Apr 26 06:43:17 +0000 2015"}{"created_at": "Sun Apr 26 06:42:48 +0000 2015"}{"created_at": "Sun Apr 26 06:39:59 +0000 2015"}{"created_at": "Sun Apr 26 06:39:33 +0000 2015"}{"created_at": "Sun Apr 26 06:39:29 +0000 2015"}{"created_at": "Sun Apr 26 06:37:59 +0000 2015"}{"created_at": "Sun Apr 26 06:37:00 +0000 2015"}{"created_at": "Sun Apr 26 06:35:57 +0000 2015"}{"created_at": "Sun Apr 26 06:35:55 +0000 2015"}{"created_at": "Sun Apr 26 06:34:39 +0000 2015"}{"created_at": "Sun Apr 26 06:33:08 +0000 2015"}{"created_at": "Sun Apr 26 06:32:51 +0000 2015"}{"created_at": "Sun Apr 26 06:43:45 +0000 2015"}{"created_at": "Sun Apr 26 06:43:34 +0000 2015"}{"created_at": "Sun Apr 26 06:43:17 +0000 2015"}{"created_at": "Sun Apr 26 06:42:48 +0000 2015"}{"created_at": "Sun Apr 26 06:39:59 +0000 2015"}{"created_at": "Sun Apr 26 06:39:33 +0000 2015"}{"created_at": "Sun Apr 26 06:39:29 +0000 2015"}{"created_at": "Sun Apr 26 06:37:59 +0000 2015"}{"created_at": "Sun Apr 26 06:37:00 +0000 2015"}{"created_at": "Sun Apr 26 06:35:57 +0000 2015"}{"created_at": "Sun Apr 26 06:35:55 +0000 2015"}{"created_at": "Sun Apr 26 06:34:39 +0000 2015"}{"created_at": "Sun Apr 26 06:33:08 +0000 2015"}{"created_at": "Sun Apr 26 06:44:34 +0000 2015"}{"created_at": "Sun Apr 26 06:43:45 +0000 2015"}{"created_at": "Sun Apr 26 06:43:34 +0000 2015"}{"created_at": "Sun Apr 26 06:43:17 +0000 2015"}{"created_at": "Sun Apr 26 06:42:48 +0000 2015"}{"created_at": "Sun Apr 26 06:39:59 +0000 2015"}{"created_at": "Sun Apr 26 06:39:33 +0000 2015"}{"created_at": "Sun Apr 26 06:39:29 +0000 2015"}{"created_at": "Sun Apr 26 06:37:59 +0000 2015"}{"created_at": "Sun Apr 26 06:37:00 +0000 2015"}{"created_at": "Sun Apr 26 06:35:57 +0000 2015"}{"created_at": "Sun Apr 26 06:35:55 +0000 2015"}{"created_at": "Sun Apr 26 06:34:39 +0000 2015"}{"created_at": "Sun Apr 26 06:44:34 +0000 2015"}{"created_at": "Sun Apr 26 06:43:45 +0000 2015"}{"created_at": "Sun Apr 26 06:43:34 +0000 2015"}{"created_at": "Sun Apr 26 06:43:17 +0000 2015"}{"created_at": "Sun Apr 26 06:42:48 +0000 2015"}{"created_at": "Sun Apr 26 06:39:59 +0000 2015"}{"created_at": "Sun Apr 26 06:39:33 +0000 2015"}{"created_at": "Sun Apr 26 06:39:29 +0000 2015"}{"created_at": "Sun Apr 26 06:37:59 +0000 2015"}{"created_at": "Sun Apr 26 06:37:00 +0000 2015"}{"created_at": "Sun Apr 26 06:35:57 +0000 2015"}{"created_at": "Sun Apr 26 06:35:55 +0000 2015"}{"created_at": "Sun Apr 26 06:44:34 +0000 2015"}{"created_at": "Sun Apr 26 06:43:45 +0000 2015"}{"created_at": "Sun Apr 26 06:43:34 +0000 2015"}{"created_at": "Sun Apr 26 06:43:17 +0000 2015"}{"created_at": "Sun Apr 26 06:42:48 +0000 2015"}{"created_at": "Sun Apr 26 06:39:59 +0000 2015"}{"created_at": "Sun Apr 26 06:39:33 +0000 2015"}{"created_at": "Sun Apr 26 06:39:29 +0000 2015"}{"created_at": "Sun Apr 26 06:37:59 +0000 2015"}{"created_at": "Sun Apr 26 06:37:00 +0000 2015"}{"created_at": "Sun Apr 26 06:35:57 +0000 2015"}{"created_at": "Sun Apr 26 06:44:34 +0000 2015"}{"created_at": "Sun Apr 26 06:43:45 +0000 2015"}{"created_at": "Sun Apr 26 06:43:34 +0000 2015"}{"created_at": "Sun Apr 26 06:43:17 +0000 2015"}{"created_at": "Sun Apr 26 06:42:48 +0000 2015"}{"created_at": "Sun Apr 26 06:39:59 +0000 2015"}{"created_at": "Sun Apr 26 06:39:33 +0000 2015"}{"created_at": "Sun Apr 26 06:39:29 +0000 2015"}{"created_at": "Sun Apr 26 06:37:59 +0000 2015"}{"created_at": "Sun Apr 26 06:37:00 +0000 2015"}{"created_at": "Sun Apr 26 06:44:34 +0000 2015"}{"created_at": "Sun Apr 26 06:43:45 +0000 2015"}{"created_at": "Sun Apr 26 06:43:34 +0000 2015"}{"created_at": "Sun Apr 26 06:43:17 +0000 2015"}{"created_at": "Sun Apr 26 06:42:48 +0000 2015"}{"created_at": "Sun Apr 26 06:39:59 +0000 2015"}{"created_at": "Sun Apr 26 06:39:33 +0000 2015"}{"created_at": "Sun Apr 26 06:39:29 +0000 2015"}{"created_at": "Sun Apr 26 06:37:59 +0000 2015"}{"created_at": "Sun Apr 26 06:44:34 +0000 2015"}{"created_at": "Sun Apr 26 06:43:45 +0000 2015"}{"created_at": "Sun Apr 26 06:43:34 +0000 2015"}{"created_at": "Sun Apr 26 06:43:17 +0000 2015"}{"created_at": "Sun Apr 26 06:42:48 +0000 2015"}{"created_at": "Sun Apr 26 06:39:59 +0000 2015"}{"created_at": "Sun Apr 26 06:39:33 +0000 2015"}{"created_at": "Sun Apr 26 06:39:29 +0000 2015"}{"created_at": "Sun Apr 26 06:44:34 +0000 2015"}{"created_at": "Sun Apr 26 06:43:45 +0000 2015"}{"created_at": "Sun Apr 26 06:43:34 +0000 2015"}{"created_at": "Sun Apr 26 06:43:17 +0000 2015"}{"created_at": "Sun Apr 26 06:42:48 +0000 2015"}{"created_at": "Sun Apr 26 06:39:59 +0000 2015"}{"created_at": "Sun Apr 26 06:39:33 +0000 2015"}{"created_at": "Sun Apr 26 06:44:34 +0000 2015"}{"created_at": "Sun Apr 26 06:43:45 +0000 2015"}{"created_at": "Sun Apr 26 06:43:34 +0000 2015"}{"created_at": "Sun Apr 26 06:43:17 +0000 2015"}{"created_at": "Sun Apr 26 06:42:48 +0000 2015"}{"created_at": "Sun Apr 26 06:39:59 +0000 2015"}{"created_at": "Sun Apr 26 06:44:34 +0000 2015"}{"created_at": "Sun Apr 26 06:43:45 +0000 2015"}{"created_at": "Sun Apr 26 06:43:34 +0000 2015"}{"created_at": "Sun Apr 26 06:43:17 +0000 2015"}{"created_at": "Sun Apr 26 06:42:48 +0000 2015"}{"created_at": "Sun Apr 26 06:44:34 +0000 2015"}{"created_at": "Sun Apr 26 06:43:45 +0000 2015"}{"created_at": "Sun Apr 26 06:43:34 +0000 2015"}{"created_at": "Sun Apr 26 06:43:17 +0000 2015"}{"created_at": "Sun Apr 26 06:44:34 +0000 2015"}{"created_at": "Sun Apr 26 06:43:45 +0000 2015"}{"created_at": "Sun Apr 26 06:43:34 +0000 2015"}{"created_at": "Sun Apr 26 06:44:34 +0000 2015"}{"created_at": "Sun Apr 26 06:43:45 +0000 2015"}{"created_at": "Sun Apr 26 06:44:34 +0000 2015"}{"created_at": "Sun Apr 26 06:46:44 +0000 2015"}{"created_at": "Sun Apr 26 06:47:03 +0000 2015"}{"created_at": "Sun Apr 26 06:48:27 +0000 2015"}{"created_at": "Sun Apr 26 06:48:18 +0000 2015"}{"created_at": "Sun Apr 26 06:48:27 +0000 2015"}{"created_at": "Sun Apr 26 06:48:38 +0000 2015"}{"created_at": "Sun Apr 26 06:49:08 +0000 2015"}{"created_at": "Sun Apr 26 06:49:26 +0000 2015"}{"created_at": "Sun Apr 26 06:49:55 +0000 2015"}{"created_at": "Sun Apr 26 06:50:10 +0000 2015"}{"created_at": "Sun Apr 26 06:50:27 +0000 2015"}{"created_at": "Sun Apr 26 06:51:45 +0000 2015"}{"created_at": "Sun Apr 26 06:52:53 +0000 2015"}{"created_at": "Sun Apr 26 06:54:02 +0000 2015"}{"created_at": "Sun Apr 26 07:01:10 +0000 2015"}{"created_at": "Sun Apr 26 07:01:07 +0000 2015"}{"created_at": "Sun Apr 26 07:01:06 +0000 2015"}{"created_at": "Sun Apr 26 07:01:06 +0000 2015"}{"created_at": "Sun Apr 26 07:01:06 +0000 2015"}{"created_at": "Sun Apr 26 07:01:05 +0000 2015"}{"created_at": "Sun Apr 26 07:01:05 +0000 2015"}{"created_at": "Sun Apr 26 07:01:05 +0000 2015"}{"created_at": "Sun Apr 26 07:01:05 +0000 2015"}{"created_at": "Sun Apr 26 07:01:05 +0000 2015"}{"created_at": "Sun Apr 26 07:01:05 +0000 2015"}{"created_at": "Sun Apr 26 07:01:05 +0000 2015"}{"created_at": "Sun Apr 26 07:01:05 +0000 2015"}{"created_at": "Sun Apr 26 07:01:05 +0000 2015"}{"created_at": "Sun Apr 26 07:01:05 +0000 2015"}{"created_at": "Sun Apr 26 07:01:10 +0000 2015"}{"created_at": "Sun Apr 26 07:01:07 +0000 2015"}{"created_at": "Sun Apr 26 07:01:06 +0000 2015"}{"created_at": "Sun Apr 26 07:01:06 +0000 2015"}{"created_at": "Sun Apr 26 07:01:06 +0000 2015"}{"created_at": "Sun Apr 26 07:01:05 +0000 2015"}{"created_at": "Sun Apr 26 07:01:05 +0000 2015"}{"created_at": "Sun Apr 26 07:01:05 +0000 2015"}{"created_at": "Sun Apr 26 07:01:05 +0000 2015"}{"created_at": "Sun Apr 26 07:01:05 +0000 2015"}{"created_at": "Sun Apr 26 07:01:05 +0000 2015"}{"created_at": "Sun Apr 26 07:01:05 +0000 2015"}{"created_at": "Sun Apr 26 07:01:05 +0000 2015"}{"created_at": "Sun Apr 26 07:01:05 +0000 2015"}{"created_at": "Sun Apr 26 07:01:10 +0000 2015"}{"created_at": "Sun Apr 26 07:01:07 +0000 2015"}{"created_at": "Sun Apr 26 07:01:06 +0000 2015"}{"created_at": "Sun Apr 26 07:01:06 +0000 2015"}{"created_at": "Sun Apr 26 07:01:06 +0000 2015"}{"created_at": "Sun Apr 26 07:01:05 +0000 2015"}{"created_at": "Sun Apr 26 07:01:05 +0000 2015"}{"created_at": "Sun Apr 26 07:01:05 +0000 2015"}{"created_at": "Sun Apr 26 07:01:05 +0000 2015"}{"created_at": "Sun Apr 26 07:01:05 +0000 2015"}{"created_at": "Sun Apr 26 07:01:05 +0000 2015"}{"created_at": "Sun Apr 26 07:01:05 +0000 2015"}{"created_at": "Sun Apr 26 07:01:05 +0000 2015"}{"created_at": "Sun Apr 26 07:01:10 +0000 2015"}{"created_at": "Sun Apr 26 07:01:07 +0000 2015"}{"created_at": "Sun Apr 26 07:01:06 +0000 2015"}{"created_at": "Sun Apr 26 07:01:06 +0000 2015"}{"created_at": "Sun Apr 26 07:01:06 +0000 2015"}{"created_at": "Sun Apr 26 07:01:05 +0000 2015"}{"created_at": "Sun Apr 26 07:01:05 +0000 2015"}{"created_at": "Sun Apr 26 07:01:05 +0000 2015"}{"created_at": "Sun Apr 26 07:01:05 +0000 2015"}{"created_at": "Sun Apr 26 07:01:05 +0000 2015"}{"created_at": "Sun Apr 26 07:01:05 +0000 2015"}{"created_at": "Sun Apr 26 07:01:05 +0000 2015"}{"created_at": "Sun Apr 26 07:01:10 +0000 2015"}{"created_at": "Sun Apr 26 07:01:07 +0000 2015"}{"created_at": "Sun Apr 26 07:01:06 +0000 2015"}{"created_at": "Sun Apr 26 07:01:06 +0000 2015"}{"created_at": "Sun Apr 26 07:01:06 +0000 2015"}{"created_at": "Sun Apr 26 07:01:05 +0000 2015"}{"created_at": "Sun Apr 26 07:01:05 +0000 2015"}{"created_at": "Sun Apr 26 07:01:05 +0000 2015"}{"created_at": "Sun Apr 26 07:01:05 +0000 2015"}{"created_at": "Sun Apr 26 07:01:05 +0000 2015"}{"created_at": "Sun Apr 26 07:01:05 +0000 2015"}{"created_at": "Sun Apr 26 07:01:10 +0000 2015"}{"created_at": "Sun Apr 26 07:01:07 +0000 2015"}{"created_at": "Sun Apr 26 07:01:06 +0000 2015"}{"created_at": "Sun Apr 26 07:01:06 +0000 2015"}{"created_at": "Sun Apr 26 07:01:06 +0000 2015"}{"created_at": "Sun Apr 26 07:01:05 +0000 2015"}{"created_at": "Sun Apr 26 07:01:05 +0000 2015"}{"created_at": "Sun Apr 26 07:01:05 +0000 2015"}{"created_at": "Sun Apr 26 07:01:05 +0000 2015"}{"created_at": "Sun Apr 26 07:01:05 +0000 2015"}{"created_at": "Sun Apr 26 07:01:10 +0000 2015"}{"created_at": "Sun Apr 26 07:01:07 +0000 2015"}{"created_at": "Sun Apr 26 07:01:06 +0000 2015"}{"created_at": "Sun Apr 26 07:01:06 +0000 2015"}{"created_at": "Sun Apr 26 07:01:06 +0000 2015"}{"created_at": "Sun Apr 26 07:01:05 +0000 2015"}{"created_at": "Sun Apr 26 07:01:05 +0000 2015"}{"created_at": "Sun Apr 26 07:01:05 +0000 2015"}{"created_at": "Sun Apr 26 07:01:05 +0000 2015"}{"created_at": "Sun Apr 26 07:01:10 +0000 2015"}{"created_at": "Sun Apr 26 07:01:07 +0000 2015"}{"created_at": "Sun Apr 26 07:01:06 +0000 2015"}{"created_at": "Sun Apr 26 07:01:06 +0000 2015"}{"created_at": "Sun Apr 26 07:01:06 +0000 2015"}{"created_at": "Sun Apr 26 07:01:05 +0000 2015"}{"created_at": "Sun Apr 26 07:01:05 +0000 2015"}{"created_at": "Sun Apr 26 07:01:05 +0000 2015"}{"created_at": "Sun Apr 26 07:01:10 +0000 2015"}{"created_at": "Sun Apr 26 07:01:07 +0000 2015"}{"created_at": "Sun Apr 26 07:01:06 +0000 2015"}{"created_at": "Sun Apr 26 07:01:06 +0000 2015"}{"created_at": "Sun Apr 26 07:01:06 +0000 2015"}{"created_at": "Sun Apr 26 07:01:05 +0000 2015"}{"created_at": "Sun Apr 26 07:01:05 +0000 2015"}{"created_at": "Sun Apr 26 07:01:10 +0000 2015"}{"created_at": "Sun Apr 26 07:01:07 +0000 2015"}{"created_at": "Sun Apr 26 07:01:06 +0000 2015"}{"created_at": "Sun Apr 26 07:01:06 +0000 2015"}{"created_at": "Sun Apr 26 07:01:06 +0000 2015"}{"created_at": "Sun Apr 26 07:01:05 +0000 2015"}{"created_at": "Sun Apr 26 07:01:10 +0000 2015"}{"created_at": "Sun Apr 26 07:01:07 +0000 2015"}{"created_at": "Sun Apr 26 07:01:06 +0000 2015"}{"created_at": "Sun Apr 26 07:01:06 +0000 2015"}{"created_at": "Sun Apr 26 07:01:06 +0000 2015"}{"created_at": "Sun Apr 26 07:01:10 +0000 2015"}{"created_at": "Sun Apr 26 07:01:07 +0000 2015"}{"created_at": "Sun Apr 26 07:01:06 +0000 2015"}{"created_at": "Sun Apr 26 07:01:06 +0000 2015"}{"created_at": "Sun Apr 26 07:01:36 +0000 2015"}{"created_at": "Sun Apr 26 07:01:10 +0000 2015"}{"created_at": "Sun Apr 26 07:01:07 +0000 2015"}{"created_at": "Sun Apr 26 07:01:06 +0000 2015"}{"created_at": "Sun Apr 26 07:01:36 +0000 2015"}{"created_at": "Sun Apr 26 07:01:10 +0000 2015"}{"created_at": "Sun Apr 26 07:01:07 +0000 2015"}{"created_at": "Sun Apr 26 07:01:36 +0000 2015"}{"created_at": "Sun Apr 26 07:01:10 +0000 2015"}{"created_at": "Sun Apr 26 07:01:36 +0000 2015"}{"created_at": "Sun Apr 26 07:03:12 +0000 2015"}{"created_at": "Sun Apr 26 07:02:59 +0000 2015"}{"created_at": "Sun Apr 26 07:03:12 +0000 2015"}{"created_at": "Sun Apr 26 07:03:37 +0000 2015"}{"created_at": "Sun Apr 26 07:03:37 +0000 2015"}{"created_at": "Sun Apr 26 07:03:37 +0000 2015"}{"created_at": "Sun Apr 26 07:03:37 +0000 2015"}{"created_at": "Sun Apr 26 07:03:37 +0000 2015"}{"created_at": "Sun Apr 26 07:03:37 +0000 2015"}{"created_at": "Sun Apr 26 07:03:37 +0000 2015"}{"created_at": "Sun Apr 26 07:03:37 +0000 2015"}{"created_at": "Sun Apr 26 07:03:37 +0000 2015"}{"created_at": "Sun Apr 26 07:03:37 +0000 2015"}{"created_at": "Sun Apr 26 07:03:37 +0000 2015"}{"created_at": "Sun Apr 26 07:03:37 +0000 2015"}{"created_at": "Sun Apr 26 07:03:37 +0000 2015"}{"created_at": "Sun Apr 26 07:03:37 +0000 2015"}{"created_at": "Sun Apr 26 07:03:37 +0000 2015"}{"created_at": "Sun Apr 26 07:03:40 +0000 2015"}{"created_at": "Sun Apr 26 07:03:40 +0000 2015"}{"created_at": "Sun Apr 26 07:03:40 +0000 2015"}{"created_at": "Sun Apr 26 07:03:40 +0000 2015"}{"created_at": "Sun Apr 26 07:03:40 +0000 2015"}{"created_at": "Sun Apr 26 07:03:39 +0000 2015"}{"created_at": "Sun Apr 26 07:03:39 +0000 2015"}{"created_at": "Sun Apr 26 07:03:39 +0000 2015"}{"created_at": "Sun Apr 26 07:03:39 +0000 2015"}{"created_at": "Sun Apr 26 07:03:39 +0000 2015"}{"created_at": "Sun Apr 26 07:03:39 +0000 2015"}{"created_at": "Sun Apr 26 07:03:39 +0000 2015"}{"created_at": "Sun Apr 26 07:03:39 +0000 2015"}{"created_at": "Sun Apr 26 07:03:39 +0000 2015"}{"created_at": "Sun Apr 26 07:03:39 +0000 2015"}{"created_at": "Sun Apr 26 07:03:43 +0000 2015"}{"created_at": "Sun Apr 26 07:03:42 +0000 2015"}{"created_at": "Sun Apr 26 07:03:42 +0000 2015"}{"created_at": "Sun Apr 26 07:03:42 +0000 2015"}{"created_at": "Sun Apr 26 07:03:42 +0000 2015"}{"created_at": "Sun Apr 26 07:03:42 +0000 2015"}{"created_at": "Sun Apr 26 07:03:42 +0000 2015"}{"created_at": "Sun Apr 26 07:03:42 +0000 2015"}{"created_at": "Sun Apr 26 07:03:41 +0000 2015"}{"created_at": "Sun Apr 26 07:03:41 +0000 2015"}{"created_at": "Sun Apr 26 07:03:41 +0000 2015"}{"created_at": "Sun Apr 26 07:03:41 +0000 2015"}{"created_at": "Sun Apr 26 07:03:41 +0000 2015"}{"created_at": "Sun Apr 26 07:03:41 +0000 2015"}{"created_at": "Sun Apr 26 07:03:41 +0000 2015"}{"created_at": "Sun Apr 26 07:03:45 +0000 2015"}{"created_at": "Sun Apr 26 07:03:44 +0000 2015"}{"created_at": "Sun Apr 26 07:03:44 +0000 2015"}{"created_at": "Sun Apr 26 07:03:44 +0000 2015"}{"created_at": "Sun Apr 26 07:03:44 +0000 2015"}{"created_at": "Sun Apr 26 07:03:44 +0000 2015"}{"created_at": "Sun Apr 26 07:03:44 +0000 2015"}{"created_at": "Sun Apr 26 07:03:44 +0000 2015"}{"created_at": "Sun Apr 26 07:03:44 +0000 2015"}{"created_at": "Sun Apr 26 07:03:44 +0000 2015"}{"created_at": "Sun Apr 26 07:03:44 +0000 2015"}{"created_at": "Sun Apr 26 07:03:43 +0000 2015"}{"created_at": "Sun Apr 26 07:03:43 +0000 2015"}{"created_at": "Sun Apr 26 07:03:43 +0000 2015"}{"created_at": "Sun Apr 26 07:03:43 +0000 2015"}{"created_at": "Sun Apr 26 07:03:46 +0000 2015"}{"created_at": "Sun Apr 26 07:03:46 +0000 2015"}{"created_at": "Sun Apr 26 07:03:45 +0000 2015"}{"created_at": "Sun Apr 26 07:03:45 +0000 2015"}{"created_at": "Sun Apr 26 07:03:45 +0000 2015"}{"created_at": "Sun Apr 26 07:03:45 +0000 2015"}{"created_at": "Sun Apr 26 07:03:45 +0000 2015"}{"created_at": "Sun Apr 26 07:03:45 +0000 2015"}{"created_at": "Sun Apr 26 07:03:44 +0000 2015"}{"created_at": "Sun Apr 26 07:03:44 +0000 2015"}{"created_at": "Sun Apr 26 07:03:44 +0000 2015"}{"created_at": "Sun Apr 26 07:03:44 +0000 2015"}{"created_at": "Sun Apr 26 07:03:44 +0000 2015"}{"created_at": "Sun Apr 26 07:03:44 +0000 2015"}{"created_at": "Sun Apr 26 07:03:44 +0000 2015"}{"created_at": "Sun Apr 26 07:03:48 +0000 2015"}{"created_at": "Sun Apr 26 07:03:47 +0000 2015"}{"created_at": "Sun Apr 26 07:03:47 +0000 2015"}{"created_at": "Sun Apr 26 07:03:47 +0000 2015"}{"created_at": "Sun Apr 26 07:03:46 +0000 2015"}{"created_at": "Sun Apr 26 07:03:46 +0000 2015"}{"created_at": "Sun Apr 26 07:03:45 +0000 2015"}{"created_at": "Sun Apr 26 07:03:45 +0000 2015"}{"created_at": "Sun Apr 26 07:03:45 +0000 2015"}{"created_at": "Sun Apr 26 07:03:45 +0000 2015"}{"created_at": "Sun Apr 26 07:03:45 +0000 2015"}{"created_at": "Sun Apr 26 07:03:45 +0000 2015"}{"created_at": "Sun Apr 26 07:03:44 +0000 2015"}{"created_at": "Sun Apr 26 07:03:44 +0000 2015"}{"created_at": "Sun Apr 26 07:03:44 +0000 2015"}{"created_at": "Sun Apr 26 07:03:51 +0000 2015"}{"created_at": "Sun Apr 26 07:03:50 +0000 2015"}{"created_at": "Sun Apr 26 07:03:50 +0000 2015"}{"created_at": "Sun Apr 26 07:03:48 +0000 2015"}{"created_at": "Sun Apr 26 07:03:47 +0000 2015"}{"created_at": "Sun Apr 26 07:03:47 +0000 2015"}{"created_at": "Sun Apr 26 07:03:47 +0000 2015"}{"created_at": "Sun Apr 26 07:03:46 +0000 2015"}{"created_at": "Sun Apr 26 07:03:46 +0000 2015"}{"created_at": "Sun Apr 26 07:03:45 +0000 2015"}{"created_at": "Sun Apr 26 07:03:45 +0000 2015"}{"created_at": "Sun Apr 26 07:03:45 +0000 2015"}{"created_at": "Sun Apr 26 07:03:45 +0000 2015"}{"created_at": "Sun Apr 26 07:03:45 +0000 2015"}{"created_at": "Sun Apr 26 07:03:45 +0000 2015"}{"created_at": "Sun Apr 26 07:03:51 +0000 2015"}{"created_at": "Sun Apr 26 07:03:50 +0000 2015"}{"created_at": "Sun Apr 26 07:03:50 +0000 2015"}{"created_at": "Sun Apr 26 07:03:48 +0000 2015"}{"created_at": "Sun Apr 26 07:03:47 +0000 2015"}{"created_at": "Sun Apr 26 07:03:47 +0000 2015"}{"created_at": "Sun Apr 26 07:03:47 +0000 2015"}{"created_at": "Sun Apr 26 07:03:46 +0000 2015"}{"created_at": "Sun Apr 26 07:03:46 +0000 2015"}{"created_at": "Sun Apr 26 07:03:45 +0000 2015"}{"created_at": "Sun Apr 26 07:03:45 +0000 2015"}{"created_at": "Sun Apr 26 07:03:45 +0000 2015"}{"created_at": "Sun Apr 26 07:03:45 +0000 2015"}{"created_at": "Sun Apr 26 07:03:45 +0000 2015"}{"created_at": "Sun Apr 26 07:03:55 +0000 2015"}{"created_at": "Sun Apr 26 07:03:51 +0000 2015"}{"created_at": "Sun Apr 26 07:03:50 +0000 2015"}{"created_at": "Sun Apr 26 07:03:50 +0000 2015"}{"created_at": "Sun Apr 26 07:03:48 +0000 2015"}{"created_at": "Sun Apr 26 07:03:47 +0000 2015"}{"created_at": "Sun Apr 26 07:03:47 +0000 2015"}{"created_at": "Sun Apr 26 07:03:47 +0000 2015"}{"created_at": "Sun Apr 26 07:03:46 +0000 2015"}{"created_at": "Sun Apr 26 07:03:46 +0000 2015"}{"created_at": "Sun Apr 26 07:03:45 +0000 2015"}{"created_at": "Sun Apr 26 07:03:45 +0000 2015"}{"created_at": "Sun Apr 26 07:03:45 +0000 2015"}{"created_at": "Sun Apr 26 07:03:45 +0000 2015"}{"created_at": "Sun Apr 26 07:03:55 +0000 2015"}{"created_at": "Sun Apr 26 07:03:51 +0000 2015"}{"created_at": "Sun Apr 26 07:03:50 +0000 2015"}{"created_at": "Sun Apr 26 07:03:50 +0000 2015"}{"created_at": "Sun Apr 26 07:03:48 +0000 2015"}{"created_at": "Sun Apr 26 07:03:47 +0000 2015"}{"created_at": "Sun Apr 26 07:03:47 +0000 2015"}{"created_at": "Sun Apr 26 07:03:47 +0000 2015"}{"created_at": "Sun Apr 26 07:03:46 +0000 2015"}{"created_at": "Sun Apr 26 07:03:46 +0000 2015"}{"created_at": "Sun Apr 26 07:03:45 +0000 2015"}{"created_at": "Sun Apr 26 07:03:45 +0000 2015"}{"created_at": "Sun Apr 26 07:03:45 +0000 2015"}{"created_at": "Sun Apr 26 07:03:59 +0000 2015"}{"created_at": "Sun Apr 26 07:03:59 +0000 2015"}{"created_at": "Sun Apr 26 07:03:59 +0000 2015"}{"created_at": "Sun Apr 26 07:03:55 +0000 2015"}{"created_at": "Sun Apr 26 07:03:51 +0000 2015"}{"created_at": "Sun Apr 26 07:03:50 +0000 2015"}{"created_at": "Sun Apr 26 07:03:50 +0000 2015"}{"created_at": "Sun Apr 26 07:03:48 +0000 2015"}{"created_at": "Sun Apr 26 07:03:47 +0000 2015"}{"created_at": "Sun Apr 26 07:03:47 +0000 2015"}{"created_at": "Sun Apr 26 07:03:47 +0000 2015"}{"created_at": "Sun Apr 26 07:03:46 +0000 2015"}{"created_at": "Sun Apr 26 07:03:46 +0000 2015"}{"created_at": "Sun Apr 26 07:03:45 +0000 2015"}{"created_at": "Sun Apr 26 07:03:45 +0000 2015"}{"created_at": "Fri Apr 24 06:25:18 +0000 2015"}{"created_at": "Fri Apr 24 06:25:02 +0000 2015"}{"created_at": "Fri Apr 24 06:24:21 +0000 2015"}{"created_at": "Fri Apr 24 06:23:45 +0000 2015"}{"created_at": "Fri Apr 24 06:23:39 +0000 2015"}{"created_at": "Fri Apr 24 06:22:55 +0000 2015"}{"created_at": "Fri Apr 24 06:22:46 +0000 2015"}{"created_at": "Fri Apr 24 06:22:03 +0000 2015"}{"created_at": "Fri Apr 24 06:20:57 +0000 2015"}{"created_at": "Fri Apr 24 06:20:47 +0000 2015"}{"created_at": "Fri Apr 24 06:20:37 +0000 2015"}{"created_at": "Fri Apr 24 06:19:54 +0000 2015"}{"created_at": "Fri Apr 24 06:19:43 +0000 2015"}{"created_at": "Fri Apr 24 06:19:36 +0000 2015"}{"created_at": "Fri Apr 24 06:19:27 +0000 2015"}{"created_at": "Fri Apr 24 06:25:18 +0000 2015"}{"created_at": "Fri Apr 24 06:25:02 +0000 2015"}{"created_at": "Fri Apr 24 06:24:21 +0000 2015"}{"created_at": "Fri Apr 24 06:23:45 +0000 2015"}{"created_at": "Fri Apr 24 06:23:39 +0000 2015"}{"created_at": "Fri Apr 24 06:22:55 +0000 2015"}{"created_at": "Fri Apr 24 06:22:46 +0000 2015"}{"created_at": "Fri Apr 24 06:22:03 +0000 2015"}{"created_at": "Fri Apr 24 06:20:57 +0000 2015"}{"created_at": "Fri Apr 24 06:20:47 +0000 2015"}{"created_at": "Fri Apr 24 06:20:37 +0000 2015"}{"created_at": "Fri Apr 24 06:19:54 +0000 2015"}{"created_at": "Fri Apr 24 06:19:43 +0000 2015"}{"created_at": "Fri Apr 24 06:19:36 +0000 2015"}{"created_at": "Fri Apr 24 06:26:56 +0000 2015"}{"created_at": "Fri Apr 24 06:25:18 +0000 2015"}{"created_at": "Fri Apr 24 06:25:02 +0000 2015"}{"created_at": "Fri Apr 24 06:24:21 +0000 2015"}{"created_at": "Fri Apr 24 06:23:45 +0000 2015"}{"created_at": "Fri Apr 24 06:23:39 +0000 2015"}{"created_at": "Fri Apr 24 06:22:55 +0000 2015"}{"created_at": "Fri Apr 24 06:22:46 +0000 2015"}{"created_at": "Fri Apr 24 06:22:03 +0000 2015"}{"created_at": "Fri Apr 24 06:20:57 +0000 2015"}{"created_at": "Fri Apr 24 06:20:47 +0000 2015"}{"created_at": "Fri Apr 24 06:20:37 +0000 2015"}{"created_at": "Fri Apr 24 06:19:54 +0000 2015"}{"created_at": "Fri Apr 24 06:19:43 +0000 2015"}{"created_at": "Fri Apr 24 06:26:56 +0000 2015"}{"created_at": "Fri Apr 24 06:25:18 +0000 2015"}{"created_at": "Fri Apr 24 06:25:02 +0000 2015"}{"created_at": "Fri Apr 24 06:24:21 +0000 2015"}{"created_at": "Fri Apr 24 06:23:45 +0000 2015"}{"created_at": "Fri Apr 24 06:23:39 +0000 2015"}{"created_at": "Fri Apr 24 06:22:55 +0000 2015"}{"created_at": "Fri Apr 24 06:22:46 +0000 2015"}{"created_at": "Fri Apr 24 06:22:03 +0000 2015"}{"created_at": "Fri Apr 24 06:20:57 +0000 2015"}{"created_at": "Fri Apr 24 06:20:47 +0000 2015"}{"created_at": "Fri Apr 24 06:20:37 +0000 2015"}{"created_at": "Fri Apr 24 06:19:54 +0000 2015"}{"created_at": "Fri Apr 24 06:26:56 +0000 2015"}{"created_at": "Fri Apr 24 06:25:18 +0000 2015"}{"created_at": "Fri Apr 24 06:25:02 +0000 2015"}{"created_at": "Fri Apr 24 06:24:21 +0000 2015"}{"created_at": "Fri Apr 24 06:23:45 +0000 2015"}{"created_at": "Fri Apr 24 06:23:39 +0000 2015"}{"created_at": "Fri Apr 24 06:22:55 +0000 2015"}{"created_at": "Fri Apr 24 06:22:46 +0000 2015"}{"created_at": "Fri Apr 24 06:22:03 +0000 2015"}{"created_at": "Fri Apr 24 06:20:57 +0000 2015"}{"created_at": "Fri Apr 24 06:20:47 +0000 2015"}{"created_at": "Fri Apr 24 06:20:37 +0000 2015"}{"created_at": "Fri Apr 24 06:26:56 +0000 2015"}{"created_at": "Fri Apr 24 06:25:18 +0000 2015"}{"created_at": "Fri Apr 24 06:25:02 +0000 2015"}{"created_at": "Fri Apr 24 06:24:21 +0000 2015"}{"created_at": "Fri Apr 24 06:23:45 +0000 2015"}{"created_at": "Fri Apr 24 06:23:39 +0000 2015"}{"created_at": "Fri Apr 24 06:22:55 +0000 2015"}{"created_at": "Fri Apr 24 06:22:46 +0000 2015"}{"created_at": "Fri Apr 24 06:22:03 +0000 2015"}{"created_at": "Fri Apr 24 06:20:57 +0000 2015"}{"created_at": "Fri Apr 24 06:20:47 +0000 2015"}{"created_at": "Fri Apr 24 06:26:56 +0000 2015"}{"created_at": "Fri Apr 24 06:25:18 +0000 2015"}{"created_at": "Fri Apr 24 06:25:02 +0000 2015"}{"created_at": "Fri Apr 24 06:24:21 +0000 2015"}{"created_at": "Fri Apr 24 06:23:45 +0000 2015"}{"created_at": "Fri Apr 24 06:23:39 +0000 2015"}{"created_at": "Fri Apr 24 06:22:55 +0000 2015"}{"created_at": "Fri Apr 24 06:22:46 +0000 2015"}{"created_at": "Fri Apr 24 06:22:03 +0000 2015"}{"created_at": "Fri Apr 24 06:20:57 +0000 2015"}{"created_at": "Fri Apr 24 06:26:56 +0000 2015"}{"created_at": "Fri Apr 24 06:25:18 +0000 2015"}{"created_at": "Fri Apr 24 06:25:02 +0000 2015"}{"created_at": "Fri Apr 24 06:24:21 +0000 2015"}{"created_at": "Fri Apr 24 06:23:45 +0000 2015"}{"created_at": "Fri Apr 24 06:23:39 +0000 2015"}{"created_at": "Fri Apr 24 06:22:55 +0000 2015"}{"created_at": "Fri Apr 24 06:22:46 +0000 2015"}{"created_at": "Fri Apr 24 06:22:03 +0000 2015"}{"created_at": "Fri Apr 24 06:26:56 +0000 2015"}{"created_at": "Fri Apr 24 06:25:18 +0000 2015"}{"created_at": "Fri Apr 24 06:25:02 +0000 2015"}{"created_at": "Fri Apr 24 06:24:21 +0000 2015"}{"created_at": "Fri Apr 24 06:23:45 +0000 2015"}{"created_at": "Fri Apr 24 06:23:39 +0000 2015"}{"created_at": "Fri Apr 24 06:22:55 +0000 2015"}{"created_at": "Fri Apr 24 06:22:46 +0000 2015"}{"created_at": "Fri Apr 24 06:26:56 +0000 2015"}{"created_at": "Fri Apr 24 06:25:18 +0000 2015"}{"created_at": "Fri Apr 24 06:25:02 +0000 2015"}{"created_at": "Fri Apr 24 06:24:21 +0000 2015"}{"created_at": "Fri Apr 24 06:23:45 +0000 2015"}{"created_at": "Fri Apr 24 06:23:39 +0000 2015"}{"created_at": "Fri Apr 24 06:22:55 +0000 2015"}{"created_at": "Fri Apr 24 06:26:56 +0000 2015"}{"created_at": "Fri Apr 24 06:25:18 +0000 2015"}{"created_at": "Fri Apr 24 06:25:02 +0000 2015"}{"created_at": "Fri Apr 24 06:24:21 +0000 2015"}{"created_at": "Fri Apr 24 06:23:45 +0000 2015"}{"created_at": "Fri Apr 24 06:23:39 +0000 2015"}{"created_at": "Fri Apr 24 06:26:56 +0000 2015"}{"created_at": "Fri Apr 24 06:25:18 +0000 2015"}{"created_at": "Fri Apr 24 06:25:02 +0000 2015"}{"created_at": "Fri Apr 24 06:24:21 +0000 2015"}{"created_at": "Fri Apr 24 06:23:45 +0000 2015"}{"created_at": "Fri Apr 24 06:26:56 +0000 2015"}{"created_at": "Fri Apr 24 06:25:18 +0000 2015"}{"created_at": "Fri Apr 24 06:25:02 +0000 2015"}{"created_at": "Fri Apr 24 06:24:21 +0000 2015"}{"created_at": "Fri Apr 24 06:26:56 +0000 2015"}{"created_at": "Fri Apr 24 06:25:18 +0000 2015"}{"created_at": "Fri Apr 24 06:25:02 +0000 2015"}{"created_at": "Fri Apr 24 06:26:56 +0000 2015"}{"created_at": "Fri Apr 24 06:25:18 +0000 2015"}{"created_at": "Fri Apr 24 06:26:56 +0000 2015"}{"created_at": "Fri Apr 24 06:27:46 +0000 2015"}{"created_at": "Fri Apr 24 06:28:01 +0000 2015"}{"created_at": "Fri Apr 24 06:28:21 +0000 2015"}{"created_at": "Fri Apr 24 06:28:39 +0000 2015"}{"created_at": "Fri Apr 24 06:29:46 +0000 2015"}{"created_at": "Fri Apr 24 06:32:26 +0000 2015"}{"created_at": "Fri Apr 24 06:33:23 +0000 2015"}{"created_at": "Fri Apr 24 06:33:36 +0000 2015"}{"created_at": "Fri Apr 24 06:33:29 +0000 2015"}{"created_at": "Fri Apr 24 06:33:26 +0000 2015"}{"created_at": "Fri Apr 24 06:33:36 +0000 2015"}{"created_at": "Fri Apr 24 06:33:29 +0000 2015"}{"created_at": "Fri Apr 24 06:33:36 +0000 2015"}{"created_at": "Fri Apr 24 06:34:07 +0000 2015"}{"created_at": "Fri Apr 24 06:34:05 +0000 2015"}{"created_at": "Fri Apr 24 06:34:07 +0000 2015"}{"created_at": "Fri Apr 24 06:34:52 +0000 2015"}{"created_at": "Fri Apr 24 06:34:42 +0000 2015"}{"created_at": "Fri Apr 24 06:34:41 +0000 2015"}{"created_at": "Fri Apr 24 06:34:52 +0000 2015"}{"created_at": "Fri Apr 24 06:34:42 +0000 2015"}{"created_at": "Fri Apr 24 06:34:52 +0000 2015"}{"created_at": "Fri Apr 24 06:35:42 +0000 2015"}{"created_at": "Fri Apr 24 06:35:56 +0000 2015"}{"created_at": "Fri Apr 24 06:42:24 +0000 2015"}{"created_at": "Fri Apr 24 06:42:23 +0000 2015"}{"created_at": "Fri Apr 24 06:42:01 +0000 2015"}{"created_at": "Fri Apr 24 06:42:00 +0000 2015"}{"created_at": "Fri Apr 24 06:41:59 +0000 2015"}{"created_at": "Fri Apr 24 06:41:58 +0000 2015"}{"created_at": "Fri Apr 24 06:41:56 +0000 2015"}{"created_at": "Fri Apr 24 06:41:55 +0000 2015"}{"created_at": "Fri Apr 24 06:41:54 +0000 2015"}{"created_at": "Fri Apr 24 06:41:53 +0000 2015"}{"created_at": "Fri Apr 24 06:41:51 +0000 2015"}{"created_at": "Fri Apr 24 06:41:50 +0000 2015"}{"created_at": "Fri Apr 24 06:41:48 +0000 2015"}{"created_at": "Fri Apr 24 06:41:47 +0000 2015"}{"created_at": "Fri Apr 24 06:41:37 +0000 2015"}{"created_at": "Fri Apr 24 06:42:24 +0000 2015"}{"created_at": "Fri Apr 24 06:42:23 +0000 2015"}{"created_at": "Fri Apr 24 06:42:01 +0000 2015"}{"created_at": "Fri Apr 24 06:42:00 +0000 2015"}{"created_at": "Fri Apr 24 06:41:59 +0000 2015"}{"created_at": "Fri Apr 24 06:41:58 +0000 2015"}{"created_at": "Fri Apr 24 06:41:56 +0000 2015"}{"created_at": "Fri Apr 24 06:41:55 +0000 2015"}{"created_at": "Fri Apr 24 06:41:54 +0000 2015"}{"created_at": "Fri Apr 24 06:41:53 +0000 2015"}{"created_at": "Fri Apr 24 06:41:51 +0000 2015"}{"created_at": "Fri Apr 24 06:41:50 +0000 2015"}{"created_at": "Fri Apr 24 06:41:48 +0000 2015"}{"created_at": "Fri Apr 24 06:41:47 +0000 2015"}{"created_at": "Fri Apr 24 06:42:24 +0000 2015"}{"created_at": "Fri Apr 24 06:42:23 +0000 2015"}{"created_at": "Fri Apr 24 06:42:01 +0000 2015"}{"created_at": "Fri Apr 24 06:42:00 +0000 2015"}{"created_at": "Fri Apr 24 06:41:59 +0000 2015"}{"created_at": "Fri Apr 24 06:41:58 +0000 2015"}{"created_at": "Fri Apr 24 06:41:56 +0000 2015"}{"created_at": "Fri Apr 24 06:41:55 +0000 2015"}{"created_at": "Fri Apr 24 06:41:54 +0000 2015"}{"created_at": "Fri Apr 24 06:41:53 +0000 2015"}{"created_at": "Fri Apr 24 06:41:51 +0000 2015"}{"created_at": "Fri Apr 24 06:41:50 +0000 2015"}{"created_at": "Fri Apr 24 06:41:48 +0000 2015"}{"created_at": "Fri Apr 24 06:42:24 +0000 2015"}{"created_at": "Fri Apr 24 06:42:23 +0000 2015"}{"created_at": "Fri Apr 24 06:42:01 +0000 2015"}{"created_at": "Fri Apr 24 06:42:00 +0000 2015"}{"created_at": "Fri Apr 24 06:41:59 +0000 2015"}{"created_at": "Fri Apr 24 06:41:58 +0000 2015"}{"created_at": "Fri Apr 24 06:41:56 +0000 2015"}{"created_at": "Fri Apr 24 06:41:55 +0000 2015"}{"created_at": "Fri Apr 24 06:41:54 +0000 2015"}{"created_at": "Fri Apr 24 06:41:53 +0000 2015"}{"created_at": "Fri Apr 24 06:41:51 +0000 2015"}{"created_at": "Fri Apr 24 06:41:50 +0000 2015"}{"created_at": "Fri Apr 24 06:42:24 +0000 2015"}{"created_at": "Fri Apr 24 06:42:23 +0000 2015"}{"created_at": "Fri Apr 24 06:42:01 +0000 2015"}{"created_at": "Fri Apr 24 06:42:00 +0000 2015"}{"created_at": "Fri Apr 24 06:41:59 +0000 2015"}{"created_at": "Fri Apr 24 06:41:58 +0000 2015"}{"created_at": "Fri Apr 24 06:41:56 +0000 2015"}{"created_at": "Fri Apr 24 06:41:55 +0000 2015"}{"created_at": "Fri Apr 24 06:41:54 +0000 2015"}{"created_at": "Fri Apr 24 06:41:53 +0000 2015"}{"created_at": "Fri Apr 24 06:41:51 +0000 2015"}{"created_at": "Fri Apr 24 06:42:24 +0000 2015"}{"created_at": "Fri Apr 24 06:42:23 +0000 2015"}{"created_at": "Fri Apr 24 06:42:01 +0000 2015"}{"created_at": "Fri Apr 24 06:42:00 +0000 2015"}{"created_at": "Fri Apr 24 06:41:59 +0000 2015"}{"created_at": "Fri Apr 24 06:41:58 +0000 2015"}{"created_at": "Fri Apr 24 06:41:56 +0000 2015"}{"created_at": "Fri Apr 24 06:41:55 +0000 2015"}{"created_at": "Fri Apr 24 06:41:54 +0000 2015"}{"created_at": "Fri Apr 24 06:41:53 +0000 2015"}{"created_at": "Fri Apr 24 06:42:24 +0000 2015"}{"created_at": "Fri Apr 24 06:42:23 +0000 2015"}{"created_at": "Fri Apr 24 06:42:01 +0000 2015"}{"created_at": "Fri Apr 24 06:42:00 +0000 2015"}{"created_at": "Fri Apr 24 06:41:59 +0000 2015"}{"created_at": "Fri Apr 24 06:41:58 +0000 2015"}{"created_at": "Fri Apr 24 06:41:56 +0000 2015"}{"created_at": "Fri Apr 24 06:41:55 +0000 2015"}{"created_at": "Fri Apr 24 06:41:54 +0000 2015"}{"created_at": "Fri Apr 24 06:42:24 +0000 2015"}{"created_at": "Fri Apr 24 06:42:23 +0000 2015"}{"created_at": "Fri Apr 24 06:42:01 +0000 2015"}{"created_at": "Fri Apr 24 06:42:00 +0000 2015"}{"created_at": "Fri Apr 24 06:41:59 +0000 2015"}{"created_at": "Fri Apr 24 06:41:58 +0000 2015"}{"created_at": "Fri Apr 24 06:41:56 +0000 2015"}{"created_at": "Fri Apr 24 06:41:55 +0000 2015"}{"created_at": "Fri Apr 24 06:42:24 +0000 2015"}{"created_at": "Fri Apr 24 06:42:23 +0000 2015"}{"created_at": "Fri Apr 24 06:42:01 +0000 2015"}{"created_at": "Fri Apr 24 06:42:00 +0000 2015"}{"created_at": "Fri Apr 24 06:41:59 +0000 2015"}{"created_at": "Fri Apr 24 06:41:58 +0000 2015"}{"created_at": "Fri Apr 24 06:41:56 +0000 2015"}{"created_at": "Fri Apr 24 06:44:20 +0000 2015"}{"created_at": "Fri Apr 24 06:42:24 +0000 2015"}{"created_at": "Fri Apr 24 06:42:23 +0000 2015"}{"created_at": "Fri Apr 24 06:42:01 +0000 2015"}{"created_at": "Fri Apr 24 06:42:00 +0000 2015"}{"created_at": "Fri Apr 24 06:41:59 +0000 2015"}{"created_at": "Fri Apr 24 06:41:58 +0000 2015"}{"created_at": "Fri Apr 24 06:44:20 +0000 2015"}{"created_at": "Fri Apr 24 06:42:24 +0000 2015"}{"created_at": "Fri Apr 24 06:42:23 +0000 2015"}{"created_at": "Fri Apr 24 06:42:01 +0000 2015"}{"created_at": "Fri Apr 24 06:42:00 +0000 2015"}{"created_at": "Fri Apr 24 06:41:59 +0000 2015"}{"created_at": "Fri Apr 24 06:44:25 +0000 2015"}{"created_at": "Fri Apr 24 06:44:20 +0000 2015"}{"created_at": "Fri Apr 24 06:42:24 +0000 2015"}{"created_at": "Fri Apr 24 06:42:23 +0000 2015"}{"created_at": "Fri Apr 24 06:42:01 +0000 2015"}{"created_at": "Fri Apr 24 06:42:00 +0000 2015"}{"created_at": "Fri Apr 24 06:44:25 +0000 2015"}{"created_at": "Fri Apr 24 06:44:20 +0000 2015"}{"created_at": "Fri Apr 24 06:42:24 +0000 2015"}{"created_at": "Fri Apr 24 06:42:23 +0000 2015"}{"created_at": "Fri Apr 24 06:42:01 +0000 2015"}{"created_at": "Fri Apr 24 06:44:25 +0000 2015"}{"created_at": "Fri Apr 24 06:44:20 +0000 2015"}{"created_at": "Fri Apr 24 06:42:24 +0000 2015"}{"created_at": "Fri Apr 24 06:42:23 +0000 2015"}{"created_at": "Fri Apr 24 06:44:25 +0000 2015"}{"created_at": "Fri Apr 24 06:44:20 +0000 2015"}{"created_at": "Fri Apr 24 06:42:24 +0000 2015"}{"created_at": "Fri Apr 24 06:44:25 +0000 2015"}{"created_at": "Fri Apr 24 06:44:20 +0000 2015"}{"created_at": "Fri Apr 24 06:44:25 +0000 2015"}{"created_at": "Fri Apr 24 06:45:42 +0000 2015"}{"created_at": "Fri Apr 24 06:46:08 +0000 2015"}{"created_at": "Fri Apr 24 06:46:38 +0000 2015"}{"created_at": "Fri Apr 24 06:47:04 +0000 2015"}{"created_at": "Fri Apr 24 06:46:55 +0000 2015"}{"created_at": "Fri Apr 24 06:47:04 +0000 2015"}{"created_at": "Fri Apr 24 06:47:44 +0000 2015"}{"created_at": "Fri Apr 24 06:48:45 +0000 2015"}{"created_at": "Fri Apr 24 06:48:41 +0000 2015"}{"created_at": "Fri Apr 24 06:48:45 +0000 2015"}{"created_at": "Fri Apr 24 06:49:16 +0000 2015"}{"created_at": "Fri Apr 24 06:50:30 +0000 2015"}{"created_at": "Fri Apr 24 06:50:27 +0000 2015"}{"created_at": "Fri Apr 24 06:50:27 +0000 2015"}{"created_at": "Fri Apr 24 06:50:30 +0000 2015"}{"created_at": "Fri Apr 24 06:50:27 +0000 2015"}{"created_at": "Fri Apr 24 06:50:30 +0000 2015"}{"created_at": "Fri Apr 24 06:50:52 +0000 2015"}{"created_at": "Fri Apr 24 06:51:15 +0000 2015"}{"created_at": "Fri Apr 24 06:51:44 +0000 2015"}{"created_at": "Fri Apr 24 06:51:57 +0000 2015"}{"created_at": "Fri Apr 24 06:52:15 +0000 2015"}{"created_at": "Fri Apr 24 06:52:15 +0000 2015"}{"created_at": "Fri Apr 24 06:52:17 +0000 2015"}{"created_at": "Fri Apr 24 06:52:15 +0000 2015"}{"created_at": "Fri Apr 24 06:52:17 +0000 2015"}{"created_at": "Fri Apr 24 07:00:12 +0000 2015"}{"created_at": "Fri Apr 24 07:00:01 +0000 2015"}{"created_at": "Fri Apr 24 06:59:12 +0000 2015"}{"created_at": "Fri Apr 24 06:58:52 +0000 2015"}{"created_at": "Fri Apr 24 06:58:32 +0000 2015"}{"created_at": "Fri Apr 24 06:58:31 +0000 2015"}{"created_at": "Fri Apr 24 06:58:18 +0000 2015"}{"created_at": "Fri Apr 24 06:58:18 +0000 2015"}{"created_at": "Fri Apr 24 06:58:16 +0000 2015"}{"created_at": "Fri Apr 24 06:58:01 +0000 2015"}{"created_at": "Fri Apr 24 06:58:01 +0000 2015"}{"created_at": "Fri Apr 24 06:57:39 +0000 2015"}{"created_at": "Fri Apr 24 06:57:36 +0000 2015"}{"created_at": "Fri Apr 24 06:56:31 +0000 2015"}{"created_at": "Fri Apr 24 06:56:15 +0000 2015"}{"created_at": "Fri Apr 24 07:00:12 +0000 2015"}{"created_at": "Fri Apr 24 07:00:01 +0000 2015"}{"created_at": "Fri Apr 24 06:59:12 +0000 2015"}{"created_at": "Fri Apr 24 06:58:52 +0000 2015"}{"created_at": "Fri Apr 24 06:58:32 +0000 2015"}{"created_at": "Fri Apr 24 06:58:31 +0000 2015"}{"created_at": "Fri Apr 24 06:58:18 +0000 2015"}{"created_at": "Fri Apr 24 06:58:18 +0000 2015"}{"created_at": "Fri Apr 24 06:58:16 +0000 2015"}{"created_at": "Fri Apr 24 06:58:01 +0000 2015"}{"created_at": "Fri Apr 24 06:58:01 +0000 2015"}{"created_at": "Fri Apr 24 06:57:39 +0000 2015"}{"created_at": "Fri Apr 24 06:57:36 +0000 2015"}{"created_at": "Fri Apr 24 06:56:31 +0000 2015"}{"created_at": "Fri Apr 24 07:00:12 +0000 2015"}{"created_at": "Fri Apr 24 07:00:01 +0000 2015"}{"created_at": "Fri Apr 24 06:59:12 +0000 2015"}{"created_at": "Fri Apr 24 06:58:52 +0000 2015"}{"created_at": "Fri Apr 24 06:58:32 +0000 2015"}{"created_at": "Fri Apr 24 06:58:31 +0000 2015"}{"created_at": "Fri Apr 24 06:58:18 +0000 2015"}{"created_at": "Fri Apr 24 06:58:18 +0000 2015"}{"created_at": "Fri Apr 24 06:58:16 +0000 2015"}{"created_at": "Fri Apr 24 06:58:01 +0000 2015"}{"created_at": "Fri Apr 24 06:58:01 +0000 2015"}{"created_at": "Fri Apr 24 06:57:39 +0000 2015"}{"created_at": "Fri Apr 24 06:57:36 +0000 2015"}{"created_at": "Fri Apr 24 07:00:12 +0000 2015"}{"created_at": "Fri Apr 24 07:00:01 +0000 2015"}{"created_at": "Fri Apr 24 06:59:12 +0000 2015"}{"created_at": "Fri Apr 24 06:58:52 +0000 2015"}{"created_at": "Fri Apr 24 06:58:32 +0000 2015"}{"created_at": "Fri Apr 24 06:58:31 +0000 2015"}{"created_at": "Fri Apr 24 06:58:18 +0000 2015"}{"created_at": "Fri Apr 24 06:58:18 +0000 2015"}{"created_at": "Fri Apr 24 06:58:16 +0000 2015"}{"created_at": "Fri Apr 24 06:58:01 +0000 2015"}{"created_at": "Fri Apr 24 06:58:01 +0000 2015"}{"created_at": "Fri Apr 24 06:57:39 +0000 2015"}{"created_at": "Fri Apr 24 07:00:12 +0000 2015"}{"created_at": "Fri Apr 24 07:00:01 +0000 2015"}{"created_at": "Fri Apr 24 06:59:12 +0000 2015"}{"created_at": "Fri Apr 24 06:58:52 +0000 2015"}{"created_at": "Fri Apr 24 06:58:32 +0000 2015"}{"created_at": "Fri Apr 24 06:58:31 +0000 2015"}{"created_at": "Fri Apr 24 06:58:18 +0000 2015"}{"created_at": "Fri Apr 24 06:58:18 +0000 2015"}{"created_at": "Fri Apr 24 06:58:16 +0000 2015"}{"created_at": "Fri Apr 24 06:58:01 +0000 2015"}{"created_at": "Fri Apr 24 06:58:01 +0000 2015"}{"created_at": "Fri Apr 24 07:00:12 +0000 2015"}{"created_at": "Fri Apr 24 07:00:01 +0000 2015"}{"created_at": "Fri Apr 24 06:59:12 +0000 2015"}{"created_at": "Fri Apr 24 06:58:52 +0000 2015"}{"created_at": "Fri Apr 24 06:58:32 +0000 2015"}{"created_at": "Fri Apr 24 06:58:31 +0000 2015"}{"created_at": "Fri Apr 24 06:58:18 +0000 2015"}{"created_at": "Fri Apr 24 06:58:18 +0000 2015"}{"created_at": "Fri Apr 24 06:58:16 +0000 2015"}{"created_at": "Fri Apr 24 06:58:01 +0000 2015"}{"created_at": "Fri Apr 24 07:00:37 +0000 2015"}{"created_at": "Fri Apr 24 07:00:12 +0000 2015"}{"created_at": "Fri Apr 24 07:00:01 +0000 2015"}{"created_at": "Fri Apr 24 06:59:12 +0000 2015"}{"created_at": "Fri Apr 24 06:58:52 +0000 2015"}{"created_at": "Fri Apr 24 06:58:32 +0000 2015"}{"created_at": "Fri Apr 24 06:58:31 +0000 2015"}{"created_at": "Fri Apr 24 06:58:18 +0000 2015"}{"created_at": "Fri Apr 24 06:58:18 +0000 2015"}{"created_at": "Fri Apr 24 06:58:16 +0000 2015"}{"created_at": "Fri Apr 24 07:00:37 +0000 2015"}{"created_at": "Fri Apr 24 07:00:12 +0000 2015"}{"created_at": "Fri Apr 24 07:00:01 +0000 2015"}{"created_at": "Fri Apr 24 06:59:12 +0000 2015"}{"created_at": "Fri Apr 24 06:58:52 +0000 2015"}{"created_at": "Fri Apr 24 06:58:32 +0000 2015"}{"created_at": "Fri Apr 24 06:58:31 +0000 2015"}{"created_at": "Fri Apr 24 06:58:18 +0000 2015"}{"created_at": "Fri Apr 24 06:58:18 +0000 2015"}{"created_at": "Fri Apr 24 07:00:37 +0000 2015"}{"created_at": "Fri Apr 24 07:00:12 +0000 2015"}{"created_at": "Fri Apr 24 07:00:01 +0000 2015"}{"created_at": "Fri Apr 24 06:59:12 +0000 2015"}{"created_at": "Fri Apr 24 06:58:52 +0000 2015"}{"created_at": "Fri Apr 24 06:58:32 +0000 2015"}{"created_at": "Fri Apr 24 06:58:31 +0000 2015"}{"created_at": "Fri Apr 24 06:58:18 +0000 2015"}{"created_at": "Fri Apr 24 07:00:37 +0000 2015"}{"created_at": "Fri Apr 24 07:00:12 +0000 2015"}{"created_at": "Fri Apr 24 07:00:01 +0000 2015"}{"created_at": "Fri Apr 24 06:59:12 +0000 2015"}{"created_at": "Fri Apr 24 06:58:52 +0000 2015"}{"created_at": "Fri Apr 24 06:58:32 +0000 2015"}{"created_at": "Fri Apr 24 06:58:31 +0000 2015"}{"created_at": "Fri Apr 24 07:00:37 +0000 2015"}{"created_at": "Fri Apr 24 07:00:12 +0000 2015"}{"created_at": "Fri Apr 24 07:00:01 +0000 2015"}{"created_at": "Fri Apr 24 06:59:12 +0000 2015"}{"created_at": "Fri Apr 24 06:58:52 +0000 2015"}{"created_at": "Fri Apr 24 06:58:32 +0000 2015"}{"created_at": "Fri Apr 24 07:00:37 +0000 2015"}{"created_at": "Fri Apr 24 07:00:12 +0000 2015"}{"created_at": "Fri Apr 24 07:00:01 +0000 2015"}{"created_at": "Fri Apr 24 06:59:12 +0000 2015"}{"created_at": "Fri Apr 24 06:58:52 +0000 2015"}{"created_at": "Fri Apr 24 07:00:37 +0000 2015"}{"created_at": "Fri Apr 24 07:00:12 +0000 2015"}{"created_at": "Fri Apr 24 07:00:01 +0000 2015"}{"created_at": "Fri Apr 24 06:59:12 +0000 2015"}{"created_at": "Fri Apr 24 07:00:37 +0000 2015"}{"created_at": "Fri Apr 24 07:00:12 +0000 2015"}{"created_at": "Fri Apr 24 07:00:01 +0000 2015"}{"created_at": "Fri Apr 24 07:00:37 +0000 2015"}{"created_at": "Fri Apr 24 07:00:12 +0000 2015"}{"created_at": "Fri Apr 24 07:00:37 +0000 2015"}{"created_at": "Fri Apr 24 07:01:17 +0000 2015"}{"created_at": "Fri Apr 24 07:01:10 +0000 2015"}{"created_at": "Fri Apr 24 07:01:03 +0000 2015"}{"created_at": "Fri Apr 24 07:01:17 +0000 2015"}{"created_at": "Fri Apr 24 07:01:10 +0000 2015"}{"created_at": "Fri Apr 24 07:01:17 +0000 2015"}{"created_at": "Fri Apr 24 07:01:39 +0000 2015"}{"created_at": "Fri Apr 24 07:01:53 +0000 2015"}{"created_at": "Fri Apr 24 07:02:21 +0000 2015"}{"created_at": "Fri Apr 24 07:03:10 +0000 2015"}{"created_at": "Fri Apr 24 07:03:33 +0000 2015"}{"created_at": "Fri Apr 24 07:03:28 +0000 2015"}{"created_at": "Fri Apr 24 07:03:33 +0000 2015"}{"created_at": "Fri Apr 24 07:04:21 +0000 2015"}{"created_at": "Fri Apr 24 07:04:58 +0000 2015"}{"created_at": "Fri Apr 24 07:04:49 +0000 2015"}{"created_at": "Fri Apr 24 07:04:42 +0000 2015"}{"created_at": "Fri Apr 24 07:04:58 +0000 2015"}{"created_at": "Fri Apr 24 07:04:49 +0000 2015"}{"created_at": "Fri Apr 24 07:04:58 +0000 2015"}{"created_at": "Fri Apr 24 07:05:28 +0000 2015"}{"created_at": "Fri Apr 24 07:05:18 +0000 2015"}{"created_at": "Fri Apr 24 07:05:28 +0000 2015"}{"created_at": "Fri Apr 24 07:05:41 +0000 2015"}{"created_at": "Fri Apr 24 07:05:37 +0000 2015"}{"created_at": "Fri Apr 24 07:05:41 +0000 2015"}{"created_at": "Fri Apr 24 07:06:36 +0000 2015"}{"created_at": "Fri Apr 24 07:06:22 +0000 2015"}{"created_at": "Fri Apr 24 07:06:40 +0000 2015"}{"created_at": "Fri Apr 24 07:06:36 +0000 2015"}{"created_at": "Fri Apr 24 07:06:40 +0000 2015"}{"created_at": "Fri Apr 24 07:07:06 +0000 2015"}{"created_at": "Fri Apr 24 07:07:29 +0000 2015"}{"created_at": "Fri Apr 24 07:08:25 +0000 2015"}{"created_at": "Fri Apr 24 07:08:48 +0000 2015"}{"created_at": "Fri Apr 24 07:09:49 +0000 2015"}{"created_at": "Fri Apr 24 07:10:27 +0000 2015"}{"created_at": "Fri Apr 24 07:17:21 +0000 2015"}{"created_at": "Fri Apr 24 07:16:56 +0000 2015"}{"created_at": "Fri Apr 24 07:16:47 +0000 2015"}{"created_at": "Fri Apr 24 07:15:56 +0000 2015"}{"created_at": "Fri Apr 24 07:14:53 +0000 2015"}{"created_at": "Fri Apr 24 07:14:52 +0000 2015"}{"created_at": "Fri Apr 24 07:14:35 +0000 2015"}{"created_at": "Fri Apr 24 07:14:08 +0000 2015"}{"created_at": "Fri Apr 24 07:13:58 +0000 2015"}{"created_at": "Fri Apr 24 07:13:36 +0000 2015"}{"created_at": "Fri Apr 24 07:11:36 +0000 2015"}{"created_at": "Fri Apr 24 07:11:00 +0000 2015"}{"created_at": "Fri Apr 24 07:10:31 +0000 2015"}{"created_at": "Fri Apr 24 07:17:21 +0000 2015"}{"created_at": "Fri Apr 24 07:16:56 +0000 2015"}{"created_at": "Fri Apr 24 07:16:47 +0000 2015"}{"created_at": "Fri Apr 24 07:15:56 +0000 2015"}{"created_at": "Fri Apr 24 07:14:53 +0000 2015"}{"created_at": "Fri Apr 24 07:14:52 +0000 2015"}{"created_at": "Fri Apr 24 07:14:35 +0000 2015"}{"created_at": "Fri Apr 24 07:14:08 +0000 2015"}{"created_at": "Fri Apr 24 07:13:58 +0000 2015"}{"created_at": "Fri Apr 24 07:13:36 +0000 2015"}{"created_at": "Fri Apr 24 07:11:36 +0000 2015"}{"created_at": "Fri Apr 24 07:11:00 +0000 2015"}{"created_at": "Fri Apr 24 07:17:21 +0000 2015"}{"created_at": "Fri Apr 24 07:16:56 +0000 2015"}{"created_at": "Fri Apr 24 07:16:47 +0000 2015"}{"created_at": "Fri Apr 24 07:15:56 +0000 2015"}{"created_at": "Fri Apr 24 07:14:53 +0000 2015"}{"created_at": "Fri Apr 24 07:14:52 +0000 2015"}{"created_at": "Fri Apr 24 07:14:35 +0000 2015"}{"created_at": "Fri Apr 24 07:14:08 +0000 2015"}{"created_at": "Fri Apr 24 07:13:58 +0000 2015"}{"created_at": "Fri Apr 24 07:13:36 +0000 2015"}{"created_at": "Fri Apr 24 07:11:36 +0000 2015"}{"created_at": "Fri Apr 24 07:17:21 +0000 2015"}{"created_at": "Fri Apr 24 07:16:56 +0000 2015"}{"created_at": "Fri Apr 24 07:16:47 +0000 2015"}{"created_at": "Fri Apr 24 07:15:56 +0000 2015"}{"created_at": "Fri Apr 24 07:14:53 +0000 2015"}{"created_at": "Fri Apr 24 07:14:52 +0000 2015"}{"created_at": "Fri Apr 24 07:14:35 +0000 2015"}{"created_at": "Fri Apr 24 07:14:08 +0000 2015"}{"created_at": "Fri Apr 24 07:13:58 +0000 2015"}{"created_at": "Fri Apr 24 07:13:36 +0000 2015"}{"created_at": "Fri Apr 24 07:17:21 +0000 2015"}{"created_at": "Fri Apr 24 07:16:56 +0000 2015"}{"created_at": "Fri Apr 24 07:16:47 +0000 2015"}{"created_at": "Fri Apr 24 07:15:56 +0000 2015"}{"created_at": "Fri Apr 24 07:14:53 +0000 2015"}{"created_at": "Fri Apr 24 07:14:52 +0000 2015"}{"created_at": "Fri Apr 24 07:14:35 +0000 2015"}{"created_at": "Fri Apr 24 07:14:08 +0000 2015"}{"created_at": "Fri Apr 24 07:13:58 +0000 2015"}{"created_at": "Fri Apr 24 07:17:21 +0000 2015"}{"created_at": "Fri Apr 24 07:16:56 +0000 2015"}{"created_at": "Fri Apr 24 07:16:47 +0000 2015"}{"created_at": "Fri Apr 24 07:15:56 +0000 2015"}{"created_at": "Fri Apr 24 07:14:53 +0000 2015"}{"created_at": "Fri Apr 24 07:14:52 +0000 2015"}{"created_at": "Fri Apr 24 07:14:35 +0000 2015"}{"created_at": "Fri Apr 24 07:14:08 +0000 2015"}{"created_at": "Fri Apr 24 07:17:21 +0000 2015"}{"created_at": "Fri Apr 24 07:16:56 +0000 2015"}{"created_at": "Fri Apr 24 07:16:47 +0000 2015"}{"created_at": "Fri Apr 24 07:15:56 +0000 2015"}{"created_at": "Fri Apr 24 07:14:53 +0000 2015"}{"created_at": "Fri Apr 24 07:14:52 +0000 2015"}{"created_at": "Fri Apr 24 07:14:35 +0000 2015"}{"created_at": "Fri Apr 24 07:17:21 +0000 2015"}{"created_at": "Fri Apr 24 07:16:56 +0000 2015"}{"created_at": "Fri Apr 24 07:16:47 +0000 2015"}{"created_at": "Fri Apr 24 07:15:56 +0000 2015"}{"created_at": "Fri Apr 24 07:14:53 +0000 2015"}{"created_at": "Fri Apr 24 07:14:52 +0000 2015"}{"created_at": "Fri Apr 24 07:17:21 +0000 2015"}{"created_at": "Fri Apr 24 07:16:56 +0000 2015"}{"created_at": "Fri Apr 24 07:16:47 +0000 2015"}{"created_at": "Fri Apr 24 07:15:56 +0000 2015"}{"created_at": "Fri Apr 24 07:14:53 +0000 2015"}{"created_at": "Fri Apr 24 07:17:21 +0000 2015"}{"created_at": "Fri Apr 24 07:16:56 +0000 2015"}{"created_at": "Fri Apr 24 07:16:47 +0000 2015"}{"created_at": "Fri Apr 24 07:15:56 +0000 2015"}{"created_at": "Fri Apr 24 07:17:21 +0000 2015"}{"created_at": "Fri Apr 24 07:16:56 +0000 2015"}{"created_at": "Fri Apr 24 07:16:47 +0000 2015"}{"created_at": "Fri Apr 24 07:17:21 +0000 2015"}{"created_at": "Fri Apr 24 07:16:56 +0000 2015"}{"created_at": "Fri Apr 24 07:17:21 +0000 2015"}{"created_at": "Fri Apr 24 07:18:18 +0000 2015"}{"created_at": "Fri Apr 24 07:18:48 +0000 2015"}{"created_at": "Fri Apr 24 07:18:52 +0000 2015"}{"created_at": "Fri Apr 24 07:19:15 +0000 2015"}{"created_at": "Fri Apr 24 07:18:57 +0000 2015"}{"created_at": "Fri Apr 24 07:19:15 +0000 2015"}{"created_at": "Fri Apr 24 07:19:19 +0000 2015"}{"created_at": "Fri Apr 24 07:19:58 +0000 2015"}{"created_at": "Fri Apr 24 07:19:53 +0000 2015"}{"created_at": "Fri Apr 24 07:19:58 +0000 2015"}{"created_at": "Fri Apr 24 07:20:10 +0000 2015"}{"created_at": "Fri Apr 24 07:20:32 +0000 2015"}{"created_at": "Fri Apr 24 07:21:01 +0000 2015"}{"created_at": "Fri Apr 24 07:21:30 +0000 2015"}{"created_at": "Fri Apr 24 07:21:55 +0000 2015"}{"created_at": "Fri Apr 24 07:21:54 +0000 2015"}{"created_at": "Fri Apr 24 07:21:41 +0000 2015"}{"created_at": "Fri Apr 24 07:21:41 +0000 2015"}{"created_at": "Fri Apr 24 07:21:58 +0000 2015"}{"created_at": "Fri Apr 24 07:21:55 +0000 2015"}{"created_at": "Fri Apr 24 07:21:54 +0000 2015"}{"created_at": "Fri Apr 24 07:21:41 +0000 2015"}{"created_at": "Fri Apr 24 07:21:58 +0000 2015"}{"created_at": "Fri Apr 24 07:21:55 +0000 2015"}{"created_at": "Fri Apr 24 07:21:54 +0000 2015"}{"created_at": "Fri Apr 24 07:21:58 +0000 2015"}{"created_at": "Fri Apr 24 07:21:55 +0000 2015"}{"created_at": "Fri Apr 24 07:21:58 +0000 2015"}{"created_at": "Fri Apr 24 07:22:08 +0000 2015"}{"created_at": "Fri Apr 24 07:22:33 +0000 2015"}{"created_at": "Fri Apr 24 07:23:10 +0000 2015"}{"created_at": "Fri Apr 24 07:23:28 +0000 2015"}{"created_at": "Fri Apr 24 07:23:27 +0000 2015"}{"created_at": "Fri Apr 24 07:23:28 +0000 2015"}{"created_at": "Fri Apr 24 07:23:44 +0000 2015"}{"created_at": "Fri Apr 24 07:26:22 +0000 2015"}{"created_at": "Fri Apr 24 07:33:42 +0000 2015"}{"created_at": "Fri Apr 24 07:32:57 +0000 2015"}{"created_at": "Fri Apr 24 07:32:45 +0000 2015"}{"created_at": "Fri Apr 24 07:32:42 +0000 2015"}{"created_at": "Fri Apr 24 07:32:26 +0000 2015"}{"created_at": "Fri Apr 24 07:32:24 +0000 2015"}{"created_at": "Fri Apr 24 07:32:17 +0000 2015"}{"created_at": "Fri Apr 24 07:32:13 +0000 2015"}{"created_at": "Fri Apr 24 07:31:40 +0000 2015"}{"created_at": "Fri Apr 24 07:31:21 +0000 2015"}{"created_at": "Fri Apr 24 07:30:41 +0000 2015"}{"created_at": "Fri Apr 24 07:30:12 +0000 2015"}{"created_at": "Fri Apr 24 07:29:53 +0000 2015"}{"created_at": "Fri Apr 24 07:28:55 +0000 2015"}{"created_at": "Fri Apr 24 07:28:54 +0000 2015"}{"created_at": "Fri Apr 24 07:33:42 +0000 2015"}{"created_at": "Fri Apr 24 07:32:57 +0000 2015"}{"created_at": "Fri Apr 24 07:32:45 +0000 2015"}{"created_at": "Fri Apr 24 07:32:42 +0000 2015"}{"created_at": "Fri Apr 24 07:32:26 +0000 2015"}{"created_at": "Fri Apr 24 07:32:24 +0000 2015"}{"created_at": "Fri Apr 24 07:32:17 +0000 2015"}{"created_at": "Fri Apr 24 07:32:13 +0000 2015"}{"created_at": "Fri Apr 24 07:31:40 +0000 2015"}{"created_at": "Fri Apr 24 07:31:21 +0000 2015"}{"created_at": "Fri Apr 24 07:30:41 +0000 2015"}{"created_at": "Fri Apr 24 07:30:12 +0000 2015"}{"created_at": "Fri Apr 24 07:29:53 +0000 2015"}{"created_at": "Fri Apr 24 07:28:55 +0000 2015"}{"created_at": "Fri Apr 24 07:33:42 +0000 2015"}{"created_at": "Fri Apr 24 07:32:57 +0000 2015"}{"created_at": "Fri Apr 24 07:32:45 +0000 2015"}{"created_at": "Fri Apr 24 07:32:42 +0000 2015"}{"created_at": "Fri Apr 24 07:32:26 +0000 2015"}{"created_at": "Fri Apr 24 07:32:24 +0000 2015"}{"created_at": "Fri Apr 24 07:32:17 +0000 2015"}{"created_at": "Fri Apr 24 07:32:13 +0000 2015"}{"created_at": "Fri Apr 24 07:31:40 +0000 2015"}{"created_at": "Fri Apr 24 07:31:21 +0000 2015"}{"created_at": "Fri Apr 24 07:30:41 +0000 2015"}{"created_at": "Fri Apr 24 07:30:12 +0000 2015"}{"created_at": "Fri Apr 24 07:29:53 +0000 2015"}{"created_at": "Fri Apr 24 07:33:42 +0000 2015"}{"created_at": "Fri Apr 24 07:32:57 +0000 2015"}{"created_at": "Fri Apr 24 07:32:45 +0000 2015"}{"created_at": "Fri Apr 24 07:32:42 +0000 2015"}{"created_at": "Fri Apr 24 07:32:26 +0000 2015"}{"created_at": "Fri Apr 24 07:32:24 +0000 2015"}{"created_at": "Fri Apr 24 07:32:17 +0000 2015"}{"created_at": "Fri Apr 24 07:32:13 +0000 2015"}{"created_at": "Fri Apr 24 07:31:40 +0000 2015"}{"created_at": "Fri Apr 24 07:31:21 +0000 2015"}{"created_at": "Fri Apr 24 07:30:41 +0000 2015"}{"created_at": "Fri Apr 24 07:30:12 +0000 2015"}{"created_at": "Fri Apr 24 07:33:42 +0000 2015"}{"created_at": "Fri Apr 24 07:32:57 +0000 2015"}{"created_at": "Fri Apr 24 07:32:45 +0000 2015"}{"created_at": "Fri Apr 24 07:32:42 +0000 2015"}{"created_at": "Fri Apr 24 07:32:26 +0000 2015"}{"created_at": "Fri Apr 24 07:32:24 +0000 2015"}{"created_at": "Fri Apr 24 07:32:17 +0000 2015"}{"created_at": "Fri Apr 24 07:32:13 +0000 2015"}{"created_at": "Fri Apr 24 07:31:40 +0000 2015"}{"created_at": "Fri Apr 24 07:31:21 +0000 2015"}{"created_at": "Fri Apr 24 07:30:41 +0000 2015"}{"created_at": "Fri Apr 24 07:33:42 +0000 2015"}{"created_at": "Fri Apr 24 07:32:57 +0000 2015"}{"created_at": "Fri Apr 24 07:32:45 +0000 2015"}{"created_at": "Fri Apr 24 07:32:42 +0000 2015"}{"created_at": "Fri Apr 24 07:32:26 +0000 2015"}{"created_at": "Fri Apr 24 07:32:24 +0000 2015"}{"created_at": "Fri Apr 24 07:32:17 +0000 2015"}{"created_at": "Fri Apr 24 07:32:13 +0000 2015"}{"created_at": "Fri Apr 24 07:31:40 +0000 2015"}{"created_at": "Fri Apr 24 07:31:21 +0000 2015"}{"created_at": "Fri Apr 24 07:33:42 +0000 2015"}{"created_at": "Fri Apr 24 07:32:57 +0000 2015"}{"created_at": "Fri Apr 24 07:32:45 +0000 2015"}{"created_at": "Fri Apr 24 07:32:42 +0000 2015"}{"created_at": "Fri Apr 24 07:32:26 +0000 2015"}{"created_at": "Fri Apr 24 07:32:24 +0000 2015"}{"created_at": "Fri Apr 24 07:32:17 +0000 2015"}{"created_at": "Fri Apr 24 07:32:13 +0000 2015"}{"created_at": "Fri Apr 24 07:31:40 +0000 2015"}{"created_at": "Fri Apr 24 07:33:42 +0000 2015"}{"created_at": "Fri Apr 24 07:32:57 +0000 2015"}{"created_at": "Fri Apr 24 07:32:45 +0000 2015"}{"created_at": "Fri Apr 24 07:32:42 +0000 2015"}{"created_at": "Fri Apr 24 07:32:26 +0000 2015"}{"created_at": "Fri Apr 24 07:32:24 +0000 2015"}{"created_at": "Fri Apr 24 07:32:17 +0000 2015"}{"created_at": "Fri Apr 24 07:32:13 +0000 2015"}{"created_at": "Fri Apr 24 07:33:42 +0000 2015"}{"created_at": "Fri Apr 24 07:32:57 +0000 2015"}{"created_at": "Fri Apr 24 07:32:45 +0000 2015"}{"created_at": "Fri Apr 24 07:32:42 +0000 2015"}{"created_at": "Fri Apr 24 07:32:26 +0000 2015"}{"created_at": "Fri Apr 24 07:32:24 +0000 2015"}{"created_at": "Fri Apr 24 07:32:17 +0000 2015"}{"created_at": "Fri Apr 24 07:33:42 +0000 2015"}{"created_at": "Fri Apr 24 07:32:57 +0000 2015"}{"created_at": "Fri Apr 24 07:32:45 +0000 2015"}{"created_at": "Fri Apr 24 07:32:42 +0000 2015"}{"created_at": "Fri Apr 24 07:32:26 +0000 2015"}{"created_at": "Fri Apr 24 07:32:24 +0000 2015"}{"created_at": "Fri Apr 24 07:33:42 +0000 2015"}{"created_at": "Fri Apr 24 07:32:57 +0000 2015"}{"created_at": "Fri Apr 24 07:32:45 +0000 2015"}{"created_at": "Fri Apr 24 07:32:42 +0000 2015"}{"created_at": "Fri Apr 24 07:32:26 +0000 2015"}{"created_at": "Fri Apr 24 07:33:42 +0000 2015"}{"created_at": "Fri Apr 24 07:32:57 +0000 2015"}{"created_at": "Fri Apr 24 07:32:45 +0000 2015"}{"created_at": "Fri Apr 24 07:32:42 +0000 2015"}{"created_at": "Fri Apr 24 07:33:42 +0000 2015"}{"created_at": "Fri Apr 24 07:32:57 +0000 2015"}{"created_at": "Fri Apr 24 07:32:45 +0000 2015"}{"created_at": "Fri Apr 24 07:33:42 +0000 2015"}{"created_at": "Fri Apr 24 07:32:57 +0000 2015"}{"created_at": "Fri Apr 24 07:33:42 +0000 2015"}{"created_at": "Fri Apr 24 07:35:23 +0000 2015"}{"created_at": "Fri Apr 24 07:35:20 +0000 2015"}{"created_at": "Fri Apr 24 07:35:23 +0000 2015"}{"created_at": "Fri Apr 24 07:35:42 +0000 2015"}{"created_at": "Fri Apr 24 07:36:10 +0000 2015"}{"created_at": "Fri Apr 24 07:36:03 +0000 2015"}{"created_at": "Fri Apr 24 07:36:10 +0000 2015"}{"created_at": "Fri Apr 24 07:36:29 +0000 2015"}{"created_at": "Fri Apr 24 07:36:46 +0000 2015"}{"created_at": "Fri Apr 24 07:37:15 +0000 2015"}{"created_at": "Fri Apr 24 07:37:13 +0000 2015"}{"created_at": "Fri Apr 24 07:37:15 +0000 2015"}{"created_at": "Fri Apr 24 07:37:44 +0000 2015"}{"created_at": "Fri Apr 24 07:38:00 +0000 2015"}{"created_at": "Fri Apr 24 07:38:10 +0000 2015"}{"created_at": "Fri Apr 24 07:38:30 +0000 2015"}{"created_at": "Fri Apr 24 07:38:50 +0000 2015"}{"created_at": "Fri Apr 24 07:39:05 +0000 2015"}{"created_at": "Fri Apr 24 07:39:31 +0000 2015"}{"created_at": "Fri Apr 24 07:39:24 +0000 2015"}{"created_at": "Fri Apr 24 07:39:31 +0000 2015"}{"created_at": "Fri Apr 24 07:40:19 +0000 2015"}{"created_at": "Fri Apr 24 07:40:46 +0000 2015"}{"created_at": "Fri Apr 24 07:41:04 +0000 2015"}{"created_at": "Fri Apr 24 07:40:53 +0000 2015"}{"created_at": "Fri Apr 24 07:41:04 +0000 2015"}{"created_at": "Fri Apr 24 07:41:20 +0000 2015"}{"created_at": "Fri Apr 24 07:42:01 +0000 2015"}{"created_at": "Fri Apr 24 07:41:57 +0000 2015"}{"created_at": "Fri Apr 24 07:42:01 +0000 2015"}{"created_at": "Fri Apr 24 07:42:31 +0000 2015"}{"created_at": "Fri Apr 24 07:42:42 +0000 2015"}{"created_at": "Fri Apr 24 07:44:02 +0000 2015"}{"created_at": "Fri Apr 24 07:44:02 +0000 2015"}{"created_at": "Fri Apr 24 07:43:50 +0000 2015"}{"created_at": "Fri Apr 24 07:44:02 +0000 2015"}{"created_at": "Fri Apr 24 07:44:02 +0000 2015"}{"created_at": "Fri Apr 24 07:44:02 +0000 2015"}{"created_at": "Fri Apr 24 07:44:20 +0000 2015"}{"created_at": "Fri Apr 24 07:44:33 +0000 2015"}{"created_at": "Fri Apr 24 07:51:45 +0000 2015"}{"created_at": "Fri Apr 24 07:51:38 +0000 2015"}{"created_at": "Fri Apr 24 07:51:19 +0000 2015"}{"created_at": "Fri Apr 24 07:51:19 +0000 2015"}{"created_at": "Fri Apr 24 07:50:57 +0000 2015"}{"created_at": "Fri Apr 24 07:50:51 +0000 2015"}{"created_at": "Fri Apr 24 07:50:27 +0000 2015"}{"created_at": "Fri Apr 24 07:50:21 +0000 2015"}{"created_at": "Fri Apr 24 07:50:12 +0000 2015"}{"created_at": "Fri Apr 24 07:49:16 +0000 2015"}{"created_at": "Fri Apr 24 07:49:04 +0000 2015"}{"created_at": "Fri Apr 24 07:48:50 +0000 2015"}{"created_at": "Fri Apr 24 07:48:31 +0000 2015"}{"created_at": "Fri Apr 24 07:48:25 +0000 2015"}{"created_at": "Fri Apr 24 07:47:28 +0000 2015"}{"created_at": "Fri Apr 24 07:51:45 +0000 2015"}{"created_at": "Fri Apr 24 07:51:38 +0000 2015"}{"created_at": "Fri Apr 24 07:51:19 +0000 2015"}{"created_at": "Fri Apr 24 07:51:19 +0000 2015"}{"created_at": "Fri Apr 24 07:50:57 +0000 2015"}{"created_at": "Fri Apr 24 07:50:51 +0000 2015"}{"created_at": "Fri Apr 24 07:50:27 +0000 2015"}{"created_at": "Fri Apr 24 07:50:21 +0000 2015"}{"created_at": "Fri Apr 24 07:50:12 +0000 2015"}{"created_at": "Fri Apr 24 07:49:16 +0000 2015"}{"created_at": "Fri Apr 24 07:49:04 +0000 2015"}{"created_at": "Fri Apr 24 07:48:50 +0000 2015"}{"created_at": "Fri Apr 24 07:48:31 +0000 2015"}{"created_at": "Fri Apr 24 07:48:25 +0000 2015"}{"created_at": "Fri Apr 24 07:51:45 +0000 2015"}{"created_at": "Fri Apr 24 07:51:38 +0000 2015"}{"created_at": "Fri Apr 24 07:51:19 +0000 2015"}{"created_at": "Fri Apr 24 07:51:19 +0000 2015"}{"created_at": "Fri Apr 24 07:50:57 +0000 2015"}{"created_at": "Fri Apr 24 07:50:51 +0000 2015"}{"created_at": "Fri Apr 24 07:50:27 +0000 2015"}{"created_at": "Fri Apr 24 07:50:21 +0000 2015"}{"created_at": "Fri Apr 24 07:50:12 +0000 2015"}{"created_at": "Fri Apr 24 07:49:16 +0000 2015"}{"created_at": "Fri Apr 24 07:49:04 +0000 2015"}{"created_at": "Fri Apr 24 07:48:50 +0000 2015"}{"created_at": "Fri Apr 24 07:48:31 +0000 2015"}{"created_at": "Fri Apr 24 07:51:45 +0000 2015"}{"created_at": "Fri Apr 24 07:51:38 +0000 2015"}{"created_at": "Fri Apr 24 07:51:19 +0000 2015"}{"created_at": "Fri Apr 24 07:51:19 +0000 2015"}{"created_at": "Fri Apr 24 07:50:57 +0000 2015"}{"created_at": "Fri Apr 24 07:50:51 +0000 2015"}{"created_at": "Fri Apr 24 07:50:27 +0000 2015"}{"created_at": "Fri Apr 24 07:50:21 +0000 2015"}{"created_at": "Fri Apr 24 07:50:12 +0000 2015"}{"created_at": "Fri Apr 24 07:49:16 +0000 2015"}{"created_at": "Fri Apr 24 07:49:04 +0000 2015"}{"created_at": "Fri Apr 24 07:48:50 +0000 2015"}{"created_at": "Fri Apr 24 07:51:45 +0000 2015"}{"created_at": "Fri Apr 24 07:51:38 +0000 2015"}{"created_at": "Fri Apr 24 07:51:19 +0000 2015"}{"created_at": "Fri Apr 24 07:51:19 +0000 2015"}{"created_at": "Fri Apr 24 07:50:57 +0000 2015"}{"created_at": "Fri Apr 24 07:50:51 +0000 2015"}{"created_at": "Fri Apr 24 07:50:27 +0000 2015"}{"created_at": "Fri Apr 24 07:50:21 +0000 2015"}{"created_at": "Fri Apr 24 07:50:12 +0000 2015"}{"created_at": "Fri Apr 24 07:49:16 +0000 2015"}{"created_at": "Fri Apr 24 07:49:04 +0000 2015"}{"created_at": "Fri Apr 24 07:51:45 +0000 2015"}{"created_at": "Fri Apr 24 07:51:38 +0000 2015"}{"created_at": "Fri Apr 24 07:51:19 +0000 2015"}{"created_at": "Fri Apr 24 07:51:19 +0000 2015"}{"created_at": "Fri Apr 24 07:50:57 +0000 2015"}{"created_at": "Fri Apr 24 07:50:51 +0000 2015"}{"created_at": "Fri Apr 24 07:50:27 +0000 2015"}{"created_at": "Fri Apr 24 07:50:21 +0000 2015"}{"created_at": "Fri Apr 24 07:50:12 +0000 2015"}{"created_at": "Fri Apr 24 07:49:16 +0000 2015"}{"created_at": "Fri Apr 24 07:51:45 +0000 2015"}{"created_at": "Fri Apr 24 07:51:38 +0000 2015"}{"created_at": "Fri Apr 24 07:51:19 +0000 2015"}{"created_at": "Fri Apr 24 07:51:19 +0000 2015"}{"created_at": "Fri Apr 24 07:50:57 +0000 2015"}{"created_at": "Fri Apr 24 07:50:51 +0000 2015"}{"created_at": "Fri Apr 24 07:50:27 +0000 2015"}{"created_at": "Fri Apr 24 07:50:21 +0000 2015"}{"created_at": "Fri Apr 24 07:50:12 +0000 2015"}{"created_at": "Fri Apr 24 07:51:45 +0000 2015"}{"created_at": "Fri Apr 24 07:51:38 +0000 2015"}{"created_at": "Fri Apr 24 07:51:19 +0000 2015"}{"created_at": "Fri Apr 24 07:51:19 +0000 2015"}{"created_at": "Fri Apr 24 07:50:57 +0000 2015"}{"created_at": "Fri Apr 24 07:50:51 +0000 2015"}{"created_at": "Fri Apr 24 07:50:27 +0000 2015"}{"created_at": "Fri Apr 24 07:50:21 +0000 2015"}{"created_at": "Fri Apr 24 07:51:45 +0000 2015"}{"created_at": "Fri Apr 24 07:51:38 +0000 2015"}{"created_at": "Fri Apr 24 07:51:19 +0000 2015"}{"created_at": "Fri Apr 24 07:51:19 +0000 2015"}{"created_at": "Fri Apr 24 07:50:57 +0000 2015"}{"created_at": "Fri Apr 24 07:50:51 +0000 2015"}{"created_at": "Fri Apr 24 07:50:27 +0000 2015"}{"created_at": "Fri Apr 24 07:51:45 +0000 2015"}{"created_at": "Fri Apr 24 07:51:38 +0000 2015"}{"created_at": "Fri Apr 24 07:51:19 +0000 2015"}{"created_at": "Fri Apr 24 07:51:19 +0000 2015"}{"created_at": "Fri Apr 24 07:50:57 +0000 2015"}{"created_at": "Fri Apr 24 07:50:51 +0000 2015"}{"created_at": "Fri Apr 24 07:51:45 +0000 2015"}{"created_at": "Fri Apr 24 07:51:38 +0000 2015"}{"created_at": "Fri Apr 24 07:51:19 +0000 2015"}{"created_at": "Fri Apr 24 07:51:19 +0000 2015"}{"created_at": "Fri Apr 24 07:50:57 +0000 2015"}{"created_at": "Fri Apr 24 07:52:13 +0000 2015"}{"created_at": "Fri Apr 24 07:51:45 +0000 2015"}{"created_at": "Fri Apr 24 07:51:38 +0000 2015"}{"created_at": "Fri Apr 24 07:51:19 +0000 2015"}{"created_at": "Fri Apr 24 07:51:19 +0000 2015"}{"created_at": "Fri Apr 24 07:52:13 +0000 2015"}{"created_at": "Fri Apr 24 07:51:45 +0000 2015"}{"created_at": "Fri Apr 24 07:51:38 +0000 2015"}{"created_at": "Fri Apr 24 07:51:19 +0000 2015"}{"created_at": "Fri Apr 24 07:52:13 +0000 2015"}{"created_at": "Fri Apr 24 07:51:45 +0000 2015"}{"created_at": "Fri Apr 24 07:51:38 +0000 2015"}{"created_at": "Fri Apr 24 07:52:13 +0000 2015"}{"created_at": "Fri Apr 24 07:51:45 +0000 2015"}{"created_at": "Fri Apr 24 07:52:13 +0000 2015"}{"created_at": "Fri Apr 24 07:52:33 +0000 2015"}{"created_at": "Fri Apr 24 07:52:33 +0000 2015"}{"created_at": "Fri Apr 24 07:52:30 +0000 2015"}{"created_at": "Fri Apr 24 07:52:33 +0000 2015"}{"created_at": "Fri Apr 24 07:52:33 +0000 2015"}{"created_at": "Fri Apr 24 07:52:33 +0000 2015"}{"created_at": "Fri Apr 24 07:52:54 +0000 2015"}{"created_at": "Fri Apr 24 07:53:47 +0000 2015"}{"created_at": "Fri Apr 24 07:53:41 +0000 2015"}{"created_at": "Fri Apr 24 07:53:36 +0000 2015"}{"created_at": "Fri Apr 24 07:53:47 +0000 2015"}{"created_at": "Fri Apr 24 07:53:41 +0000 2015"}{"created_at": "Fri Apr 24 07:53:47 +0000 2015"}{"created_at": "Fri Apr 24 07:54:08 +0000 2015"}{"created_at": "Fri Apr 24 07:54:04 +0000 2015"}{"created_at": "Fri Apr 24 07:54:08 +0000 2015"}{"created_at": "Fri Apr 24 07:54:29 +0000 2015"}{"created_at": "Fri Apr 24 07:55:50 +0000 2015"}{"created_at": "Fri Apr 24 07:57:42 +0000 2015"}{"created_at": "Fri Apr 24 07:57:40 +0000 2015"}{"created_at": "Fri Apr 24 07:57:42 +0000 2015"}{"created_at": "Fri Apr 24 07:58:18 +0000 2015"}{"created_at": "Fri Apr 24 07:59:05 +0000 2015"}{"created_at": "Fri Apr 24 08:01:01 +0000 2015"}{"created_at": "Fri Apr 24 08:02:14 +0000 2015"}{"created_at": "Fri Apr 24 08:02:39 +0000 2015"}{"created_at": "Fri Apr 24 08:03:23 +0000 2015"}{"created_at": "Fri Apr 24 08:03:54 +0000 2015"}{"created_at": "Fri Apr 24 08:04:23 +0000 2015"}{"created_at": "Fri Apr 24 08:05:31 +0000 2015"}{"created_at": "Fri Apr 24 08:07:33 +0000 2015"}{"created_at": "Fri Apr 24 08:08:12 +0000 2015"}{"created_at": "Fri Apr 24 08:09:06 +0000 2015"}{"created_at": "Fri Apr 24 08:09:34 +0000 2015"}{"created_at": "Fri Apr 24 08:10:24 +0000 2015"}{"created_at": "Fri Apr 24 08:10:23 +0000 2015"}{"created_at": "Fri Apr 24 08:10:24 +0000 2015"}{"created_at": "Fri Apr 24 08:10:49 +0000 2015"}{"created_at": "Fri Apr 24 08:11:07 +0000 2015"}{"created_at": "Fri Apr 24 08:11:21 +0000 2015"}{"created_at": "Fri Apr 24 08:12:32 +0000 2015"}{"created_at": "Fri Apr 24 08:12:26 +0000 2015"}{"created_at": "Fri Apr 24 08:12:23 +0000 2015"}{"created_at": "Fri Apr 24 08:12:42 +0000 2015"}{"created_at": "Fri Apr 24 08:12:32 +0000 2015"}{"created_at": "Fri Apr 24 08:12:26 +0000 2015"}{"created_at": "Fri Apr 24 08:12:42 +0000 2015"}{"created_at": "Fri Apr 24 08:12:32 +0000 2015"}{"created_at": "Fri Apr 24 08:12:42 +0000 2015"}{"created_at": "Fri Apr 24 08:12:58 +0000 2015"}{"created_at": "Fri Apr 24 08:13:22 +0000 2015"}{"created_at": "Fri Apr 24 08:14:03 +0000 2015"}{"created_at": "Fri Apr 24 08:15:21 +0000 2015"}{"created_at": "Fri Apr 24 08:17:20 +0000 2015"}{"created_at": "Fri Apr 24 08:17:08 +0000 2015"}{"created_at": "Fri Apr 24 08:17:20 +0000 2015"}{"created_at": "Fri Apr 24 08:17:58 +0000 2015"}{"created_at": "Fri Apr 24 08:17:56 +0000 2015"}{"created_at": "Fri Apr 24 08:18:07 +0000 2015"}{"created_at": "Fri Apr 24 08:17:58 +0000 2015"}{"created_at": "Fri Apr 24 08:18:07 +0000 2015"}{"created_at": "Mon Apr 27 08:56:18 +0000 2015"}{"created_at": "Mon Apr 27 08:55:39 +0000 2015"}{"created_at": "Mon Apr 27 08:55:35 +0000 2015"}{"created_at": "Mon Apr 27 08:54:41 +0000 2015"}{"created_at": "Mon Apr 27 08:53:11 +0000 2015"}{"created_at": "Mon Apr 27 08:51:24 +0000 2015"}{"created_at": "Mon Apr 27 08:50:09 +0000 2015"}{"created_at": "Mon Apr 27 08:49:36 +0000 2015"}{"created_at": "Mon Apr 27 08:45:32 +0000 2015"}{"created_at": "Mon Apr 27 08:44:20 +0000 2015"}{"created_at": "Mon Apr 27 08:41:55 +0000 2015"}{"created_at": "Mon Apr 27 08:37:07 +0000 2015"}{"created_at": "Mon Apr 27 08:36:52 +0000 2015"}{"created_at": "Mon Apr 27 08:36:35 +0000 2015"}{"created_at": "Mon Apr 27 08:34:36 +0000 2015"}{"created_at": "Mon Apr 27 08:56:18 +0000 2015"}{"created_at": "Mon Apr 27 08:55:39 +0000 2015"}{"created_at": "Mon Apr 27 08:55:35 +0000 2015"}{"created_at": "Mon Apr 27 08:54:41 +0000 2015"}{"created_at": "Mon Apr 27 08:53:11 +0000 2015"}{"created_at": "Mon Apr 27 08:51:24 +0000 2015"}{"created_at": "Mon Apr 27 08:50:09 +0000 2015"}{"created_at": "Mon Apr 27 08:49:36 +0000 2015"}{"created_at": "Mon Apr 27 08:45:32 +0000 2015"}{"created_at": "Mon Apr 27 08:44:20 +0000 2015"}{"created_at": "Mon Apr 27 08:41:55 +0000 2015"}{"created_at": "Mon Apr 27 08:37:07 +0000 2015"}{"created_at": "Mon Apr 27 08:36:52 +0000 2015"}{"created_at": "Mon Apr 27 08:36:35 +0000 2015"}{"created_at": "Mon Apr 27 08:56:18 +0000 2015"}{"created_at": "Mon Apr 27 08:55:39 +0000 2015"}{"created_at": "Mon Apr 27 08:55:35 +0000 2015"}{"created_at": "Mon Apr 27 08:54:41 +0000 2015"}{"created_at": "Mon Apr 27 08:53:11 +0000 2015"}{"created_at": "Mon Apr 27 08:51:24 +0000 2015"}{"created_at": "Mon Apr 27 08:50:09 +0000 2015"}{"created_at": "Mon Apr 27 08:49:36 +0000 2015"}{"created_at": "Mon Apr 27 08:45:32 +0000 2015"}{"created_at": "Mon Apr 27 08:44:20 +0000 2015"}{"created_at": "Mon Apr 27 08:41:55 +0000 2015"}{"created_at": "Mon Apr 27 08:37:07 +0000 2015"}{"created_at": "Mon Apr 27 08:36:52 +0000 2015"}{"created_at": "Mon Apr 27 08:56:18 +0000 2015"}{"created_at": "Mon Apr 27 08:55:39 +0000 2015"}{"created_at": "Mon Apr 27 08:55:35 +0000 2015"}{"created_at": "Mon Apr 27 08:54:41 +0000 2015"}{"created_at": "Mon Apr 27 08:53:11 +0000 2015"}{"created_at": "Mon Apr 27 08:51:24 +0000 2015"}{"created_at": "Mon Apr 27 08:50:09 +0000 2015"}{"created_at": "Mon Apr 27 08:49:36 +0000 2015"}{"created_at": "Mon Apr 27 08:45:32 +0000 2015"}{"created_at": "Mon Apr 27 08:44:20 +0000 2015"}{"created_at": "Mon Apr 27 08:41:55 +0000 2015"}{"created_at": "Mon Apr 27 08:37:07 +0000 2015"}{"created_at": "Mon Apr 27 08:56:18 +0000 2015"}{"created_at": "Mon Apr 27 08:55:39 +0000 2015"}{"created_at": "Mon Apr 27 08:55:35 +0000 2015"}{"created_at": "Mon Apr 27 08:54:41 +0000 2015"}{"created_at": "Mon Apr 27 08:53:11 +0000 2015"}{"created_at": "Mon Apr 27 08:51:24 +0000 2015"}{"created_at": "Mon Apr 27 08:50:09 +0000 2015"}{"created_at": "Mon Apr 27 08:49:36 +0000 2015"}{"created_at": "Mon Apr 27 08:45:32 +0000 2015"}{"created_at": "Mon Apr 27 08:44:20 +0000 2015"}{"created_at": "Mon Apr 27 08:41:55 +0000 2015"}{"created_at": "Mon Apr 27 08:56:18 +0000 2015"}{"created_at": "Mon Apr 27 08:55:39 +0000 2015"}{"created_at": "Mon Apr 27 08:55:35 +0000 2015"}{"created_at": "Mon Apr 27 08:54:41 +0000 2015"}{"created_at": "Mon Apr 27 08:53:11 +0000 2015"}{"created_at": "Mon Apr 27 08:51:24 +0000 2015"}{"created_at": "Mon Apr 27 08:50:09 +0000 2015"}{"created_at": "Mon Apr 27 08:49:36 +0000 2015"}{"created_at": "Mon Apr 27 08:45:32 +0000 2015"}{"created_at": "Mon Apr 27 08:44:20 +0000 2015"}{"created_at": "Mon Apr 27 08:56:18 +0000 2015"}{"created_at": "Mon Apr 27 08:55:39 +0000 2015"}{"created_at": "Mon Apr 27 08:55:35 +0000 2015"}{"created_at": "Mon Apr 27 08:54:41 +0000 2015"}{"created_at": "Mon Apr 27 08:53:11 +0000 2015"}{"created_at": "Mon Apr 27 08:51:24 +0000 2015"}{"created_at": "Mon Apr 27 08:50:09 +0000 2015"}{"created_at": "Mon Apr 27 08:49:36 +0000 2015"}{"created_at": "Mon Apr 27 08:45:32 +0000 2015"}{"created_at": "Mon Apr 27 08:56:18 +0000 2015"}{"created_at": "Mon Apr 27 08:55:39 +0000 2015"}{"created_at": "Mon Apr 27 08:55:35 +0000 2015"}{"created_at": "Mon Apr 27 08:54:41 +0000 2015"}{"created_at": "Mon Apr 27 08:53:11 +0000 2015"}{"created_at": "Mon Apr 27 08:51:24 +0000 2015"}{"created_at": "Mon Apr 27 08:50:09 +0000 2015"}{"created_at": "Mon Apr 27 08:49:36 +0000 2015"}{"created_at": "Mon Apr 27 08:56:18 +0000 2015"}{"created_at": "Mon Apr 27 08:55:39 +0000 2015"}{"created_at": "Mon Apr 27 08:55:35 +0000 2015"}{"created_at": "Mon Apr 27 08:54:41 +0000 2015"}{"created_at": "Mon Apr 27 08:53:11 +0000 2015"}{"created_at": "Mon Apr 27 08:51:24 +0000 2015"}{"created_at": "Mon Apr 27 08:50:09 +0000 2015"}{"created_at": "Mon Apr 27 08:56:18 +0000 2015"}{"created_at": "Mon Apr 27 08:55:39 +0000 2015"}{"created_at": "Mon Apr 27 08:55:35 +0000 2015"}{"created_at": "Mon Apr 27 08:54:41 +0000 2015"}{"created_at": "Mon Apr 27 08:53:11 +0000 2015"}{"created_at": "Mon Apr 27 08:51:24 +0000 2015"}{"created_at": "Mon Apr 27 08:56:18 +0000 2015"}{"created_at": "Mon Apr 27 08:55:39 +0000 2015"}{"created_at": "Mon Apr 27 08:55:35 +0000 2015"}{"created_at": "Mon Apr 27 08:54:41 +0000 2015"}{"created_at": "Mon Apr 27 08:53:11 +0000 2015"}{"created_at": "Mon Apr 27 08:56:18 +0000 2015"}{"created_at": "Mon Apr 27 08:55:39 +0000 2015"}{"created_at": "Mon Apr 27 08:55:35 +0000 2015"}{"created_at": "Mon Apr 27 08:54:41 +0000 2015"}{"created_at": "Mon Apr 27 08:56:18 +0000 2015"}{"created_at": "Mon Apr 27 08:55:39 +0000 2015"}{"created_at": "Mon Apr 27 08:55:35 +0000 2015"}{"created_at": "Mon Apr 27 08:56:18 +0000 2015"}{"created_at": "Mon Apr 27 08:55:39 +0000 2015"}{"created_at": "Mon Apr 27 08:56:18 +0000 2015"}