[{
    "tweet": "                                                                                                                                                     text\n", 
    "score": "0"
},,{
    "tweet": "0                                                                                    RT @TheTradingNinja: $CANF $4 today target tomorrow gap then retrace\n", 
    "score": "0"
},{
    "tweet": "1                 Target the right customers with relevant #content. #digitalmarketing relies on scalable #data via @marketingland http://t.co/Fjg4OEVhoJ\n", 
    "score": "1"
},{
    "tweet": "2                                                          RT @SportsPorn_: Like sunflower seeds? Bigs seeds are now at target! ?? http://t.co/FQC4clk6w3\n", 
    "score": "1"
},{
    "tweet": "3                                                                           Today only: 30% off accent furniture. from Target &gt; http://t.co/b9nDOF5P8c\n", 
    "score": "0"
},{
    "tweet": "7                                                                         This lady just blatantly budged in front of me at target. She's lucky I'm nice.\n", 
    "score": "1"
},{
    "tweet": "8            4x4s in action! target cafe helping out in market, APTL Steve in seasonal! #fullandsigned @ChadHarrison111 #t629rocks http://t.co/it49GToabs\n", 
    "score": "1"
},{
    "tweet": "10                                                   RT @universalhub: Woman shot on Warren St. was not intended target  https://t.co/lAy89sGwzt #roxbury\n", 
    "score": "0"
},{
    "tweet": "12                   RT #Target BestPrice on #GOODMusic: #CruelSummer #Music preorder now #VariousArtists : http://t.co/RVSCuv8mZw http://t.co/VtQ4DFL4Hz\n", 
    "score": "0"
},{
    "tweet": "15               RT @VisualStudio: Write once target all. Visual C++ for Cross-Platform Mobile Development, http://t.co/nHbrYN8Me1 http://t.co/ViXtlotXX8\n", 
    "score": "0"
},{
    "tweet": "16                               Lilly Pulitzer for Target Fan Dance scarf with sequins - Full read by eBay http://t.co/ePBBP5apfd http://t.co/7QORPZ1W19\n", 
    "score": "0"
},{
    "tweet": "17           RT @PatrickMeier: Humanitarian UAV Network has been activated for the #NepalEarthquake: http://t.co/ARnOXD2uAp (requires sign-in) #UAViators\n", 
    "score": "0"
},{
    "tweet": "18                                                                                   RT @TheTradingNinja: $CANF $4 today target tomorrow gap then retrace\n", 
    "score": "0"
},{
    "tweet": "19                Target the right customers with relevant #content. #digitalmarketing relies on scalable #data via @marketingland http://t.co/Fjg4OEVhoJ\n", 
    "score": "1"
},{
    "tweet": "20                                                         RT @SportsPorn_: Like sunflower seeds? Bigs seeds are now at target! ?? http://t.co/FQC4clk6w3\n", 
    "score": "1"
},{
    "tweet": "21                                                                          Today only: 30% off accent furniture. from Target &gt; http://t.co/b9nDOF5P8c\n", 
    "score": "0"
},{
    "tweet": "26           4x4s in action! target cafe helping out in market, APTL Steve in seasonal! #fullandsigned @ChadHarrison111 #t629rocks http://t.co/it49GToabs\n", 
    "score": "1"
},{
    "tweet": "34           RT @PatrickMeier: Humanitarian UAV Network has been activated for the #NepalEarthquake: http://t.co/ARnOXD2uAp (requires sign-in) #UAViators\n", 
    "score": "0"
},{
    "tweet": "36                Target the right customers with relevant #content. #digitalmarketing relies on scalable #data via @marketingland http://t.co/Fjg4OEVhoJ\n", 
    "score": "1"
},{
    "tweet": "37                                                         RT @SportsPorn_: Like sunflower seeds? Bigs seeds are now at target! ?? http://t.co/FQC4clk6w3\n", 
    "score": "1"
},{
    "tweet": "38                                                                          Today only: 30% off accent furniture. from Target &gt; http://t.co/b9nDOF5P8c\n", 
    "score": "0"
},{
    "tweet": "65               RT @VisualStudio: Write once target all. Visual C++ for Cross-Platform Mobile Development, http://t.co/nHbrYN8Me1 http://t.co/ViXtlotXX8\n", 
    "score": "0"
},{
    "tweet": "66                               Lilly Pulitzer for Target Fan Dance scarf with sequins - Full read by eBay http://t.co/ePBBP5apfd http://t.co/7QORPZ1W19\n", 
    "score": "0"
},{
    "tweet": "67           RT @PatrickMeier: Humanitarian UAV Network has been activated for the #NepalEarthquake: http://t.co/ARnOXD2uAp (requires sign-in) #UAViators\n", 
    "score": "0"
},{
    "tweet": "68                                                                                   RT @TheTradingNinja: $CANF $4 today target tomorrow gap then retrace\n", 
    "score": "0"
},{
    "tweet": "69                Target the right customers with relevant #content. #digitalmarketing relies on scalable #data via @marketingland http://t.co/Fjg4OEVhoJ\n", 
    "score": "1"
},{
    "tweet": "70                                                         RT @SportsPorn_: Like sunflower seeds? Bigs seeds are now at target! ?? http://t.co/FQC4clk6w3\n", 
    "score": "1"
},{
    "tweet": "71                                                                          Today only: 30% off accent furniture. from Target &gt; http://t.co/b9nDOF5P8c\n", 
    "score": "0"
},{
    "tweet": "69                Target the right customers with relevant #content. #digitalmarketing relies on scalable #data via @marketingland http://t.co/Fjg4OEVhoJ\n", 
    "score": "1"
}]