{
    "tweet": "                                                                                                                                                     text\n", 
    "score": "0"
}{
    "tweet": "0                                                                                    RT @TheTradingNinja: $CANF $4 today target tomorrow gap then retrace\n", 
    "score": "0"
}{
    "tweet": "1                 Target the right customers with relevant #content. #digitalmarketing relies on scalable #data via @marketingland http://t.co/Fjg4OEVhoJ\n", 
    "score": "1"
}{
    "tweet": "2                                                          RT @SportsPorn_: Like sunflower seeds? Bigs seeds are now at target! ?? http://t.co/FQC4clk6w3\n", 
    "score": "1"
}{
    "tweet": "3                                                                           Today only: 30% off accent furniture. from Target &gt; http://t.co/b9nDOF5P8c\n", 
    "score": "0"
} {
    "tweet": "7                                                                         This lady just blatantly budged in front of me at target. She's lucky I'm nice.\n", 
    "score": "1"
}{
    "tweet": "8            4x4s in action! target cafe helping out in market, APTL Steve in seasonal! #fullandsigned @ChadHarrison111 #t629rocks http://t.co/it49GToabs\n", 
    "score": "1"
}{
    "tweet": "10                                                   RT @universalhub: Woman shot on Warren St. was not intended target  https://t.co/lAy89sGwzt #roxbury\n", 
    "score": "0"
}{
    "tweet": "12                   RT #Target BestPrice on #GOODMusic: #CruelSummer #Music preorder now #VariousArtists : http://t.co/RVSCuv8mZw http://t.co/VtQ4DFL4Hz\n", 
    "score": "0"
}
{
    "tweet": "23   IPL8_2015\\nKXIP_vs_SRH\\nTarget_151\\nKXIP_127/9\\nOvr_19.3\\n-\\nJOHNSON_2*\\n(4b 0x4 0x6)\\n\\nANUREET_0\\n(2b 0x4 0x6)\\nCt Warner\\n-\\nP.Kumar ovr\\n0-1-wk-\n", 
    "score": "0"
}{
    "tweet": "201                                                                                                              @yBerk_ fuck best buy bitch. Target &gt;\n", 
    "score": "-1"
}{
    "tweet": "312                    Is this @target bag not the cutest thing ever with the bright pom pom tassel? Loving that neon brights +... http://t.co/IUriSW9ivX\n", 
    "score": "2"
}{
    "tweet": 