{"created_at": "Sun Apr 26 22:20:36 +0000 2015"}{"created_at": "Sun Apr 26 22:15:42 +0000 2015"}{"created_at": "Sun Apr 26 22:15:20 +0000 2015"}{"created_at": "Sun Apr 26 21:58:41 +0000 2015"}{"created_at": "Sun Apr 26 21:55:32 +0000 2015"}{"created_at": "Sun Apr 26 21:53:08 +0000 2015"}{"created_at": "Sun Apr 26 21:42:57 +0000 2015"}{"created_at": "Sun Apr 26 21:42:31 +0000 2015"}{"created_at": "Sun Apr 26 21:20:37 +0000 2015"}{"created_at": "Sun Apr 26 21:13:09 +0000 2015"}{"created_at": "Sun Apr 26 21:00:45 +0000 2015"}{"created_at": "Sun Apr 26 20:59:06 +0000 2015"}{"created_at": "Sun Apr 26 20:45:07 +0000 2015"}{"created_at": "Sun Apr 26 20:44:58 +0000 2015"}{"created_at": "Sun Apr 26 20:33:47 +0000 2015"}{"created_at": "Sun Apr 26 22:20:36 +0000 2015"}{"created_at": "Sun Apr 26 22:15:42 +0000 2015"}{"created_at": "Sun Apr 26 22:15:20 +0000 2015"}{"created_at": "Sun Apr 26 21:58:41 +0000 2015"}{"created_at": "Sun Apr 26 21:55:32 +0000 2015"}{"created_at": "Sun Apr 26 21:53:08 +0000 2015"}{"created_at": "Sun Apr 26 21:42:57 +0000 2015"}{"created_at": "Sun Apr 26 21:42:31 +0000 2015"}{"created_at": "Sun Apr 26 21:20:37 +0000 2015"}{"created_at": "Sun Apr 26 21:13:09 +0000 2015"}{"created_at": "Sun Apr 26 21:00:45 +0000 2015"}{"created_at": "Sun Apr 26 20:59:06 +0000 2015"}{"created_at": "Sun Apr 26 20:45:07 +0000 2015"}{"created_at": "Sun Apr 26 20:44:58 +0000 2015"}{"created_at": "Sun Apr 26 22:20:36 +0000 2015"}{"created_at": "Sun Apr 26 22:15:42 +0000 2015"}{"created_at": "Sun Apr 26 22:15:20 +0000 2015"}{"created_at": "Sun Apr 26 21:58:41 +0000 2015"}{"created_at": "Sun Apr 26 21:55:32 +0000 2015"}{"created_at": "Sun Apr 26 21:53:08 +0000 2015"}{"created_at": "Sun Apr 26 21:42:57 +0000 2015"}{"created_at": "Sun Apr 26 21:42:31 +0000 2015"}{"created_at": "Sun Apr 26 21:20:37 +0000 2015"}{"created_at": "Sun Apr 26 21:13:09 +0000 2015"}{"created_at": "Sun Apr 26 21:00:45 +0000 2015"}{"created_at": "Sun Apr 26 20:59:06 +0000 2015"}{"created_at": "Sun Apr 26 20:45:07 +0000 2015"}{"created_at": "Sun Apr 26 22:20:36 +0000 2015"}{"created_at": "Sun Apr 26 22:15:42 +0000 2015"}{"created_at": "Sun Apr 26 22:15:20 +0000 2015"}{"created_at": "Sun Apr 26 21:58:41 +0000 2015"}{"created_at": "Sun Apr 26 21:55:32 +0000 2015"}{"created_at": "Sun Apr 26 21:53:08 +0000 2015"}{"created_at": "Sun Apr 26 21:42:57 +0000 2015"}{"created_at": "Sun Apr 26 21:42:31 +0000 2015"}{"created_at": "Sun Apr 26 21:20:37 +0000 2015"}{"created_at": "Sun Apr 26 21:13:09 +0000 2015"}{"created_at": "Sun Apr 26 21:00:45 +0000 2015"}{"created_at": "Sun Apr 26 20:59:06 +0000 2015"}{"created_at": "Sun Apr 26 22:20:36 +0000 2015"}{"created_at": "Sun Apr 26 22:15:42 +0000 2015"}{"created_at": "Sun Apr 26 22:15:20 +0000 2015"}{"created_at": "Sun Apr 26 21:58:41 +0000 2015"}{"created_at": "Sun Apr 26 21:55:32 +0000 2015"}{"created_at": "Sun Apr 26 21:53:08 +0000 2015"}{"created_at": "Sun Apr 26 21:42:57 +0000 2015"}{"created_at": "Sun Apr 26 21:42:31 +0000 2015"}{"created_at": "Sun Apr 26 21:20:37 +0000 2015"}{"created_at": "Sun Apr 26 21:13:09 +0000 2015"}{"created_at": "Sun Apr 26 21:00:45 +0000 2015"}{"created_at": "Sun Apr 26 22:20:36 +0000 2015"}{"created_at": "Sun Apr 26 22:15:42 +0000 2015"}{"created_at": "Sun Apr 26 22:15:20 +0000 2015"}{"created_at": "Sun Apr 26 21:58:41 +0000 2015"}{"created_at": "Sun Apr 26 21:55:32 +0000 2015"}{"created_at": "Sun Apr 26 21:53:08 +0000 2015"}{"created_at": "Sun Apr 26 21:42:57 +0000 2015"}{"created_at": "Sun Apr 26 21:42:31 +0000 2015"}{"created_at": "Sun Apr 26 21:20:37 +0000 2015"}{"created_at": "Sun Apr 26 21:13:09 +0000 2015"}{"created_at": "Sun Apr 26 22:20:36 +0000 2015"}{"created_at": "Sun Apr 26 22:15:42 +0000 2015"}{"created_at": "Sun Apr 26 22:15:20 +0000 2015"}{"created_at": "Sun Apr 26 21:58:41 +0000 2015"}{"created_at": "Sun Apr 26 21:55:32 +0000 2015"}{"created_at": "Sun Apr 26 21:53:08 +0000 2015"}{"created_at": "Sun Apr 26 21:42:57 +0000 2015"}{"created_at": "Sun Apr 26 21:42:31 +0000 2015"}{"created_at": "Sun Apr 26 21:20:37 +0000 2015"}{"created_at": "Sun Apr 26 22:20:36 +0000 2015"}{"created_at": "Sun Apr 26 22:15:42 +0000 2015"}{"created_at": "Sun Apr 26 22:15:20 +0000 2015"}{"created_at": "Sun Apr 26 21:58:41 +0000 2015"}{"created_at": "Sun Apr 26 21:55:32 +0000 2015"}{"created_at": "Sun Apr 26 21:53:08 +0000 2015"}{"created_at": "Sun Apr 26 21:42:57 +0000 2015"}{"created_at": "Sun Apr 26 21:42:31 +0000 2015"}{"created_at": "Sun Apr 26 22:20:36 +0000 2015"}{"created_at": "Sun Apr 26 22:15:42 +0000 2015"}{"created_at": "Sun Apr 26 22:15:20 +0000 2015"}{"created_at": "Sun Apr 26 21:58:41 +0000 2015"}{"created_at": "Sun Apr 26 21:55:32 +0000 2015"}{"created_at": "Sun Apr 26 21:53:08 +0000 2015"}{"created_at": "Sun Apr 26 21:42:57 +0000 2015"}{"created_at": "Sun Apr 26 22:20:36 +0000 2015"}{"created_at": "Sun Apr 26 22:15:42 +0000 2015"}{"created_at": "Sun Apr 26 22:15:20 +0000 2015"}{"created_at": "Sun Apr 26 21:58:41 +0000 2015"}{"created_at": "Sun Apr 26 21:55:32 +0000 2015"}{"created_at": "Sun Apr 26 21:53:08 +0000 2015"}{"created_at": "Sun Apr 26 22:20:36 +0000 2015"}{"created_at": "Sun Apr 26 22:15:42 +0000 2015"}{"created_at": "Sun Apr 26 22:15:20 +0000 2015"}{"created_at": "Sun Apr 26 21:58:41 +0000 2015"}{"created_at": "Sun Apr 26 21:55:32 +0000 2015"}{"created_at": "Sun Apr 26 22:20:36 +0000 2015"}{"created_at": "Sun Apr 26 22:15:42 +0000 2015"}{"created_at": "Sun Apr 26 22:15:20 +0000 2015"}{"created_at": "Sun Apr 26 21:58:41 +0000 2015"}{"created_at": "Sun Apr 26 22:20:36 +0000 2015"}{"created_at": "Sun Apr 26 22:15:42 +0000 2015"}{"created_at": "Sun Apr 26 22:15:20 +0000 2015"}{"created_at": "Sun Apr 26 22:20:36 +0000 2015"}{"created_at": "Sun Apr 26 22:15:42 +0000 2015"}{"created_at": "Sun Apr 26 22:20:36 +0000 2015"}{"created_at": "Sun Apr 26 22:20:36 +0000 2015"}{"created_at": "Sun Apr 26 22:15:42 +0000 2015"}{"created_at": "Sun Apr 26 22:15:20 +0000 2015"}{"created_at": "Sun Apr 26 21:58:41 +0000 2015"}{"created_at": "Sun Apr 26 21:55:32 +0000 2015"}{"created_at": "Sun Apr 26 21:53:08 +0000 2015"}{"created_at": "Sun Apr 26 21:42:57 +0000 2015"}{"created_at": "Sun Apr 26 21:42:31 +0000 2015"}{"created_at": "Sun Apr 26 21:20:37 +0000 2015"}{"created_at": "Sun Apr 26 21:13:09 +0000 2015"}{"created_at": "Sun Apr 26 21:00:45 +0000 2015"}{"created_at": "Sun Apr 26 20:59:06 +0000 2015"}{"created_at": "Sun Apr 26 20:45:07 +0000 2015"}{"created_at": "Sun Apr 26 20:44:58 +0000 2015"}{"created_at": "Sun Apr 26 20:33:47 +0000 2015"}{"created_at": "Sun Apr 26 22:20:36 +0000 2015"}{"created_at": "Sun Apr 26 22:15:42 +0000 2015"}{"created_at": "Sun Apr 26 22:15:20 +0000 2015"}{"created_at": "Sun Apr 26 21:58:41 +0000 2015"}{"created_at": "Sun Apr 26 21:55:32 +0000 2015"}{"created_at": "Sun Apr 26 21:53:08 +0000 2015"}{"created_at": "Sun Apr 26 21:42:57 +0000 2015"}{"created_at": "Sun Apr 26 21:42:31 +0000 2015"}{"created_at": "Sun Apr 26 21:20:37 +0000 2015"}{"created_at": "Sun Apr 26 21:13:09 +0000 2015"}{"created_at": "Sun Apr 26 21:00:45 +0000 2015"}{"created_at": "Sun Apr 26 20:59:06 +0000 2015"}{"created_at": "Sun Apr 26 20:45:07 +0000 2015"}{"created_at": "Sun Apr 26 20:44:58 +0000 2015"}{"created_at": "Sun Apr 26 22:20:36 +0000 2015"}{"created_at": "Sun Apr 26 22:15:42 +0000 2015"}{"created_at": "Sun Apr 26 22:15:20 +0000 2015"}{"created_at": "Sun Apr 26 21:58:41 +0000 2015"}{"created_at": "Sun Apr 26 21:55:32 +0000 2015"}{"created_at": "Sun Apr 26 21:53:08 +0000 2015"}{"created_at": "Sun Apr 26 21:42:57 +0000 2015"}{"created_at": "Sun Apr 26 21:42:31 +0000 2015"}{"created_at": "Sun Apr 26 21:20:37 +0000 2015"}{"created_at": "Sun Apr 26 21:13:09 +0000 2015"}{"created_at": "Sun Apr 26 21:00:45 +0000 2015"}{"created_at": "Sun Apr 26 20:59:06 +0000 2015"}{"created_at": "Sun Apr 26 20:45:07 +0000 2015"}{"created_at": "Sun Apr 26 22:20:36 +0000 2015"}{"created_at": "Sun Apr 26 22:15:42 +0000 2015"}{"created_at": "Sun Apr 26 22:15:20 +0000 2015"}{"created_at": "Sun Apr 26 21:58:41 +0000 2015"}{"created_at": "Sun Apr 26 21:55:32 +0000 2015"}{"created_at": "Sun Apr 26 21:53:08 +0000 2015"}{"created_at": "Sun Apr 26 21:42:57 +0000 2015"}{"created_at": "Sun Apr 26 21:42:31 +0000 2015"}{"created_at": "Sun Apr 26 21:20:37 +0000 2015"}{"created_at": "Sun Apr 26 21:13:09 +0000 2015"}{"created_at": "Sun Apr 26 21:00:45 +0000 2015"}{"created_at": "Sun Apr 26 20:59:06 +0000 2015"}{"created_at": "Sun Apr 26 22:20:36 +0000 2015"}{"created_at": "Sun Apr 26 22:15:42 +0000 2015"}{"created_at": "Sun Apr 26 22:15:20 +0000 2015"}{"created_at": "Sun Apr 26 21:58:41 +0000 2015"}{"created_at": "Sun Apr 26 21:55:32 +0000 2015"}{"created_at": "Sun Apr 26 21:53:08 +0000 2015"}{"created_at": "Sun Apr 26 21:42:57 +0000 2015"}{"created_at": "Sun Apr 26 21:42:31 +0000 2015"}{"created_at": "Sun Apr 26 21:20:37 +0000 2015"}{"created_at": "Sun Apr 26 21:13:09 +0000 2015"}{"created_at": "Sun Apr 26 21:00:45 +0000 2015"}{"created_at": "Sun Apr 26 22:20:36 +0000 2015"}{"created_at": "Sun Apr 26 22:15:42 +0000 2015"}{"created_at": "Sun Apr 26 22:15:20 +0000 2015"}{"created_at": "Sun Apr 26 21:58:41 +0000 2015"}{"created_at": "Sun Apr 26 21:55:32 +0000 2015"}{"created_at": "Sun Apr 26 21:53:08 +0000 2015"}{"created_at": "Sun Apr 26 21:42:57 +0000 2015"}{"created_at": "Sun Apr 26 21:42:31 +0000 2015"}{"created_at": "Sun Apr 26 21:20:37 +0000 2015"}{"created_at": "Sun Apr 26 21:13:09 +0000 2015"}{"created_at": "Sun Apr 26 22:20:36 +0000 2015"}{"created_at": "Sun Apr 26 22:15:42 +0000 2015"}{"created_at": "Sun Apr 26 22:15:20 +0000 2015"}{"created_at": "Sun Apr 26 21:58:41 +0000 2015"}{"created_at": "Sun Apr 26 21:55:32 +0000 2015"}{"created_at": "Sun Apr 26 21:53:08 +0000 2015"}{"created_at": "Sun Apr 26 21:42:57 +0000 2015"}{"created_at": "Sun Apr 26 21:42:31 +0000 2015"}{"created_at": "Sun Apr 26 21:20:37 +0000 2015"}{"created_at": "Sun Apr 26 22:20:36 +0000 2015"}{"created_at": "Sun Apr 26 22:15:42 +0000 2015"}{"created_at": "Sun Apr 26 22:15:20 +0000 2015"}{"created_at": "Sun Apr 26 21:58:41 +0000 2015"}{"created_at": "Sun Apr 26 21:55:32 +0000 2015"}{"created_at": "Sun Apr 26 21:53:08 +0000 2015"}{"created_at": "Sun Apr 26 21:42:57 +0000 2015"}{"created_at": "Sun Apr 26 21:42:31 +0000 2015"}{"created_at": "Sun Apr 26 22:20:36 +0000 2015"}{"created_at": "Sun Apr 26 22:15:42 +0000 2015"}{"created_at": "Sun Apr 26 22:15:20 +0000 2015"}{"created_at": "Sun Apr 26 21:58:41 +0000 2015"}{"created_at": "Sun Apr 26 21:55:32 +0000 2015"}{"created_at": "Sun Apr 26 21:53:08 +0000 2015"}{"created_at": "Sun Apr 26 21:42:57 +0000 2015"}{"created_at": "Sun Apr 26 22:20:36 +0000 2015"}{"created_at": "Sun Apr 26 22:15:42 +0000 2015"}{"created_at": "Sun Apr 26 22:15:20 +0000 2015"}{"created_at": "Sun Apr 26 21:58:41 +0000 2015"}{"created_at": "Sun Apr 26 21:55:32 +0000 2015"}{"created_at": "Sun Apr 26 21:53:08 +0000 2015"}{"created_at": "Sun Apr 26 22:20:36 +0000 2015"}{"created_at": "Sun Apr 26 22:15:42 +0000 2015"}{"created_at": "Sun Apr 26 22:15:20 +0000 2015"}{"created_at": "Sun Apr 26 21:58:41 +0000 2015"}{"created_at": "Sun Apr 26 21:55:32 +0000 2015"}{"created_at": "Sun Apr 26 22:20:36 +0000 2015"}{"created_at": "Sun Apr 26 22:15:42 +0000 2015"}{"created_at": "Sun Apr 26 22:15:20 +0000 2015"}{"created_at": "Sun Apr 26 21:58:41 +0000 2015"}{"created_at": "Sun Apr 26 22:20:36 +0000 2015"}{"created_at": "Sun Apr 26 22:15:42 +0000 2015"}{"created_at": "Sun Apr 26 22:15:20 +0000 2015"}{"created_at": "Sun Apr 26 22:20:36 +0000 2015"}{"created_at": "Sun Apr 26 22:15:42 +0000 2015"}{"created_at": "Sun Apr 26 22:20:36 +0000 2015"}{"created_at": "Sun Apr 26 22:20:36 +0000 2015"}{"created_at": "Sun Apr 26 22:15:42 +0000 2015"}{"created_at": "Sun Apr 26 22:15:20 +0000 2015"}{"created_at": "Sun Apr 26 21:58:41 +0000 2015"}{"created_at": "Sun Apr 26 21:55:32 +0000 2015"}{"created_at": "Sun Apr 26 21:53:08 +0000 2015"}{"created_at": "Sun Apr 26 21:42:57 +0000 2015"}{"created_at": "Sun Apr 26 21:42:31 +0000 2015"}{"created_at": "Sun Apr 26 21:20:37 +0000 2015"}{"created_at": "Sun Apr 26 21:13:09 +0000 2015"}{"created_at": "Sun Apr 26 21:00:45 +0000 2015"}{"created_at": "Sun Apr 26 20:59:06 +0000 2015"}{"created_at": "Sun Apr 26 20:45:07 +0000 2015"}{"created_at": "Sun Apr 26 20:44:58 +0000 2015"}{"created_at": "Sun Apr 26 20:33:47 +0000 2015"}{"created_at": "Sun Apr 26 22:20:36 +0000 2015"}{"created_at": "Sun Apr 26 22:15:42 +0000 2015"}{"created_at": "Sun Apr 26 22:15:20 +0000 2015"}{"created_at": "Sun Apr 26 21:58:41 +0000 2015"}{"created_at": "Sun Apr 26 21:55:32 +0000 2015"}{"created_at": "Sun Apr 26 21:53:08 +0000 2015"}{"created_at": "Sun Apr 26 21:42:57 +0000 2015"}{"created_at": "Sun Apr 26 21:42:31 +0000 2015"}{"created_at": "Sun Apr 26 21:20:37 +0000 2015"}{"created_at": "Sun Apr 26 21:13:09 +0000 2015"}{"created_at": "Sun Apr 26 21:00:45 +0000 2015"}{"created_at": "Sun Apr 26 20:59:06 +0000 2015"}{"created_at": "Sun Apr 26 20:45:07 +0000 2015"}{"created_at": "Sun Apr 26 20:44:58 +0000 2015"}{"created_at": "Sun Apr 26 22:20:36 +0000 2015"}{"created_at": "Sun Apr 26 22:15:42 +0000 2015"}{"created_at": "Sun Apr 26 22:15:20 +0000 2015"}{"created_at": "Sun Apr 26 21:58:41 +0000 2015"}{"created_at": "Sun Apr 26 21:55:32 +0000 2015"}{"created_at": "Sun Apr 26 21:53:08 +0000 2015"}{"created_at": "Sun Apr 26 21:42:57 +0000 2015"}{"created_at": "Sun Apr 26 21:42:31 +0000 2015"}{"created_at": "Sun Apr 26 21:20:37 +0000 2015"}{"created_at": "Sun Apr 26 21:13:09 +0000 2015"}{"created_at": "Sun Apr 26 21:00:45 +0000 2015"}{"created_at": "Sun Apr 26 20:59:06 +0000 2015"}{"created_at": "Sun Apr 26 20:45:07 +0000 2015"}{"created_at": "Sun Apr 26 22:20:36 +0000 2015"}{"created_at": "Sun Apr 26 22:15:42 +0000 2015"}{"created_at": "Sun Apr 26 22:15:20 +0000 2015"}{"created_at": "Sun Apr 26 21:58:41 +0000 2015"}{"created_at": "Sun Apr 26 21:55:32 +0000 2015"}{"created_at": "Sun Apr 26 21:53:08 +0000 2015"}{"created_at": "Sun Apr 26 21:42:57 +0000 2015"}{"created_at": "Sun Apr 26 21:42:31 +0000 2015"}{"created_at": "Sun Apr 26 21:20:37 +0000 2015"}{"created_at": "Sun Apr 26 21:13:09 +0000 2015"}{"created_at": "Sun Apr 26 21:00:45 +0000 2015"}{"created_at": "Sun Apr 26 20:59:06 +0000 2015"}{"created_at": "Sun Apr 26 22:20:36 +0000 2015"}{"created_at": "Sun Apr 26 22:15:42 +0000 2015"}{"created_at": "Sun Apr 26 22:15:20 +0000 2015"}{"created_at": "Sun Apr 26 21:58:41 +0000 2015"}{"created_at": "Sun Apr 26 21:55:32 +0000 2015"}{"created_at": "Sun Apr 26 21:53:08 +0000 2015"}{"created_at": "Sun Apr 26 21:42:57 +0000 2015"}{"created_at": "Sun Apr 26 21:42:31 +0000 2015"}{"created_at": "Sun Apr 26 21:20:37 +0000 2015"}{"created_at": "Sun Apr 26 21:13:09 +0000 2015"}{"created_at": "Sun Apr 26 21:00:45 +0000 2015"}{"created_at": "Sun Apr 26 22:20:36 +0000 2015"}{"created_at": "Sun Apr 26 22:15:42 +0000 2015"}{"created_at": "Sun Apr 26 22:15:20 +0000 2015"}{"created_at": "Sun Apr 26 21:58:41 +0000 2015"}{"created_at": "Sun Apr 26 21:55:32 +0000 2015"}{"created_at": "Sun Apr 26 21:53:08 +0000 2015"}{"created_at": "Sun Apr 26 21:42:57 +0000 2015"}{"created_at": "Sun Apr 26 21:42:31 +0000 2015"}{"created_at": "Sun Apr 26 21:20:37 +0000 2015"}{"created_at": "Sun Apr 26 21:13:09 +0000 2015"}{"created_at": "Sun Apr 26 22:20:36 +0000 2015"}{"created_at": "Sun Apr 26 22:15:42 +0000 2015"}{"created_at": "Sun Apr 26 22:15:20 +0000 2015"}{"created_at": "Sun Apr 26 21:58:41 +0000 2015"}{"created_at": "Sun Apr 26 21:55:32 +0000 2015"}{"created_at": "Sun Apr 26 21:53:08 +0000 2015"}{"created_at": "Sun Apr 26 21:42:57 +0000 2015"}{"created_at": "Sun Apr 26 21:42:31 +0000 2015"}{"created_at": "Sun Apr 26 21:20:37 +0000 2015"}{"created_at": "Sun Apr 26 22:20:36 +0000 2015"}{"created_at": "Sun Apr 26 22:15:42 +0000 2015"}{"created_at": "Sun Apr 26 22:15:20 +0000 2015"}{"created_at": "Sun Apr 26 21:58:41 +0000 2015"}{"created_at": "Sun Apr 26 21:55:32 +0000 2015"}{"created_at": "Sun Apr 26 21:53:08 +0000 2015"}{"created_at": "Sun Apr 26 21:42:57 +0000 2015"}{"created_at": "Sun Apr 26 21:42:31 +0000 2015"}{"created_at": "Sun Apr 26 22:20:36 +0000 2015"}{"created_at": "Sun Apr 26 22:15:42 +0000 2015"}{"created_at": "Sun Apr 26 22:15:20 +0000 2015"}{"created_at": "Sun Apr 26 21:58:41 +0000 2015"}{"created_at": "Sun Apr 26 21:55:32 +0000 2015"}{"created_at": "Sun Apr 26 21:53:08 +0000 2015"}{"created_at": "Sun Apr 26 21:42:57 +0000 2015"}{"created_at": "Sun Apr 26 22:20:36 +0000 2015"}{"created_at": "Sun Apr 26 22:15:42 +0000 2015"}{"created_at": "Sun Apr 26 22:15:20 +0000 2015"}{"created_at": "Sun Apr 26 21:58:41 +0000 2015"}{"created_at": "Sun Apr 26 21:55:32 +0000 2015"}{"created_at": "Sun Apr 26 21:53:08 +0000 2015"}{"created_at": "Sun Apr 26 22:20:36 +0000 2015"}{"created_at": "Sun Apr 26 22:15:42 +0000 2015"}{"created_at": "Sun Apr 26 22:15:20 +0000 2015"}{"created_at": "Sun Apr 26 21:58:41 +0000 2015"}{"created_at": "Sun Apr 26 21:55:32 +0000 2015"}{"created_at": "Sun Apr 26 22:20:36 +0000 2015"}{"created_at": "Sun Apr 26 22:15:42 +0000 2015"}{"created_at": "Sun Apr 26 22:15:20 +0000 2015"}{"created_at": "Sun Apr 26 21:58:41 +0000 2015"}{"created_at": "Sun Apr 26 22:20:36 +0000 2015"}{"created_at": "Sun Apr 26 22:15:42 +0000 2015"}{"created_at": "Sun Apr 26 22:15:20 +0000 2015"}{"created_at": "Sun Apr 26 22:20:36 +0000 2015"}{"created_at": "Sun Apr 26 22:15:42 +0000 2015"}{"created_at": "Sun Apr 26 22:20:36 +0000 2015"}{"created_at": "Sun Apr 26 22:20:36 +0000 2015"}{"created_at": "Sun Apr 26 22:15:42 +0000 2015"}{"created_at": "Sun Apr 26 22:15:20 +0000 2015"}{"created_at": "Sun Apr 26 21:58:41 +0000 2015"}{"created_at": "Sun Apr 26 21:55:32 +0000 2015"}{"created_at": "Sun Apr 26 21:53:08 +0000 2015"}{"created_at": "Sun Apr 26 21:42:57 +0000 2015"}{"created_at": "Sun Apr 26 21:42:31 +0000 2015"}{"created_at": "Sun Apr 26 21:20:37 +0000 2015"}{"created_at": "Sun Apr 26 21:13:09 +0000 2015"}{"created_at": "Sun Apr 26 21:00:45 +0000 2015"}{"created_at": "Sun Apr 26 20:59:06 +0000 2015"}{"created_at": "Sun Apr 26 20:45:07 +0000 2015"}{"created_at": "Sun Apr 26 20:44:58 +0000 2015"}{"created_at": "Sun Apr 26 20:33:47 +0000 2015"}{"created_at": "Sun Apr 26 22:20:36 +0000 2015"}{"created_at": "Sun Apr 26 22:15:42 +0000 2015"}{"created_at": "Sun Apr 26 22:15:20 +0000 2015"}{"created_at": "Sun Apr 26 21:58:41 +0000 2015"}{"created_at": "Sun Apr 26 21:55:32 +0000 2015"}{"created_at": "Sun Apr 26 21:53:08 +0000 2015"}{"created_at": "Sun Apr 26 21:42:57 +0000 2015"}{"created_at": "Sun Apr 26 21:42:31 +0000 2015"}{"created_at": "Sun Apr 26 21:20:37 +0000 2015"}{"created_at": "Sun Apr 26 21:13:09 +0000 2015"}{"created_at": "Sun Apr 26 21:00:45 +0000 2015"}{"created_at": "Sun Apr 26 20:59:06 +0000 2015"}{"created_at": "Sun Apr 26 20:45:07 +0000 2015"}{"created_at": "Sun Apr 26 20:44:58 +0000 2015"}{"created_at": "Sun Apr 26 22:20:36 +0000 2015"}{"created_at": "Sun Apr 26 22:15:42 +0000 2015"}{"created_at": "Sun Apr 26 22:15:20 +0000 2015"}{"created_at": "Sun Apr 26 21:58:41 +0000 2015"}{"created_at": "Sun Apr 26 21:55:32 +0000 2015"}{"created_at": "Sun Apr 26 21:53:08 +0000 2015"}{"created_at": "Sun Apr 26 21:42:57 +0000 2015"}{"created_at": "Sun Apr 26 21:42:31 +0000 2015"}{"created_at": "Sun Apr 26 21:20:37 +0000 2015"}{"created_at": "Sun Apr 26 21:13:09 +0000 2015"}{"created_at": "Sun Apr 26 21:00:45 +0000 2015"}{"created_at": "Sun Apr 26 20:59:06 +0000 2015"}{"created_at": "Sun Apr 26 20:45:07 +0000 2015"}{"created_at": "Sun Apr 26 22:20:36 +0000 2015"}{"created_at": "Sun Apr 26 22:15:42 +0000 2015"}{"created_at": "Sun Apr 26 22:15:20 +0000 2015"}{"created_at": "Sun Apr 26 21:58:41 +0000 2015"}{"created_at": "Sun Apr 26 21:55:32 +0000 2015"}{"created_at": "Sun Apr 26 21:53:08 +0000 2015"}{"created_at": "Sun Apr 26 21:42:57 +0000 2015"}{"created_at": "Sun Apr 26 21:42:31 +0000 2015"}{"created_at": "Sun Apr 26 21:20:37 +0000 2015"}{"created_at": "Sun Apr 26 21:13:09 +0000 2015"}{"created_at": "Sun Apr 26 21:00:45 +0000 2015"}{"created_at": "Sun Apr 26 20:59:06 +0000 2015"}{"created_at": "Sun Apr 26 22:20:36 +0000 2015"}{"created_at": "Sun Apr 26 22:15:42 +0000 2015"}{"created_at": "Sun Apr 26 22:15:20 +0000 2015"}{"created_at": "Sun Apr 26 21:58:41 +0000 2015"}{"created_at": "Sun Apr 26 21:55:32 +0000 2015"}{"created_at": "Sun Apr 26 21:53:08 +0000 2015"}{"created_at": "Sun Apr 26 21:42:57 +0000 2015"}{"created_at": "Sun Apr 26 21:42:31 +0000 2015"}{"created_at": "Sun Apr 26 21:20:37 +0000 2015"}{"created_at": "Sun Apr 26 21:13:09 +0000 2015"}{"created_at": "Sun Apr 26 21:00:45 +0000 2015"}{"created_at": "Sun Apr 26 22:20:36 +0000 2015"}{"created_at": "Sun Apr 26 22:15:42 +0000 2015"}{"created_at": "Sun Apr 26 22:15:20 +0000 2015"}{"created_at": "Sun Apr 26 21:58:41 +0000 2015"}{"created_at": "Sun Apr 26 21:55:32 +0000 2015"}{"created_at": "Sun Apr 26 21:53:08 +0000 2015"}{"created_at": "Sun Apr 26 21:42:57 +0000 2015"}{"created_at": "Sun Apr 26 21:42:31 +0000 2015"}{"created_at": "Sun Apr 26 21:20:37 +0000 2015"}{"created_at": "Sun Apr 26 21:13:09 +0000 2015"}{"created_at": "Sun Apr 26 22:20:36 +0000 2015"}{"created_at": "Sun Apr 26 22:15:42 +0000 2015"}{"created_at": "Sun Apr 26 22:15:20 +0000 2015"}{"created_at": "Sun Apr 26 21:58:41 +0000 2015"}{"created_at": "Sun Apr 26 21:55:32 +0000 2015"}{"created_at": "Sun Apr 26 21:53:08 +0000 2015"}{"created_at": "Sun Apr 26 21:42:57 +0000 2015"}{"created_at": "Sun Apr 26 21:42:31 +0000 2015"}{"created_at": "Sun Apr 26 21:20:37 +0000 2015"}{"created_at": "Sun Apr 26 22:20:36 +0000 2015"}{"created_at": "Sun Apr 26 22:15:42 +0000 2015"}{"created_at": "Sun Apr 26 22:15:20 +0000 2015"}{"created_at": "Sun Apr 26 21:58:41 +0000 2015"}{"created_at": "Sun Apr 26 21:55:32 +0000 2015"}{"created_at": "Sun Apr 26 21:53:08 +0000 2015"}{"created_at": "Sun Apr 26 21:42:57 +0000 2015"}{"created_at": "Sun Apr 26 21:42:31 +0000 2015"}{"created_at": "Sun Apr 26 22:20:36 +0000 2015"}{"created_at": "Sun Apr 26 22:15:42 +0000 2015"}{"created_at": "Sun Apr 26 22:15:20 +0000 2015"}{"created_at": "Sun Apr 26 21:58:41 +0000 2015"}{"created_at": "Sun Apr 26 21:55:32 +0000 2015"}{"created_at": "Sun Apr 26 21:53:08 +0000 2015"}{"created_at": "Sun Apr 26 21:42:57 +0000 2015"}{"created_at": "Sun Apr 26 22:20:36 +0000 2015"}{"created_at": "Sun Apr 26 22:15:42 +0000 2015"}{"created_at": "Sun Apr 26 22:15:20 +0000 2015"}{"created_at": "Sun Apr 26 21:58:41 +0000 2015"}{"created_at": "Sun Apr 26 21:55:32 +0000 2015"}{"created_at": "Sun Apr 26 21:53:08 +0000 2015"}{"created_at": "Sun Apr 26 22:20:36 +0000 2015"}{"created_at": "Sun Apr 26 22:15:42 +0000 2015"}{"created_at": "Sun Apr 26 22:15:20 +0000 2015"}{"created_at": "Sun Apr 26 21:58:41 +0000 2015"}{"created_at": "Sun Apr 26 21:55:32 +0000 2015"}{"created_at": "Sun Apr 26 22:20:36 +0000 2015"}{"created_at": "Sun Apr 26 22:15:42 +0000 2015"}{"created_at": "Sun Apr 26 22:15:20 +0000 2015"}{"created_at": "Sun Apr 26 21:58:41 +0000 2015"}{"created_at": "Sun Apr 26 22:20:36 +0000 2015"}{"created_at": "Sun Apr 26 22:15:42 +0000 2015"}{"created_at": "Sun Apr 26 22:15:20 +0000 2015"}{"created_at": "Sun Apr 26 22:20:36 +0000 2015"}{"created_at": "Sun Apr 26 22:15:42 +0000 2015"}{"created_at": "Sun Apr 26 22:20:36 +0000 2015"}{"created_at": "Sun Apr 26 22:20:36 +0000 2015"}{"created_at": "Sun Apr 26 22:15:42 +0000 2015"}{"created_at": "Sun Apr 26 22:15:20 +0000 2015"}{"created_at": "Sun Apr 26 21:58:41 +0000 2015"}{"created_at": "Sun Apr 26 21:55:32 +0000 2015"}{"created_at": "Sun Apr 26 21:53:08 +0000 2015"}{"created_at": "Sun Apr 26 21:42:57 +0000 2015"}{"created_at": "Sun Apr 26 21:42:31 +0000 2015"}{"created_at": "Sun Apr 26 21:20:37 +0000 2015"}{"created_at": "Sun Apr 26 21:13:09 +0000 2015"}{"created_at": "Sun Apr 26 21:00:45 +0000 2015"}{"created_at": "Sun Apr 26 20:59:06 +0000 2015"}{"created_at": "Sun Apr 26 20:45:07 +0000 2015"}{"created_at": "Sun Apr 26 20:44:58 +0000 2015"}{"created_at": "Sun Apr 26 20:33:47 +0000 2015"}{"created_at": "Sun Apr 26 22:20:36 +0000 2015"}{"created_at": "Sun Apr 26 22:15:42 +0000 2015"}{"created_at": "Sun Apr 26 22:15:20 +0000 2015"}{"created_at": "Sun Apr 26 21:58:41 +0000 2015"}{"created_at": "Sun Apr 26 21:55:32 +0000 2015"}{"created_at": "Sun Apr 26 21:53:08 +0000 2015"}{"created_at": "Sun Apr 26 21:42:57 +0000 2015"}{"created_at": "Sun Apr 26 21:42:31 +0000 2015"}{"created_at": "Sun Apr 26 21:20:37 +0000 2015"}{"created_at": "Sun Apr 26 21:13:09 +0000 2015"}{"created_at": "Sun Apr 26 21:00:45 +0000 2015"}{"created_at": "Sun Apr 26 20:59:06 +0000 2015"}{"created_at": "Sun Apr 26 20:45:07 +0000 2015"}{"created_at": "Sun Apr 26 20:44:58 +0000 2015"}{"created_at": "Sun Apr 26 22:20:36 +0000 2015"}{"created_at": "Sun Apr 26 22:15:42 +0000 2015"}{"created_at": "Sun Apr 26 22:15:20 +0000 2015"}{"created_at": "Sun Apr 26 21:58:41 +0000 2015"}{"created_at": "Sun Apr 26 21:55:32 +0000 2015"}{"created_at": "Sun Apr 26 21:53:08 +0000 2015"}{"created_at": "Sun Apr 26 21:42:57 +0000 2015"}{"created_at": "Sun Apr 26 21:42:31 +0000 2015"}{"created_at": "Sun Apr 26 21:20:37 +0000 2015"}{"created_at": "Sun Apr 26 21:13:09 +0000 2015"}{"created_at": "Sun Apr 26 21:00:45 +0000 2015"}{"created_at": "Sun Apr 26 20:59:06 +0000 2015"}{"created_at": "Sun Apr 26 20:45:07 +0000 2015"}{"created_at": "Sun Apr 26 22:20:36 +0000 2015"}{"created_at": "Sun Apr 26 22:15:42 +0000 2015"}{"created_at": "Sun Apr 26 22:15:20 +0000 2015"}{"created_at": "Sun Apr 26 21:58:41 +0000 2015"}{"created_at": "Sun Apr 26 21:55:32 +0000 2015"}{"created_at": "Sun Apr 26 21:53:08 +0000 2015"}{"created_at": "Sun Apr 26 21:42:57 +0000 2015"}{"created_at": "Sun Apr 26 21:42:31 +0000 2015"}{"created_at": "Sun Apr 26 21:20:37 +0000 2015"}{"created_at": "Sun Apr 26 21:13:09 +0000 2015"}{"created_at": "Sun Apr 26 21:00:45 +0000 2015"}{"created_at": "Sun Apr 26 20:59:06 +0000 2015"}{"created_at": "Sun Apr 26 22:20:36 +0000 2015"}{"created_at": "Sun Apr 26 22:15:42 +0000 2015"}{"created_at": "Sun Apr 26 22:15:20 +0000 2015"}{"created_at": "Sun Apr 26 21:58:41 +0000 2015"}{"created_at": "Sun Apr 26 21:55:32 +0000 2015"}{"created_at": "Sun Apr 26 21:53:08 +0000 2015"}{"created_at": "Sun Apr 26 21:42:57 +0000 2015"}{"created_at": "Sun Apr 26 21:42:31 +0000 2015"}{"created_at": "Sun Apr 26 21:20:37 +0000 2015"}{"created_at": "Sun Apr 26 21:13:09 +0000 2015"}{"created_at": "Sun Apr 26 21:00:45 +0000 2015"}{"created_at": "Sun Apr 26 22:20:36 +0000 2015"}{"created_at": "Sun Apr 26 22:15:42 +0000 2015"}{"created_at": "Sun Apr 26 22:15:20 +0000 2015"}{"created_at": "Sun Apr 26 21:58:41 +0000 2015"}{"created_at": "Sun Apr 26 21:55:32 +0000 2015"}{"created_at": "Sun Apr 26 21:53:08 +0000 2015"}{"created_at": "Sun Apr 26 21:42:57 +0000 2015"}{"created_at": "Sun Apr 26 21:42:31 +0000 2015"}{"created_at": "Sun Apr 26 21:20:37 +0000 2015"}{"created_at": "Sun Apr 26 21:13:09 +0000 2015"}{"created_at": "Sun Apr 26 22:20:36 +0000 2015"}{"created_at": "Sun Apr 26 22:15:42 +0000 2015"}{"created_at": "Sun Apr 26 22:15:20 +0000 2015"}{"created_at": "Sun Apr 26 21:58:41 +0000 2015"}{"created_at": "Sun Apr 26 21:55:32 +0000 2015"}{"created_at": "Sun Apr 26 21:53:08 +0000 2015"}{"created_at": "Sun Apr 26 21:42:57 +0000 2015"}{"created_at": "Sun Apr 26 21:42:31 +0000 2015"}{"created_at": "Sun Apr 26 21:20:37 +0000 2015"}{"created_at": "Sun Apr 26 22:20:36 +0000 2015"}{"created_at": "Sun Apr 26 22:15:42 +0000 2015"}{"created_at": "Sun Apr 26 22:15:20 +0000 2015"}{"created_at": "Sun Apr 26 21:58:41 +0000 2015"}{"created_at": "Sun Apr 26 21:55:32 +0000 2015"}{"created_at": "Sun Apr 26 21:53:08 +0000 2015"}{"created_at": "Sun Apr 26 21:42:57 +0000 2015"}{"created_at": "Sun Apr 26 21:42:31 +0000 2015"}{"created_at": "Sun Apr 26 22:20:36 +0000 2015"}{"created_at": "Sun Apr 26 22:15:42 +0000 2015"}{"created_at": "Sun Apr 26 22:15:20 +0000 2015"}{"created_at": "Sun Apr 26 21:58:41 +0000 2015"}{"created_at": "Sun Apr 26 21:55:32 +0000 2015"}{"created_at": "Sun Apr 26 21:53:08 +0000 2015"}{"created_at": "Sun Apr 26 21:42:57 +0000 2015"}{"created_at": "Sun Apr 26 22:20:36 +0000 2015"}{"created_at": "Sun Apr 26 22:15:42 +0000 2015"}{"created_at": "Sun Apr 26 22:15:20 +0000 2015"}{"created_at": "Sun Apr 26 21:58:41 +0000 2015"}{"created_at": "Sun Apr 26 21:55:32 +0000 2015"}{"created_at": "Sun Apr 26 21:53:08 +0000 2015"}{"created_at": "Sun Apr 26 22:20:36 +0000 2015"}{"created_at": "Sun Apr 26 22:15:42 +0000 2015"}{"created_at": "Sun Apr 26 22:15:20 +0000 2015"}{"created_at": "Sun Apr 26 21:58:41 +0000 2015"}{"created_at": "Sun Apr 26 21:55:32 +0000 2015"}{"created_at": "Sun Apr 26 22:20:36 +0000 2015"}{"created_at": "Sun Apr 26 22:15:42 +0000 2015"}{"created_at": "Sun Apr 26 22:15:20 +0000 2015"}{"created_at": "Sun Apr 26 21:58:41 +0000 2015"}{"created_at": "Sun Apr 26 22:20:36 +0000 2015"}{"created_at": "Sun Apr 26 22:15:42 +0000 2015"}{"created_at": "Sun Apr 26 22:15:20 +0000 2015"}{"created_at": "Sun Apr 26 22:20:36 +0000 2015"}{"created_at": "Sun Apr 26 22:15:42 +0000 2015"}{"created_at": "Sun Apr 26 22:20:36 +0000 2015"}{"created_at": "Sun Apr 26 22:20:36 +0000 2015"}{"created_at": "Sun Apr 26 22:15:42 +0000 2015"}{"created_at": "Sun Apr 26 22:15:20 +0000 2015"}{"created_at": "Sun Apr 26 21:58:41 +0000 2015"}{"created_at": "Sun Apr 26 21:55:32 +0000 2015"}{"created_at": "Sun Apr 26 21:53:08 +0000 2015"}{"created_at": "Sun Apr 26 21:42:57 +0000 2015"}{"created_at": "Sun Apr 26 21:42:31 +0000 2015"}{"created_at": "Sun Apr 26 21:20:37 +0000 2015"}{"created_at": "Sun Apr 26 21:13:09 +0000 2015"}{"created_at": "Sun Apr 26 21:00:45 +0000 2015"}{"created_at": "Sun Apr 26 20:59:06 +0000 2015"}{"created_at": "Sun Apr 26 20:45:07 +0000 2015"}{"created_at": "Sun Apr 26 20:44:58 +0000 2015"}{"created_at": "Sun Apr 26 20:33:47 +0000 2015"}{"created_at": "Sun Apr 26 22:20:36 +0000 2015"}{"created_at": "Sun Apr 26 22:15:42 +0000 2015"}{"created_at": "Sun Apr 26 22:15:20 +0000 2015"}{"created_at": "Sun Apr 26 21:58:41 +0000 2015"}{"created_at": "Sun Apr 26 21:55:32 +0000 2015"}{"created_at": "Sun Apr 26 21:53:08 +0000 2015"}{"created_at": "Sun Apr 26 21:42:57 +0000 2015"}{"created_at": "Sun Apr 26 21:42:31 +0000 2015"}{"created_at": "Sun Apr 26 21:20:37 +0000 2015"}{"created_at": "Sun Apr 26 21:13:09 +0000 2015"}{"created_at": "Sun Apr 26 21:00:45 +0000 2015"}{"created_at": "Sun Apr 26 20:59:06 +0000 2015"}{"created_at": "Sun Apr 26 20:45:07 +0000 2015"}{"created_at": "Sun Apr 26 20:44:58 +0000 2015"}{"created_at": "Sun Apr 26 22:20:36 +0000 2015"}{"created_at": "Sun Apr 26 22:15:42 +0000 2015"}{"created_at": "Sun Apr 26 22:15:20 +0000 2015"}{"created_at": "Sun Apr 26 21:58:41 +0000 2015"}{"created_at": "Sun Apr 26 21:55:32 +0000 2015"}{"created_at": "Sun Apr 26 21:53:08 +0000 2015"}{"created_at": "Sun Apr 26 21:42:57 +0000 2015"}{"created_at": "Sun Apr 26 21:42:31 +0000 2015"}{"created_at": "Sun Apr 26 21:20:37 +0000 2015"}{"created_at": "Sun Apr 26 21:13:09 +0000 2015"}{"created_at": "Sun Apr 26 21:00:45 +0000 2015"}{"created_at": "Sun Apr 26 20:59:06 +0000 2015"}{"created_at": "Sun Apr 26 20:45:07 +0000 2015"}{"created_at": "Sun Apr 26 22:20:36 +0000 2015"}{"created_at": "Sun Apr 26 22:15:42 +0000 2015"}{"created_at": "Sun Apr 26 22:15:20 +0000 2015"}{"created_at": "Sun Apr 26 21:58:41 +0000 2015"}{"created_at": "Sun Apr 26 21:55:32 +0000 2015"}{"created_at": "Sun Apr 26 21:53:08 +0000 2015"}{"created_at": "Sun Apr 26 21:42:57 +0000 2015"}{"created_at": "Sun Apr 26 21:42:31 +0000 2015"}{"created_at": "Sun Apr 26 21:20:37 +0000 2015"}{"created_at": "Sun Apr 26 21:13:09 +0000 2015"}{"created_at": "Sun Apr 26 21:00:45 +0000 2015"}{"created_at": "Sun Apr 26 20:59:06 +0000 2015"}{"created_at": "Sun Apr 26 22:20:36 +0000 2015"}{"created_at": "Sun Apr 26 22:15:42 +0000 2015"}{"created_at": "Sun Apr 26 22:15:20 +0000 2015"}{"created_at": "Sun Apr 26 21:58:41 +0000 2015"}{"created_at": "Sun Apr 26 21:55:32 +0000 2015"}{"created_at": "Sun Apr 26 21:53:08 +0000 2015"}{"created_at": "Sun Apr 26 21:42:57 +0000 2015"}{"created_at": "Sun Apr 26 21:42:31 +0000 2015"}{"created_at": "Sun Apr 26 21:20:37 +0000 2015"}{"created_at": "Sun Apr 26 21:13:09 +0000 2015"}{"created_at": "Sun Apr 26 21:00:45 +0000 2015"}{"created_at": "Sun Apr 26 22:20:36 +0000 2015"}{"created_at": "Sun Apr 26 22:15:42 +0000 2015"}{"created_at": "Sun Apr 26 22:15:20 +0000 2015"}{"created_at": "Sun Apr 26 21:58:41 +0000 2015"}{"created_at": "Sun Apr 26 21:55:32 +0000 2015"}{"created_at": "Sun Apr 26 21:53:08 +0000 2015"}{"created_at": "Sun Apr 26 21:42:57 +0000 2015"}{"created_at": "Sun Apr 26 21:42:31 +0000 2015"}{"created_at": "Sun Apr 26 21:20:37 +0000 2015"}{"created_at": "Sun Apr 26 21:13:09 +0000 2015"}{"created_at": "Sun Apr 26 22:20:36 +0000 2015"}{"created_at": "Sun Apr 26 22:15:42 +0000 2015"}{"created_at": "Sun Apr 26 22:15:20 +0000 2015"}{"created_at": "Sun Apr 26 21:58:41 +0000 2015"}{"created_at": "Sun Apr 26 21:55:32 +0000 2015"}{"created_at": "Sun Apr 26 21:53:08 +0000 2015"}{"created_at": "Sun Apr 26 21:42:57 +0000 2015"}{"created_at": "Sun Apr 26 21:42:31 +0000 2015"}{"created_at": "Sun Apr 26 21:20:37 +0000 2015"}{"created_at": "Sun Apr 26 22:20:36 +0000 2015"}{"created_at": "Sun Apr 26 22:15:42 +0000 2015"}{"created_at": "Sun Apr 26 22:15:20 +0000 2015"}{"created_at": "Sun Apr 26 21:58:41 +0000 2015"}{"created_at": "Sun Apr 26 21:55:32 +0000 2015"}{"created_at": "Sun Apr 26 21:53:08 +0000 2015"}{"created_at": "Sun Apr 26 21:42:57 +0000 2015"}{"created_at": "Sun Apr 26 21:42:31 +0000 2015"}{"created_at": "Sun Apr 26 22:20:36 +0000 2015"}{"created_at": "Sun Apr 26 22:15:42 +0000 2015"}{"created_at": "Sun Apr 26 22:15:20 +0000 2015"}{"created_at": "Sun Apr 26 21:58:41 +0000 2015"}{"created_at": "Sun Apr 26 21:55:32 +0000 2015"}{"created_at": "Sun Apr 26 21:53:08 +0000 2015"}{"created_at": "Sun Apr 26 21:42:57 +0000 2015"}{"created_at": "Sun Apr 26 22:20:36 +0000 2015"}{"created_at": "Sun Apr 26 22:15:42 +0000 2015"}{"created_at": "Sun Apr 26 22:15:20 +0000 2015"}{"created_at": "Sun Apr 26 21:58:41 +0000 2015"}{"created_at": "Sun Apr 26 21:55:32 +0000 2015"}{"created_at": "Sun Apr 26 21:53:08 +0000 2015"}{"created_at": "Sun Apr 26 22:20:36 +0000 2015"}{"created_at": "Sun Apr 26 22:15:42 +0000 2015"}{"created_at": "Sun Apr 26 22:15:20 +0000 2015"}{"created_at": "Sun Apr 26 21:58:41 +0000 2015"}{"created_at": "Sun Apr 26 21:55:32 +0000 2015"}{"created_at": "Sun Apr 26 22:20:36 +0000 2015"}{"created_at": "Sun Apr 26 22:15:42 +0000 2015"}{"created_at": "Sun Apr 26 22:15:20 +0000 2015"}{"created_at": "Sun Apr 26 21:58:41 +0000 2015"}{"created_at": "Sun Apr 26 22:20:36 +0000 2015"}{"created_at": "Sun Apr 26 22:15:42 +0000 2015"}{"created_at": "Sun Apr 26 22:15:20 +0000 2015"}{"created_at": "Sun Apr 26 22:20:36 +0000 2015"}{"created_at": "Sun Apr 26 22:15:42 +0000 2015"}{"created_at": "Sun Apr 26 22:20:36 +0000 2015"}{"created_at": "Sun Apr 26 22:20:36 +0000 2015"}{"created_at": "Sun Apr 26 22:15:42 +0000 2015"}{"created_at": "Sun Apr 26 22:15:20 +0000 2015"}{"created_at": "Sun Apr 26 21:58:41 +0000 2015"}{"created_at": "Sun Apr 26 21:55:32 +0000 2015"}{"created_at": "Sun Apr 26 21:53:08 +0000 2015"}{"created_at": "Sun Apr 26 21:42:57 +0000 2015"}{"created_at": "Sun Apr 26 21:42:31 +0000 2015"}{"created_at": "Sun Apr 26 21:20:37 +0000 2015"}{"created_at": "Sun Apr 26 21:13:09 +0000 2015"}{"created_at": "Sun Apr 26 21:00:45 +0000 2015"}{"created_at": "Sun Apr 26 20:59:06 +0000 2015"}{"created_at": "Sun Apr 26 20:45:07 +0000 2015"}{"created_at": "Sun Apr 26 20:44:58 +0000 2015"}{"created_at": "Sun Apr 26 20:33:47 +0000 2015"}{"created_at": "Sun Apr 26 22:20:36 +0000 2015"}{"created_at": "Sun Apr 26 22:15:42 +0000 2015"}{"created_at": "Sun Apr 26 22:15:20 +0000 2015"}{"created_at": "Sun Apr 26 21:58:41 +0000 2015"}{"created_at": "Sun Apr 26 21:55:32 +0000 2015"}{"created_at": "Sun Apr 26 21:53:08 +0000 2015"}{"created_at": "Sun Apr 26 21:42:57 +0000 2015"}{"created_at": "Sun Apr 26 21:42:31 +0000 2015"}{"created_at": "Sun Apr 26 21:20:37 +0000 2015"}{"created_at": "Sun Apr 26 21:13:09 +0000 2015"}{"created_at": "Sun Apr 26 21:00:45 +0000 2015"}{"created_at": "Sun Apr 26 20:59:06 +0000 2015"}{"created_at": "Sun Apr 26 20:45:07 +0000 2015"}{"created_at": "Sun Apr 26 20:44:58 +0000 2015"}{"created_at": "Sun Apr 26 22:20:36 +0000 2015"}{"created_at": "Sun Apr 26 22:15:42 +0000 2015"}{"created_at": "Sun Apr 26 22:15:20 +0000 2015"}{"created_at": "Sun Apr 26 21:58:41 +0000 2015"}{"created_at": "Sun Apr 26 21:55:32 +0000 2015"}{"created_at": "Sun Apr 26 21:53:08 +0000 2015"}{"created_at": "Sun Apr 26 21:42:57 +0000 2015"}{"created_at": "Sun Apr 26 21:42:31 +0000 2015"}{"created_at": "Sun Apr 26 21:20:37 +0000 2015"}{"created_at": "Sun Apr 26 21:13:09 +0000 2015"}{"created_at": "Sun Apr 26 21:00:45 +0000 2015"}{"created_at": "Sun Apr 26 20:59:06 +0000 2015"}{"created_at": "Sun Apr 26 20:45:07 +0000 2015"}{"created_at": "Sun Apr 26 22:20:36 +0000 2015"}{"created_at": "Sun Apr 26 22:15:42 +0000 2015"}{"created_at": "Sun Apr 26 22:15:20 +0000 2015"}{"created_at": "Sun Apr 26 21:58:41 +0000 2015"}{"created_at": "Sun Apr 26 21:55:32 +0000 2015"}{"created_at": "Sun Apr 26 21:53:08 +0000 2015"}{"created_at": "Sun Apr 26 21:42:57 +0000 2015"}{"created_at": "Sun Apr 26 21:42:31 +0000 2015"}{"created_at": "Sun Apr 26 21:20:37 +0000 2015"}{"created_at": "Sun Apr 26 21:13:09 +0000 2015"}{"created_at": "Sun Apr 26 21:00:45 +0000 2015"}{"created_at": "Sun Apr 26 20:59:06 +0000 2015"}{"created_at": "Sun Apr 26 22:20:36 +0000 2015"}{"created_at": "Sun Apr 26 22:15:42 +0000 2015"}{"created_at": "Sun Apr 26 22:15:20 +0000 2015"}{"created_at": "Sun Apr 26 21:58:41 +0000 2015"}{"created_at": "Sun Apr 26 21:55:32 +0000 2015"}{"created_at": "Sun Apr 26 21:53:08 +0000 2015"}{"created_at": "Sun Apr 26 21:42:57 +0000 2015"}{"created_at": "Sun Apr 26 21:42:31 +0000 2015"}{"created_at": "Sun Apr 26 21:20:37 +0000 2015"}{"created_at": "Sun Apr 26 21:13:09 +0000 2015"}{"created_at": "Sun Apr 26 21:00:45 +0000 2015"}{"created_at": "Sun Apr 26 22:20:36 +0000 2015"}{"created_at": "Sun Apr 26 22:15:42 +0000 2015"}{"created_at": "Sun Apr 26 22:15:20 +0000 2015"}{"created_at": "Sun Apr 26 21:58:41 +0000 2015"}{"created_at": "Sun Apr 26 21:55:32 +0000 2015"}{"created_at": "Sun Apr 26 21:53:08 +0000 2015"}{"created_at": "Sun Apr 26 21:42:57 +0000 2015"}{"created_at": "Sun Apr 26 21:42:31 +0000 2015"}{"created_at": "Sun Apr 26 21:20:37 +0000 2015"}{"created_at": "Sun Apr 26 21:13:09 +0000 2015"}{"created_at": "Sun Apr 26 22:20:36 +0000 2015"}{"created_at": "Sun Apr 26 22:15:42 +0000 2015"}{"created_at": "Sun Apr 26 22:15:20 +0000 2015"}{"created_at": "Sun Apr 26 21:58:41 +0000 2015"}{"created_at": "Sun Apr 26 21:55:32 +0000 2015"}{"created_at": "Sun Apr 26 21:53:08 +0000 2015"}{"created_at": "Sun Apr 26 21:42:57 +0000 2015"}{"created_at": "Sun Apr 26 21:42:31 +0000 2015"}{"created_at": "Sun Apr 26 21:20:37 +0000 2015"}{"created_at": "Sun Apr 26 22:20:36 +0000 2015"}{"created_at": "Sun Apr 26 22:15:42 +0000 2015"}{"created_at": "Sun Apr 26 22:15:20 +0000 2015"}{"created_at": "Sun Apr 26 21:58:41 +0000 2015"}{"created_at": "Sun Apr 26 21:55:32 +0000 2015"}{"created_at": "Sun Apr 26 21:53:08 +0000 2015"}{"created_at": "Sun Apr 26 21:42:57 +0000 2015"}{"created_at": "Sun Apr 26 21:42:31 +0000 2015"}{"created_at": "Sun Apr 26 22:20:36 +0000 2015"}{"created_at": "Sun Apr 26 22:15:42 +0000 2015"}{"created_at": "Sun Apr 26 22:15:20 +0000 2015"}{"created_at": "Sun Apr 26 21:58:41 +0000 2015"}{"created_at": "Sun Apr 26 21:55:32 +0000 2015"}{"created_at": "Sun Apr 26 21:53:08 +0000 2015"}{"created_at": "Sun Apr 26 21:42:57 +0000 2015"}{"created_at": "Sun Apr 26 22:20:36 +0000 2015"}{"created_at": "Sun Apr 26 22:15:42 +0000 2015"}{"created_at": "Sun Apr 26 22:15:20 +0000 2015"}{"created_at": "Sun Apr 26 21:58:41 +0000 2015"}{"created_at": "Sun Apr 26 21:55:32 +0000 2015"}{"created_at": "Sun Apr 26 21:53:08 +0000 2015"}{"created_at": "Sun Apr 26 22:20:36 +0000 2015"}{"created_at": "Sun Apr 26 22:15:42 +0000 2015"}{"created_at": "Sun Apr 26 22:15:20 +0000 2015"}{"created_at": "Sun Apr 26 21:58:41 +0000 2015"}{"created_at": "Sun Apr 26 21:55:32 +0000 2015"}{"created_at": "Sun Apr 26 22:20:36 +0000 2015"}{"created_at": "Sun Apr 26 22:15:42 +0000 2015"}{"created_at": "Sun Apr 26 22:15:20 +0000 2015"}{"created_at": "Sun Apr 26 21:58:41 +0000 2015"}{"created_at": "Sun Apr 26 22:20:36 +0000 2015"}{"created_at": "Sun Apr 26 22:15:42 +0000 2015"}{"created_at": "Sun Apr 26 22:15:20 +0000 2015"}{"created_at": "Sun Apr 26 22:20:36 +0000 2015"}{"created_at": "Sun Apr 26 22:15:42 +0000 2015"}{"created_at": "Sun Apr 26 22:20:36 +0000 2015"}{"created_at": "Sun Apr 26 22:20:36 +0000 2015"}{"created_at": "Sun Apr 26 22:15:42 +0000 2015"}{"created_at": "Sun Apr 26 22:15:20 +0000 2015"}{"created_at": "Sun Apr 26 21:58:41 +0000 2015"}{"created_at": "Sun Apr 26 21:55:32 +0000 2015"}{"created_at": "Sun Apr 26 21:53:08 +0000 2015"}{"created_at": "Sun Apr 26 21:42:57 +0000 2015"}{"created_at": "Sun Apr 26 21:42:31 +0000 2015"}{"created_at": "Sun Apr 26 21:20:37 +0000 2015"}{"created_at": "Sun Apr 26 21:13:09 +0000 2015"}{"created_at": "Sun Apr 26 21:00:45 +0000 2015"}{"created_at": "Sun Apr 26 20:59:06 +0000 2015"}{"created_at": "Sun Apr 26 20:45:07 +0000 2015"}{"created_at": "Sun Apr 26 20:44:58 +0000 2015"}{"created_at": "Sun Apr 26 20:33:47 +0000 2015"}{"created_at": "Sun Apr 26 22:20:36 +0000 2015"}{"created_at": "Sun Apr 26 22:15:42 +0000 2015"}{"created_at": "Sun Apr 26 22:15:20 +0000 2015"}{"created_at": "Sun Apr 26 21:58:41 +0000 2015"}{"created_at": "Sun Apr 26 21:55:32 +0000 2015"}{"created_at": "Sun Apr 26 21:53:08 +0000 2015"}{"created_at": "Sun Apr 26 21:42:57 +0000 2015"}{"created_at": "Sun Apr 26 21:42:31 +0000 2015"}{"created_at": "Sun Apr 26 21:20:37 +0000 2015"}{"created_at": "Sun Apr 26 21:13:09 +0000 2015"}{"created_at": "Sun Apr 26 21:00:45 +0000 2015"}{"created_at": "Sun Apr 26 20:59:06 +0000 2015"}{"created_at": "Sun Apr 26 20:45:07 +0000 2015"}{"created_at": "Sun Apr 26 20:44:58 +0000 2015"}{"created_at": "Sun Apr 26 22:20:36 +0000 2015"}{"created_at": "Sun Apr 26 22:15:42 +0000 2015"}{"created_at": "Sun Apr 26 22:15:20 +0000 2015"}{"created_at": "Sun Apr 26 21:58:41 +0000 2015"}{"created_at": "Sun Apr 26 21:55:32 +0000 2015"}{"created_at": "Sun Apr 26 21:53:08 +0000 2015"}{"created_at": "Sun Apr 26 21:42:57 +0000 2015"}{"created_at": "Sun Apr 26 21:42:31 +0000 2015"}{"created_at": "Sun Apr 26 21:20:37 +0000 2015"}{"created_at": "Sun Apr 26 21:13:09 +0000 2015"}{"created_at": "Sun Apr 26 21:00:45 +0000 2015"}{"created_at": "Sun Apr 26 20:59:06 +0000 2015"}{"created_at": "Sun Apr 26 20:45:07 +0000 2015"}{"created_at": "Sun Apr 26 22:20:36 +0000 2015"}{"created_at": "Sun Apr 26 22:15:42 +0000 2015"}{"created_at": "Sun Apr 26 22:15:20 +0000 2015"}{"created_at": "Sun Apr 26 21:58:41 +0000 2015"}{"created_at": "Sun Apr 26 21:55:32 +0000 2015"}{"created_at": "Sun Apr 26 21:53:08 +0000 2015"}{"created_at": "Sun Apr 26 21:42:57 +0000 2015"}{"created_at": "Sun Apr 26 21:42:31 +0000 2015"}{"created_at": "Sun Apr 26 21:20:37 +0000 2015"}{"created_at": "Sun Apr 26 21:13:09 +0000 2015"}{"created_at": "Sun Apr 26 21:00:45 +0000 2015"}{"created_at": "Sun Apr 26 20:59:06 +0000 2015"}{"created_at": "Sun Apr 26 22:20:36 +0000 2015"}{"created_at": "Sun Apr 26 22:15:42 +0000 2015"}{"created_at": "Sun Apr 26 22:15:20 +0000 2015"}{"created_at": "Sun Apr 26 21:58:41 +0000 2015"}{"created_at": "Sun Apr 26 21:55:32 +0000 2015"}{"created_at": "Sun Apr 26 21:53:08 +0000 2015"}{"created_at": "Sun Apr 26 21:42:57 +0000 2015"}{"created_at": "Sun Apr 26 21:42:31 +0000 2015"}{"created_at": "Sun Apr 26 21:20:37 +0000 2015"}{"created_at": "Sun Apr 26 21:13:09 +0000 2015"}{"created_at": "Sun Apr 26 21:00:45 +0000 2015"}{"created_at": "Sun Apr 26 22:20:36 +0000 2015"}{"created_at": "Sun Apr 26 22:15:42 +0000 2015"}{"created_at": "Sun Apr 26 22:15:20 +0000 2015"}{"created_at": "Sun Apr 26 21:58:41 +0000 2015"}{"created_at": "Sun Apr 26 21:55:32 +0000 2015"}{"created_at": "Sun Apr 26 21:53:08 +0000 2015"}{"created_at": "Sun Apr 26 21:42:57 +0000 2015"}{"created_at": "Sun Apr 26 21:42:31 +0000 2015"}{"created_at": "Sun Apr 26 21:20:37 +0000 2015"}{"created_at": "Sun Apr 26 21:13:09 +0000 2015"}{"created_at": "Sun Apr 26 22:20:36 +0000 2015"}{"created_at": "Sun Apr 26 22:15:42 +0000 2015"}{"created_at": "Sun Apr 26 22:15:20 +0000 2015"}{"created_at": "Sun Apr 26 21:58:41 +0000 2015"}{"created_at": "Sun Apr 26 21:55:32 +0000 2015"}{"created_at": "Sun Apr 26 21:53:08 +0000 2015"}{"created_at": "Sun Apr 26 21:42:57 +0000 2015"}{"created_at": "Sun Apr 26 21:42:31 +0000 2015"}{"created_at": "Sun Apr 26 21:20:37 +0000 2015"}{"created_at": "Sun Apr 26 22:20:36 +0000 2015"}{"created_at": "Sun Apr 26 22:15:42 +0000 2015"}{"created_at": "Sun Apr 26 22:15:20 +0000 2015"}{"created_at": "Sun Apr 26 21:58:41 +0000 2015"}{"created_at": "Sun Apr 26 21:55:32 +0000 2015"}{"created_at": "Sun Apr 26 21:53:08 +0000 2015"}{"created_at": "Sun Apr 26 21:42:57 +0000 2015"}{"created_at": "Sun Apr 26 21:42:31 +0000 2015"}{"created_at": "Sun Apr 26 22:20:36 +0000 2015"}{"created_at": "Sun Apr 26 22:15:42 +0000 2015"}{"created_at": "Sun Apr 26 22:15:20 +0000 2015"}{"created_at": "Sun Apr 26 21:58:41 +0000 2015"}{"created_at": "Sun Apr 26 21:55:32 +0000 2015"}{"created_at": "Sun Apr 26 21:53:08 +0000 2015"}{"created_at": "Sun Apr 26 21:42:57 +0000 2015"}{"created_at": "Sun Apr 26 22:20:36 +0000 2015"}{"created_at": "Sun Apr 26 22:15:42 +0000 2015"}{"created_at": "Sun Apr 26 22:15:20 +0000 2015"}{"created_at": "Sun Apr 26 21:58:41 +0000 2015"}{"created_at": "Sun Apr 26 21:55:32 +0000 2015"}{"created_at": "Sun Apr 26 21:53:08 +0000 2015"}{"created_at": "Sun Apr 26 22:20:36 +0000 2015"}{"created_at": "Sun Apr 26 22:15:42 +0000 2015"}{"created_at": "Sun Apr 26 22:15:20 +0000 2015"}{"created_at": "Sun Apr 26 21:58:41 +0000 2015"}{"created_at": "Sun Apr 26 21:55:32 +0000 2015"}{"created_at": "Sun Apr 26 22:20:36 +0000 2015"}{"created_at": "Sun Apr 26 22:15:42 +0000 2015"}{"created_at": "Sun Apr 26 22:15:20 +0000 2015"}{"created_at": "Sun Apr 26 21:58:41 +0000 2015"}{"created_at": "Sun Apr 26 22:20:36 +0000 2015"}{"created_at": "Sun Apr 26 22:15:42 +0000 2015"}{"created_at": "Sun Apr 26 22:15:20 +0000 2015"}{"created_at": "Sun Apr 26 22:20:36 +0000 2015"}{"created_at": "Sun Apr 26 22:15:42 +0000 2015"}{"created_at": "Sun Apr 26 22:20:36 +0000 2015"}{"created_at": "Sun Apr 26 22:20:36 +0000 2015"}{"created_at": "Sun Apr 26 22:15:42 +0000 2015"}{"created_at": "Sun Apr 26 22:15:20 +0000 2015"}{"created_at": "Sun Apr 26 21:58:41 +0000 2015"}{"created_at": "Sun Apr 26 21:55:32 +0000 2015"}{"created_at": "Sun Apr 26 21:53:08 +0000 2015"}{"created_at": "Sun Apr 26 21:42:57 +0000 2015"}{"created_at": "Sun Apr 26 21:42:31 +0000 2015"}{"created_at": "Sun Apr 26 21:20:37 +0000 2015"}{"created_at": "Sun Apr 26 21:13:09 +0000 2015"}{"created_at": "Sun Apr 26 21:00:45 +0000 2015"}{"created_at": "Sun Apr 26 20:59:06 +0000 2015"}{"created_at": "Sun Apr 26 20:45:07 +0000 2015"}{"created_at": "Sun Apr 26 20:44:58 +0000 2015"}{"created_at": "Sun Apr 26 20:33:47 +0000 2015"}{"created_at": "Sun Apr 26 22:20:36 +0000 2015"}{"created_at": "Sun Apr 26 22:15:42 +0000 2015"}{"created_at": "Sun Apr 26 22:15:20 +0000 2015"}{"created_at": "Sun Apr 26 21:58:41 +0000 2015"}{"created_at": "Sun Apr 26 21:55:32 +0000 2015"}{"created_at": "Sun Apr 26 21:53:08 +0000 2015"}{"created_at": "Sun Apr 26 21:42:57 +0000 2015"}{"created_at": "Sun Apr 26 21:42:31 +0000 2015"}{"created_at": "Sun Apr 26 21:20:37 +0000 2015"}{"created_at": "Sun Apr 26 21:13:09 +0000 2015"}{"created_at": "Sun Apr 26 21:00:45 +0000 2015"}{"created_at": "Sun Apr 26 20:59:06 +0000 2015"}{"created_at": "Sun Apr 26 20:45:07 +0000 2015"}{"created_at": "Sun Apr 26 20:44:58 +0000 2015"}{"created_at": "Sun Apr 26 22:20:36 +0000 2015"}{"created_at": "Sun Apr 26 22:15:42 +0000 2015"}{"created_at": "Sun Apr 26 22:15:20 +0000 2015"}{"created_at": "Sun Apr 26 21:58:41 +0000 2015"}{"created_at": "Sun Apr 26 21:55:32 +0000 2015"}{"created_at": "Sun Apr 26 21:53:08 +0000 2015"}{"created_at": "Sun Apr 26 21:42:57 +0000 2015"}{"created_at": "Sun Apr 26 21:42:31 +0000 2015"}{"created_at": "Sun Apr 26 21:20:37 +0000 2015"}{"created_at": "Sun Apr 26 21:13:09 +0000 2015"}{"created_at": "Sun Apr 26 21:00:45 +0000 2015"}{"created_at": "Sun Apr 26 20:59:06 +0000 2015"}{"created_at": "Sun Apr 26 20:45:07 +0000 2015"}{"created_at": "Sun Apr 26 22:20:36 +0000 2015"}{"created_at": "Sun Apr 26 22:15:42 +0000 2015"}{"created_at": "Sun Apr 26 22:15:20 +0000 2015"}{"created_at": "Sun Apr 26 21:58:41 +0000 2015"}{"created_at": "Sun Apr 26 21:55:32 +0000 2015"}{"created_at": "Sun Apr 26 21:53:08 +0000 2015"}{"created_at": "Sun Apr 26 21:42:57 +0000 2015"}{"created_at": "Sun Apr 26 21:42:31 +0000 2015"}{"created_at": "Sun Apr 26 21:20:37 +0000 2015"}{"created_at": "Sun Apr 26 21:13:09 +0000 2015"}{"created_at": "Sun Apr 26 21:00:45 +0000 2015"}{"created_at": "Sun Apr 26 20:59:06 +0000 2015"}{"created_at": "Sun Apr 26 22:20:36 +0000 2015"}{"created_at": "Sun Apr 26 22:15:42 +0000 2015"}{"created_at": "Sun Apr 26 22:15:20 +0000 2015"}{"created_at": "Sun Apr 26 21:58:41 +0000 2015"}{"created_at": "Sun Apr 26 21:55:32 +0000 2015"}{"created_at": "Sun Apr 26 21:53:08 +0000 2015"}{"created_at": "Sun Apr 26 21:42:57 +0000 2015"}{"created_at": "Sun Apr 26 21:42:31 +0000 2015"}{"created_at": "Sun Apr 26 21:20:37 +0000 2015"}{"created_at": "Sun Apr 26 21:13:09 +0000 2015"}{"created_at": "Sun Apr 26 21:00:45 +0000 2015"}{"created_at": "Sun Apr 26 22:20:36 +0000 2015"}{"created_at": "Sun Apr 26 22:15:42 +0000 2015"}{"created_at": "Sun Apr 26 22:15:20 +0000 2015"}{"created_at": "Sun Apr 26 21:58:41 +0000 2015"}{"created_at": "Sun Apr 26 21:55:32 +0000 2015"}{"created_at": "Sun Apr 26 21:53:08 +0000 2015"}{"created_at": "Sun Apr 26 21:42:57 +0000 2015"}{"created_at": "Sun Apr 26 21:42:31 +0000 2015"}{"created_at": "Sun Apr 26 21:20:37 +0000 2015"}{"created_at": "Sun Apr 26 21:13:09 +0000 2015"}{"created_at": "Sun Apr 26 22:20:36 +0000 2015"}{"created_at": "Sun Apr 26 22:15:42 +0000 2015"}{"created_at": "Sun Apr 26 22:15:20 +0000 2015"}{"created_at": "Sun Apr 26 21:58:41 +0000 2015"}{"created_at": "Sun Apr 26 21:55:32 +0000 2015"}{"created_at": "Sun Apr 26 21:53:08 +0000 2015"}{"created_at": "Sun Apr 26 21:42:57 +0000 2015"}{"created_at": "Sun Apr 26 21:42:31 +0000 2015"}{"created_at": "Sun Apr 26 21:20:37 +0000 2015"}{"created_at": "Sun Apr 26 22:20:36 +0000 2015"}{"created_at": "Sun Apr 26 22:15:42 +0000 2015"}{"created_at": "Sun Apr 26 22:15:20 +0000 2015"}{"created_at": "Sun Apr 26 21:58:41 +0000 2015"}{"created_at": "Sun Apr 26 21:55:32 +0000 2015"}{"created_at": "Sun Apr 26 21:53:08 +0000 2015"}{"created_at": "Sun Apr 26 21:42:57 +0000 2015"}{"created_at": "Sun Apr 26 21:42:31 +0000 2015"}{"created_at": "Sun Apr 26 22:20:36 +0000 2015"}{"created_at": "Sun Apr 26 22:15:42 +0000 2015"}{"created_at": "Sun Apr 26 22:15:20 +0000 2015"}{"created_at": "Sun Apr 26 21:58:41 +0000 2015"}{"created_at": "Sun Apr 26 21:55:32 +0000 2015"}{"created_at": "Sun Apr 26 21:53:08 +0000 2015"}{"created_at": "Sun Apr 26 21:42:57 +0000 2015"}{"created_at": "Sun Apr 26 22:20:36 +0000 2015"}{"created_at": "Sun Apr 26 22:15:42 +0000 2015"}{"created_at": "Sun Apr 26 22:15:20 +0000 2015"}{"created_at": "Sun Apr 26 21:58:41 +0000 2015"}{"created_at": "Sun Apr 26 21:55:32 +0000 2015"}{"created_at": "Sun Apr 26 21:53:08 +0000 2015"}{"created_at": "Sun Apr 26 22:20:36 +0000 2015"}{"created_at": "Sun Apr 26 22:15:42 +0000 2015"}{"created_at": "Sun Apr 26 22:15:20 +0000 2015"}{"created_at": "Sun Apr 26 21:58:41 +0000 2015"}{"created_at": "Sun Apr 26 21:55:32 +0000 2015"}{"created_at": "Sun Apr 26 22:20:36 +0000 2015"}{"created_at": "Sun Apr 26 22:15:42 +0000 2015"}{"created_at": "Sun Apr 26 22:15:20 +0000 2015"}{"created_at": "Sun Apr 26 21:58:41 +0000 2015"}{"created_at": "Sun Apr 26 22:20:36 +0000 2015"}{"created_at": "Sun Apr 26 22:15:42 +0000 2015"}{"created_at": "Sun Apr 26 22:15:20 +0000 2015"}{"created_at": "Sun Apr 26 22:20:36 +0000 2015"}{"created_at": "Sun Apr 26 22:15:42 +0000 2015"}{"created_at": "Sun Apr 26 22:20:36 +0000 2015"}{"created_at": "Sun Apr 26 22:20:36 +0000 2015"}{"created_at": "Sun Apr 26 22:15:42 +0000 2015"}{"created_at": "Sun Apr 26 22:15:20 +0000 2015"}{"created_at": "Sun Apr 26 21:58:41 +0000 2015"}{"created_at": "Sun Apr 26 21:55:32 +0000 2015"}{"created_at": "Sun Apr 26 21:53:08 +0000 2015"}{"created_at": "Sun Apr 26 21:42:57 +0000 2015"}{"created_at": "Sun Apr 26 21:42:31 +0000 2015"}{"created_at": "Sun Apr 26 21:20:37 +0000 2015"}{"created_at": "Sun Apr 26 21:13:09 +0000 2015"}{"created_at": "Sun Apr 26 21:00:45 +0000 2015"}{"created_at": "Sun Apr 26 20:59:06 +0000 2015"}{"created_at": "Sun Apr 26 20:45:07 +0000 2015"}{"created_at": "Sun Apr 26 20:44:58 +0000 2015"}{"created_at": "Sun Apr 26 20:33:47 +0000 2015"}{"created_at": "Sun Apr 26 22:20:36 +0000 2015"}{"created_at": "Sun Apr 26 22:15:42 +0000 2015"}{"created_at": "Sun Apr 26 22:15:20 +0000 2015"}{"created_at": "Sun Apr 26 21:58:41 +0000 2015"}{"created_at": "Sun Apr 26 21:55:32 +0000 2015"}{"created_at": "Sun Apr 26 21:53:08 +0000 2015"}{"created_at": "Sun Apr 26 21:42:57 +0000 2015"}{"created_at": "Sun Apr 26 21:42:31 +0000 2015"}{"created_at": "Sun Apr 26 21:20:37 +0000 2015"}{"created_at": "Sun Apr 26 21:13:09 +0000 2015"}{"created_at": "Sun Apr 26 21:00:45 +0000 2015"}{"created_at": "Sun Apr 26 20:59:06 +0000 2015"}{"created_at": "Sun Apr 26 20:45:07 +0000 2015"}{"created_at": "Sun Apr 26 20:44:58 +0000 2015"}{"created_at": "Sun Apr 26 22:20:36 +0000 2015"}{"created_at": "Sun Apr 26 22:15:42 +0000 2015"}{"created_at": "Sun Apr 26 22:15:20 +0000 2015"}{"created_at": "Sun Apr 26 21:58:41 +0000 2015"}{"created_at": "Sun Apr 26 21:55:32 +0000 2015"}{"created_at": "Sun Apr 26 21:53:08 +0000 2015"}{"created_at": "Sun Apr 26 21:42:57 +0000 2015"}{"created_at": "Sun Apr 26 21:42:31 +0000 2015"}{"created_at": "Sun Apr 26 21:20:37 +0000 2015"}{"created_at": "Sun Apr 26 21:13:09 +0000 2015"}{"created_at": "Sun Apr 26 21:00:45 +0000 2015"}{"created_at": "Sun Apr 26 20:59:06 +0000 2015"}{"created_at": "Sun Apr 26 20:45:07 +0000 2015"}{"created_at": "Sun Apr 26 22:20:36 +0000 2015"}{"created_at": "Sun Apr 26 22:15:42 +0000 2015"}{"created_at": "Sun Apr 26 22:15:20 +0000 2015"}{"created_at": "Sun Apr 26 21:58:41 +0000 2015"}{"created_at": "Sun Apr 26 21:55:32 +0000 2015"}{"created_at": "Sun Apr 26 21:53:08 +0000 2015"}{"created_at": "Sun Apr 26 21:42:57 +0000 2015"}{"created_at": "Sun Apr 26 21:42:31 +0000 2015"}{"created_at": "Sun Apr 26 21:20:37 +0000 2015"}{"created_at": "Sun Apr 26 21:13:09 +0000 2015"}{"created_at": "Sun Apr 26 21:00:45 +0000 2015"}{"created_at": "Sun Apr 26 20:59:06 +0000 2015"}{"created_at": "Sun Apr 26 22:20:36 +0000 2015"}{"created_at": "Sun Apr 26 22:15:42 +0000 2015"}{"created_at": "Sun Apr 26 22:15:20 +0000 2015"}{"created_at": "Sun Apr 26 21:58:41 +0000 2015"}{"created_at": "Sun Apr 26 21:55:32 +0000 2015"}{"created_at": "Sun Apr 26 21:53:08 +0000 2015"}{"created_at": "Sun Apr 26 21:42:57 +0000 2015"}{"created_at": "Sun Apr 26 21:42:31 +0000 2015"}{"created_at": "Sun Apr 26 21:20:37 +0000 2015"}{"created_at": "Sun Apr 26 21:13:09 +0000 2015"}{"created_at": "Sun Apr 26 21:00:45 +0000 2015"}{"created_at": "Sun Apr 26 22:20:36 +0000 2015"}{"created_at": "Sun Apr 26 22:15:42 +0000 2015"}{"created_at": "Sun Apr 26 22:15:20 +0000 2015"}{"created_at": "Sun Apr 26 21:58:41 +0000 2015"}{"created_at": "Sun Apr 26 21:55:32 +0000 2015"}{"created_at": "Sun Apr 26 21:53:08 +0000 2015"}{"created_at": "Sun Apr 26 21:42:57 +0000 2015"}{"created_at": "Sun Apr 26 21:42:31 +0000 2015"}{"created_at": "Sun Apr 26 21:20:37 +0000 2015"}{"created_at": "Sun Apr 26 21:13:09 +0000 2015"}{"created_at": "Sun Apr 26 22:20:36 +0000 2015"}{"created_at": "Sun Apr 26 22:15:42 +0000 2015"}{"created_at": "Sun Apr 26 22:15:20 +0000 2015"}{"created_at": "Sun Apr 26 21:58:41 +0000 2015"}{"created_at": "Sun Apr 26 21:55:32 +0000 2015"}{"created_at": "Sun Apr 26 21:53:08 +0000 2015"}{"created_at": "Sun Apr 26 21:42:57 +0000 2015"}{"created_at": "Sun Apr 26 21:42:31 +0000 2015"}{"created_at": "Sun Apr 26 21:20:37 +0000 2015"}{"created_at": "Sun Apr 26 22:20:36 +0000 2015"}{"created_at": "Sun Apr 26 22:15:42 +0000 2015"}{"created_at": "Sun Apr 26 22:15:20 +0000 2015"}{"created_at": "Sun Apr 26 21:58:41 +0000 2015"}{"created_at": "Sun Apr 26 21:55:32 +0000 2015"}{"created_at": "Sun Apr 26 21:53:08 +0000 2015"}{"created_at": "Sun Apr 26 21:42:57 +0000 2015"}{"created_at": "Sun Apr 26 21:42:31 +0000 2015"}{"created_at": "Sun Apr 26 22:20:36 +0000 2015"}{"created_at": "Sun Apr 26 22:15:42 +0000 2015"}{"created_at": "Sun Apr 26 22:15:20 +0000 2015"}{"created_at": "Sun Apr 26 21:58:41 +0000 2015"}{"created_at": "Sun Apr 26 21:55:32 +0000 2015"}{"created_at": "Sun Apr 26 21:53:08 +0000 2015"}{"created_at": "Sun Apr 26 21:42:57 +0000 2015"}{"created_at": "Sun Apr 26 22:20:36 +0000 2015"}{"created_at": "Sun Apr 26 22:15:42 +0000 2015"}{"created_at": "Sun Apr 26 22:15:20 +0000 2015"}{"created_at": "Sun Apr 26 21:58:41 +0000 2015"}{"created_at": "Sun Apr 26 21:55:32 +0000 2015"}{"created_at": "Sun Apr 26 21:53:08 +0000 2015"}{"created_at": "Sun Apr 26 22:20:36 +0000 2015"}{"created_at": "Sun Apr 26 22:15:42 +0000 2015"}{"created_at": "Sun Apr 26 22:15:20 +0000 2015"}{"created_at": "Sun Apr 26 21:58:41 +0000 2015"}{"created_at": "Sun Apr 26 21:55:32 +0000 2015"}{"created_at": "Sun Apr 26 22:20:36 +0000 2015"}{"created_at": "Sun Apr 26 22:15:42 +0000 2015"}{"created_at": "Sun Apr 26 22:15:20 +0000 2015"}{"created_at": "Sun Apr 26 21:58:41 +0000 2015"}{"created_at": "Sun Apr 26 22:20:36 +0000 2015"}{"created_at": "Sun Apr 26 22:15:42 +0000 2015"}{"created_at": "Sun Apr 26 22:15:20 +0000 2015"}{"created_at": "Sun Apr 26 22:20:36 +0000 2015"}{"created_at": "Sun Apr 26 22:15:42 +0000 2015"}{"created_at": "Sun Apr 26 22:20:36 +0000 2015"}{"created_at": "Sun Apr 26 22:20:36 +0000 2015"}{"created_at": "Sun Apr 26 22:15:42 +0000 2015"}{"created_at": "Sun Apr 26 22:15:20 +0000 2015"}{"created_at": "Sun Apr 26 21:58:41 +0000 2015"}{"created_at": "Sun Apr 26 21:55:32 +0000 2015"}{"created_at": "Sun Apr 26 21:53:08 +0000 2015"}{"created_at": "Sun Apr 26 21:42:57 +0000 2015"}{"created_at": "Sun Apr 26 21:42:31 +0000 2015"}{"created_at": "Sun Apr 26 21:20:37 +0000 2015"}{"created_at": "Sun Apr 26 21:13:09 +0000 2015"}{"created_at": "Sun Apr 26 21:00:45 +0000 2015"}{"created_at": "Sun Apr 26 20:59:06 +0000 2015"}{"created_at": "Sun Apr 26 20:45:07 +0000 2015"}{"created_at": "Sun Apr 26 20:44:58 +0000 2015"}{"created_at": "Sun Apr 26 20:33:47 +0000 2015"}{"created_at": "Sun Apr 26 22:20:36 +0000 2015"}{"created_at": "Sun Apr 26 22:15:42 +0000 2015"}{"created_at": "Sun Apr 26 22:15:20 +0000 2015"}{"created_at": "Sun Apr 26 21:58:41 +0000 2015"}{"created_at": "Sun Apr 26 21:55:32 +0000 2015"}{"created_at": "Sun Apr 26 21:53:08 +0000 2015"}{"created_at": "Sun Apr 26 21:42:57 +0000 2015"}{"created_at": "Sun Apr 26 21:42:31 +0000 2015"}{"created_at": "Sun Apr 26 21:20:37 +0000 2015"}{"created_at": "Sun Apr 26 21:13:09 +0000 2015"}{"created_at": "Sun Apr 26 21:00:45 +0000 2015"}{"created_at": "Sun Apr 26 20:59:06 +0000 2015"}{"created_at": "Sun Apr 26 20:45:07 +0000 2015"}{"created_at": "Sun Apr 26 20:44:58 +0000 2015"}{"created_at": "Sun Apr 26 22:20:36 +0000 2015"}{"created_at": "Sun Apr 26 22:15:42 +0000 2015"}{"created_at": "Sun Apr 26 22:15:20 +0000 2015"}{"created_at": "Sun Apr 26 21:58:41 +0000 2015"}{"created_at": "Sun Apr 26 21:55:32 +0000 2015"}{"created_at": "Sun Apr 26 21:53:08 +0000 2015"}{"created_at": "Sun Apr 26 21:42:57 +0000 2015"}{"created_at": "Sun Apr 26 21:42:31 +0000 2015"}{"created_at": "Sun Apr 26 21:20:37 +0000 2015"}{"created_at": "Sun Apr 26 21:13:09 +0000 2015"}{"created_at": "Sun Apr 26 21:00:45 +0000 2015"}{"created_at": "Sun Apr 26 20:59:06 +0000 2015"}{"created_at": "Sun Apr 26 20:45:07 +0000 2015"}{"created_at": "Sun Apr 26 22:20:36 +0000 2015"}{"created_at": "Sun Apr 26 22:15:42 +0000 2015"}{"created_at": "Sun Apr 26 22:15:20 +0000 2015"}{"created_at": "Sun Apr 26 21:58:41 +0000 2015"}{"created_at": "Sun Apr 26 21:55:32 +0000 2015"}{"created_at": "Sun Apr 26 21:53:08 +0000 2015"}{"created_at": "Sun Apr 26 21:42:57 +0000 2015"}{"created_at": "Sun Apr 26 21:42:31 +0000 2015"}{"created_at": "Sun Apr 26 21:20:37 +0000 2015"}{"created_at": "Sun Apr 26 21:13:09 +0000 2015"}{"created_at": "Sun Apr 26 21:00:45 +0000 2015"}{"created_at": "Sun Apr 26 20:59:06 +0000 2015"}{"created_at": "Sun Apr 26 22:20:36 +0000 2015"}{"created_at": "Sun Apr 26 22:15:42 +0000 2015"}{"created_at": "Sun Apr 26 22:15:20 +0000 2015"}{"created_at": "Sun Apr 26 21:58:41 +0000 2015"}{"created_at": "Sun Apr 26 21:55:32 +0000 2015"}{"created_at": "Sun Apr 26 21:53:08 +0000 2015"}{"created_at": "Sun Apr 26 21:42:57 +0000 2015"}{"created_at": "Sun Apr 26 21:42:31 +0000 2015"}{"created_at": "Sun Apr 26 21:20:37 +0000 2015"}{"created_at": "Sun Apr 26 21:13:09 +0000 2015"}{"created_at": "Sun Apr 26 21:00:45 +0000 2015"}{"created_at": "Sun Apr 26 22:20:36 +0000 2015"}{"created_at": "Sun Apr 26 22:15:42 +0000 2015"}{"created_at": "Sun Apr 26 22:15:20 +0000 2015"}{"created_at": "Sun Apr 26 21:58:41 +0000 2015"}{"created_at": "Sun Apr 26 21:55:32 +0000 2015"}{"created_at": "Sun Apr 26 21:53:08 +0000 2015"}{"created_at": "Sun Apr 26 21:42:57 +0000 2015"}{"created_at": "Sun Apr 26 21:42:31 +0000 2015"}{"created_at": "Sun Apr 26 21:20:37 +0000 2015"}{"created_at": "Sun Apr 26 21:13:09 +0000 2015"}{"created_at": "Sun Apr 26 22:20:36 +0000 2015"}{"created_at": "Sun Apr 26 22:15:42 +0000 2015"}{"created_at": "Sun Apr 26 22:15:20 +0000 2015"}{"created_at": "Sun Apr 26 21:58:41 +0000 2015"}{"created_at": "Sun Apr 26 21:55:32 +0000 2015"}{"created_at": "Sun Apr 26 21:53:08 +0000 2015"}{"created_at": "Sun Apr 26 21:42:57 +0000 2015"}{"created_at": "Sun Apr 26 21:42:31 +0000 2015"}{"created_at": "Sun Apr 26 21:20:37 +0000 2015"}{"created_at": "Sun Apr 26 22:20:36 +0000 2015"}{"created_at": "Sun Apr 26 22:15:42 +0000 2015"}{"created_at": "Sun Apr 26 22:15:20 +0000 2015"}{"created_at": "Sun Apr 26 21:58:41 +0000 2015"}{"created_at": "Sun Apr 26 21:55:32 +0000 2015"}{"created_at": "Sun Apr 26 21:53:08 +0000 2015"}{"created_at": "Sun Apr 26 21:42:57 +0000 2015"}{"created_at": "Sun Apr 26 21:42:31 +0000 2015"}{"created_at": "Sun Apr 26 22:20:36 +0000 2015"}{"created_at": "Sun Apr 26 22:15:42 +0000 2015"}{"created_at": "Sun Apr 26 22:15:20 +0000 2015"}{"created_at": "Sun Apr 26 21:58:41 +0000 2015"}{"created_at": "Sun Apr 26 21:55:32 +0000 2015"}{"created_at": "Sun Apr 26 21:53:08 +0000 2015"}{"created_at": "Sun Apr 26 21:42:57 +0000 2015"}{"created_at": "Sun Apr 26 22:20:36 +0000 2015"}{"created_at": "Sun Apr 26 22:15:42 +0000 2015"}{"created_at": "Sun Apr 26 22:15:20 +0000 2015"}{"created_at": "Sun Apr 26 21:58:41 +0000 2015"}{"created_at": "Sun Apr 26 21:55:32 +0000 2015"}{"created_at": "Sun Apr 26 21:53:08 +0000 2015"}{"created_at": "Sun Apr 26 22:20:36 +0000 2015"}{"created_at": "Sun Apr 26 22:15:42 +0000 2015"}{"created_at": "Sun Apr 26 22:15:20 +0000 2015"}{"created_at": "Sun Apr 26 21:58:41 +0000 2015"}{"created_at": "Sun Apr 26 21:55:32 +0000 2015"}{"created_at": "Sun Apr 26 22:20:36 +0000 2015"}{"created_at": "Sun Apr 26 22:15:42 +0000 2015"}{"created_at": "Sun Apr 26 22:15:20 +0000 2015"}{"created_at": "Sun Apr 26 21:58:41 +0000 2015"}{"created_at": "Sun Apr 26 22:20:36 +0000 2015"}{"created_at": "Sun Apr 26 22:15:42 +0000 2015"}{"created_at": "Sun Apr 26 22:15:20 +0000 2015"}{"created_at": "Sun Apr 26 22:20:36 +0000 2015"}{"created_at": "Sun Apr 26 22:15:42 +0000 2015"}{"created_at": "Sun Apr 26 22:20:36 +0000 2015"}{"created_at": "Sun Apr 26 22:20:36 +0000 2015"}{"created_at": "Sun Apr 26 22:15:42 +0000 2015"}{"created_at": "Sun Apr 26 22:15:20 +0000 2015"}{"created_at": "Sun Apr 26 21:58:41 +0000 2015"}{"created_at": "Sun Apr 26 21:55:32 +0000 2015"}{"created_at": "Sun Apr 26 21:53:08 +0000 2015"}{"created_at": "Sun Apr 26 21:42:57 +0000 2015"}{"created_at": "Sun Apr 26 21:42:31 +0000 2015"}{"created_at": "Sun Apr 26 21:20:37 +0000 2015"}{"created_at": "Sun Apr 26 21:13:09 +0000 2015"}{"created_at": "Sun Apr 26 21:00:45 +0000 2015"}{"created_at": "Sun Apr 26 20:59:06 +0000 2015"}{"created_at": "Sun Apr 26 20:45:07 +0000 2015"}{"created_at": "Sun Apr 26 20:44:58 +0000 2015"}{"created_at": "Sun Apr 26 20:33:47 +0000 2015"}{"created_at": "Sun Apr 26 22:20:36 +0000 2015"}{"created_at": "Sun Apr 26 22:15:42 +0000 2015"}{"created_at": "Sun Apr 26 22:15:20 +0000 2015"}{"created_at": "Sun Apr 26 21:58:41 +0000 2015"}{"created_at": "Sun Apr 26 21:55:32 +0000 2015"}{"created_at": "Sun Apr 26 21:53:08 +0000 2015"}{"created_at": "Sun Apr 26 21:42:57 +0000 2015"}{"created_at": "Sun Apr 26 21:42:31 +0000 2015"}{"created_at": "Sun Apr 26 21:20:37 +0000 2015"}{"created_at": "Sun Apr 26 21:13:09 +0000 2015"}{"created_at": "Sun Apr 26 21:00:45 +0000 2015"}{"created_at": "Sun Apr 26 20:59:06 +0000 2015"}{"created_at": "Sun Apr 26 20:45:07 +0000 2015"}{"created_at": "Sun Apr 26 20:44:58 +0000 2015"}{"created_at": "Sun Apr 26 22:20:36 +0000 2015"}{"created_at": "Sun Apr 26 22:15:42 +0000 2015"}{"created_at": "Sun Apr 26 22:15:20 +0000 2015"}{"created_at": "Sun Apr 26 21:58:41 +0000 2015"}{"created_at": "Sun Apr 26 21:55:32 +0000 2015"}{"created_at": "Sun Apr 26 21:53:08 +0000 2015"}{"created_at": "Sun Apr 26 21:42:57 +0000 2015"}{"created_at": "Sun Apr 26 21:42:31 +0000 2015"}{"created_at": "Sun Apr 26 21:20:37 +0000 2015"}{"created_at": "Sun Apr 26 21:13:09 +0000 2015"}{"created_at": "Sun Apr 26 21:00:45 +0000 2015"}{"created_at": "Sun Apr 26 20:59:06 +0000 2015"}{"created_at": "Sun Apr 26 20:45:07 +0000 2015"}{"created_at": "Sun Apr 26 22:20:36 +0000 2015"}{"created_at": "Sun Apr 26 22:15:42 +0000 2015"}{"created_at": "Sun Apr 26 22:15:20 +0000 2015"}{"created_at": "Sun Apr 26 21:58:41 +0000 2015"}{"created_at": "Sun Apr 26 21:55:32 +0000 2015"}{"created_at": "Sun Apr 26 21:53:08 +0000 2015"}{"created_at": "Sun Apr 26 21:42:57 +0000 2015"}{"created_at": "Sun Apr 26 21:42:31 +0000 2015"}{"created_at": "Sun Apr 26 21:20:37 +0000 2015"}{"created_at": "Sun Apr 26 21:13:09 +0000 2015"}{"created_at": "Sun Apr 26 21:00:45 +0000 2015"}{"created_at": "Sun Apr 26 20:59:06 +0000 2015"}{"created_at": "Sun Apr 26 22:20:36 +0000 2015"}{"created_at": "Sun Apr 26 22:15:42 +0000 2015"}{"created_at": "Sun Apr 26 22:15:20 +0000 2015"}{"created_at": "Sun Apr 26 21:58:41 +0000 2015"}{"created_at": "Sun Apr 26 21:55:32 +0000 2015"}{"created_at": "Sun Apr 26 21:53:08 +0000 2015"}{"created_at": "Sun Apr 26 21:42:57 +0000 2015"}{"created_at": "Sun Apr 26 21:42:31 +0000 2015"}{"created_at": "Sun Apr 26 21:20:37 +0000 2015"}{"created_at": "Sun Apr 26 21:13:09 +0000 2015"}{"created_at": "Sun Apr 26 21:00:45 +0000 2015"}{"created_at": "Sun Apr 26 22:20:36 +0000 2015"}{"created_at": "Sun Apr 26 22:15:42 +0000 2015"}{"created_at": "Sun Apr 26 22:15:20 +0000 2015"}{"created_at": "Sun Apr 26 21:58:41 +0000 2015"}{"created_at": "Sun Apr 26 21:55:32 +0000 2015"}{"created_at": "Sun Apr 26 21:53:08 +0000 2015"}{"created_at": "Sun Apr 26 21:42:57 +0000 2015"}{"created_at": "Sun Apr 26 21:42:31 +0000 2015"}{"created_at": "Sun Apr 26 21:20:37 +0000 2015"}{"created_at": "Sun Apr 26 21:13:09 +0000 2015"}{"created_at": "Sun Apr 26 22:20:36 +0000 2015"}{"created_at": "Sun Apr 26 22:15:42 +0000 2015"}{"created_at": "Sun Apr 26 22:15:20 +0000 2015"}{"created_at": "Sun Apr 26 21:58:41 +0000 2015"}{"created_at": "Sun Apr 26 21:55:32 +0000 2015"}{"created_at": "Sun Apr 26 21:53:08 +0000 2015"}{"created_at": "Sun Apr 26 21:42:57 +0000 2015"}{"created_at": "Sun Apr 26 21:42:31 +0000 2015"}{"created_at": "Sun Apr 26 21:20:37 +0000 2015"}{"created_at": "Sun Apr 26 22:20:36 +0000 2015"}{"created_at": "Sun Apr 26 22:15:42 +0000 2015"}{"created_at": "Sun Apr 26 22:15:20 +0000 2015"}{"created_at": "Sun Apr 26 21:58:41 +0000 2015"}{"created_at": "Sun Apr 26 21:55:32 +0000 2015"}{"created_at": "Sun Apr 26 21:53:08 +0000 2015"}{"created_at": "Sun Apr 26 21:42:57 +0000 2015"}{"created_at": "Sun Apr 26 21:42:31 +0000 2015"}{"created_at": "Sun Apr 26 22:20:36 +0000 2015"}{"created_at": "Sun Apr 26 22:15:42 +0000 2015"}{"created_at": "Sun Apr 26 22:15:20 +0000 2015"}{"created_at": "Sun Apr 26 21:58:41 +0000 2015"}{"created_at": "Sun Apr 26 21:55:32 +0000 2015"}{"created_at": "Sun Apr 26 21:53:08 +0000 2015"}{"created_at": "Sun Apr 26 21:42:57 +0000 2015"}{"created_at": "Sun Apr 26 22:20:36 +0000 2015"}{"created_at": "Sun Apr 26 22:15:42 +0000 2015"}{"created_at": "Sun Apr 26 22:15:20 +0000 2015"}{"created_at": "Sun Apr 26 21:58:41 +0000 2015"}{"created_at": "Sun Apr 26 21:55:32 +0000 2015"}{"created_at": "Sun Apr 26 21:53:08 +0000 2015"}{"created_at": "Sun Apr 26 22:20:36 +0000 2015"}{"created_at": "Sun Apr 26 22:15:42 +0000 2015"}{"created_at": "Sun Apr 26 22:15:20 +0000 2015"}{"created_at": "Sun Apr 26 21:58:41 +0000 2015"}{"created_at": "Sun Apr 26 21:55:32 +0000 2015"}{"created_at": "Sun Apr 26 22:20:36 +0000 2015"}{"created_at": "Sun Apr 26 22:15:42 +0000 2015"}{"created_at": "Sun Apr 26 22:15:20 +0000 2015"}{"created_at": "Sun Apr 26 21:58:41 +0000 2015"}{"created_at": "Sun Apr 26 22:20:36 +0000 2015"}{"created_at": "Sun Apr 26 22:15:42 +0000 2015"}{"created_at": "Sun Apr 26 22:15:20 +0000 2015"}{"created_at": "Sun Apr 26 22:20:36 +0000 2015"}{"created_at": "Sun Apr 26 22:15:42 +0000 2015"}{"created_at": "Sun Apr 26 22:20:36 +0000 2015"}{"created_at": "Sun Apr 26 22:20:36 +0000 2015"}{"created_at": "Sun Apr 26 22:15:42 +0000 2015"}{"created_at": "Sun Apr 26 22:15:20 +0000 2015"}{"created_at": "Sun Apr 26 21:58:41 +0000 2015"}{"created_at": "Sun Apr 26 21:55:32 +0000 2015"}{"created_at": "Sun Apr 26 21:53:08 +0000 2015"}{"created_at": "Sun Apr 26 21:42:57 +0000 2015"}{"created_at": "Sun Apr 26 21:42:31 +0000 2015"}{"created_at": "Sun Apr 26 21:20:37 +0000 2015"}{"created_at": "Sun Apr 26 21:13:09 +0000 2015"}{"created_at": "Sun Apr 26 21:00:45 +0000 2015"}{"created_at": "Sun Apr 26 20:59:06 +0000 2015"}{"created_at": "Sun Apr 26 20:45:07 +0000 2015"}{"created_at": "Sun Apr 26 20:44:58 +0000 2015"}{"created_at": "Sun Apr 26 20:33:47 +0000 2015"}{"created_at": "Sun Apr 26 22:20:36 +0000 2015"}{"created_at": "Sun Apr 26 22:15:42 +0000 2015"}{"created_at": "Sun Apr 26 22:15:20 +0000 2015"}{"created_at": "Sun Apr 26 21:58:41 +0000 2015"}{"created_at": "Sun Apr 26 21:55:32 +0000 2015"}{"created_at": "Sun Apr 26 21:53:08 +0000 2015"}{"created_at": "Sun Apr 26 21:42:57 +0000 2015"}{"created_at": "Sun Apr 26 21:42:31 +0000 2015"}{"created_at": "Sun Apr 26 21:20:37 +0000 2015"}{"created_at": "Sun Apr 26 21:13:09 +0000 2015"}{"created_at": "Sun Apr 26 21:00:45 +0000 2015"}{"created_at": "Sun Apr 26 20:59:06 +0000 2015"}{"created_at": "Sun Apr 26 20:45:07 +0000 2015"}{"created_at": "Sun Apr 26 20:44:58 +0000 2015"}{"created_at": "Sun Apr 26 22:20:36 +0000 2015"}{"created_at": "Sun Apr 26 22:15:42 +0000 2015"}{"created_at": "Sun Apr 26 22:15:20 +0000 2015"}{"created_at": "Sun Apr 26 21:58:41 +0000 2015"}{"created_at": "Sun Apr 26 21:55:32 +0000 2015"}{"created_at": "Sun Apr 26 21:53:08 +0000 2015"}{"created_at": "Sun Apr 26 21:42:57 +0000 2015"}{"created_at": "Sun Apr 26 21:42:31 +0000 2015"}{"created_at": "Sun Apr 26 21:20:37 +0000 2015"}{"created_at": "Sun Apr 26 21:13:09 +0000 2015"}{"created_at": "Sun Apr 26 21:00:45 +0000 2015"}{"created_at": "Sun Apr 26 20:59:06 +0000 2015"}{"created_at": "Sun Apr 26 20:45:07 +0000 2015"}{"created_at": "Sun Apr 26 22:20:36 +0000 2015"}{"created_at": "Sun Apr 26 22:15:42 +0000 2015"}{"created_at": "Sun Apr 26 22:15:20 +0000 2015"}{"created_at": "Sun Apr 26 21:58:41 +0000 2015"}{"created_at": "Sun Apr 26 21:55:32 +0000 2015"}{"created_at": "Sun Apr 26 21:53:08 +0000 2015"}{"created_at": "Sun Apr 26 21:42:57 +0000 2015"}{"created_at": "Sun Apr 26 21:42:31 +0000 2015"}{"created_at": "Sun Apr 26 21:20:37 +0000 2015"}{"created_at": "Sun Apr 26 21:13:09 +0000 2015"}{"created_at": "Sun Apr 26 21:00:45 +0000 2015"}{"created_at": "Sun Apr 26 20:59:06 +0000 2015"}{"created_at": "Sun Apr 26 22:20:36 +0000 2015"}{"created_at": "Sun Apr 26 22:15:42 +0000 2015"}{"created_at": "Sun Apr 26 22:15:20 +0000 2015"}{"created_at": "Sun Apr 26 21:58:41 +0000 2015"}{"created_at": "Sun Apr 26 21:55:32 +0000 2015"}{"created_at": "Sun Apr 26 21:53:08 +0000 2015"}{"created_at": "Sun Apr 26 21:42:57 +0000 2015"}{"created_at": "Sun Apr 26 21:42:31 +0000 2015"}{"created_at": "Sun Apr 26 21:20:37 +0000 2015"}{"created_at": "Sun Apr 26 21:13:09 +0000 2015"}{"created_at": "Sun Apr 26 21:00:45 +0000 2015"}{"created_at": "Sun Apr 26 22:20:36 +0000 2015"}{"created_at": "Sun Apr 26 22:15:42 +0000 2015"}{"created_at": "Sun Apr 26 22:15:20 +0000 2015"}{"created_at": "Sun Apr 26 21:58:41 +0000 2015"}{"created_at": "Sun Apr 26 21:55:32 +0000 2015"}{"created_at": "Sun Apr 26 21:53:08 +0000 2015"}{"created_at": "Sun Apr 26 21:42:57 +0000 2015"}{"created_at": "Sun Apr 26 21:42:31 +0000 2015"}{"created_at": "Sun Apr 26 21:20:37 +0000 2015"}{"created_at": "Sun Apr 26 21:13:09 +0000 2015"}{"created_at": "Sun Apr 26 22:20:36 +0000 2015"}{"created_at": "Sun Apr 26 22:15:42 +0000 2015"}{"created_at": "Sun Apr 26 22:15:20 +0000 2015"}{"created_at": "Sun Apr 26 21:58:41 +0000 2015"}{"created_at": "Sun Apr 26 21:55:32 +0000 2015"}{"created_at": "Sun Apr 26 21:53:08 +0000 2015"}{"created_at": "Sun Apr 26 21:42:57 +0000 2015"}{"created_at": "Sun Apr 26 21:42:31 +0000 2015"}{"created_at": "Sun Apr 26 21:20:37 +0000 2015"}{"created_at": "Sun Apr 26 22:20:36 +0000 2015"}{"created_at": "Sun Apr 26 22:15:42 +0000 2015"}{"created_at": "Sun Apr 26 22:15:20 +0000 2015"}{"created_at": "Sun Apr 26 21:58:41 +0000 2015"}{"created_at": "Sun Apr 26 21:55:32 +0000 2015"}{"created_at": "Sun Apr 26 21:53:08 +0000 2015"}{"created_at": "Sun Apr 26 21:42:57 +0000 2015"}{"created_at": "Sun Apr 26 21:42:31 +0000 2015"}{"created_at": "Sun Apr 26 22:20:36 +0000 2015"}{"created_at": "Sun Apr 26 22:15:42 +0000 2015"}{"created_at": "Sun Apr 26 22:15:20 +0000 2015"}{"created_at": "Sun Apr 26 21:58:41 +0000 2015"}{"created_at": "Sun Apr 26 21:55:32 +0000 2015"}{"created_at": "Sun Apr 26 21:53:08 +0000 2015"}{"created_at": "Sun Apr 26 21:42:57 +0000 2015"}{"created_at": "Sun Apr 26 22:20:36 +0000 2015"}{"created_at": "Sun Apr 26 22:15:42 +0000 2015"}{"created_at": "Sun Apr 26 22:15:20 +0000 2015"}{"created_at": "Sun Apr 26 21:58:41 +0000 2015"}{"created_at": "Sun Apr 26 21:55:32 +0000 2015"}{"created_at": "Sun Apr 26 21:53:08 +0000 2015"}{"created_at": "Sun Apr 26 22:20:36 +0000 2015"}{"created_at": "Sun Apr 26 22:15:42 +0000 2015"}{"created_at": "Sun Apr 26 22:15:20 +0000 2015"}{"created_at": "Sun Apr 26 21:58:41 +0000 2015"}{"created_at": "Sun Apr 26 21:55:32 +0000 2015"}{"created_at": "Sun Apr 26 22:20:36 +0000 2015"}{"created_at": "Sun Apr 26 22:15:42 +0000 2015"}{"created_at": "Sun Apr 26 22:15:20 +0000 2015"}{"created_at": "Sun Apr 26 21:58:41 +0000 2015"}{"created_at": "Sun Apr 26 22:20:36 +0000 2015"}{"created_at": "Sun Apr 26 22:15:42 +0000 2015"}{"created_at": "Sun Apr 26 22:15:20 +0000 2015"}{"created_at": "Sun Apr 26 22:20:36 +0000 2015"}{"created_at": "Sun Apr 26 22:15:42 +0000 2015"}{"created_at": "Sun Apr 26 22:20:36 +0000 2015"}{"created_at": "Sun Apr 26 22:20:36 +0000 2015"}{"created_at": "Sun Apr 26 22:15:42 +0000 2015"}{"created_at": "Sun Apr 26 22:15:20 +0000 2015"}{"created_at": "Sun Apr 26 21:58:41 +0000 2015"}{"created_at": "Sun Apr 26 21:55:32 +0000 2015"}{"created_at": "Sun Apr 26 21:53:08 +0000 2015"}{"created_at": "Sun Apr 26 21:42:57 +0000 2015"}{"created_at": "Sun Apr 26 21:42:31 +0000 2015"}{"created_at": "Sun Apr 26 21:20:37 +0000 2015"}{"created_at": "Sun Apr 26 21:13:09 +0000 2015"}{"created_at": "Sun Apr 26 21:00:45 +0000 2015"}{"created_at": "Sun Apr 26 20:59:06 +0000 2015"}{"created_at": "Sun Apr 26 20:45:07 +0000 2015"}{"created_at": "Sun Apr 26 20:44:58 +0000 2015"}{"created_at": "Sun Apr 26 20:33:47 +0000 2015"}{"created_at": "Sun Apr 26 22:20:36 +0000 2015"}{"created_at": "Sun Apr 26 22:15:42 +0000 2015"}{"created_at": "Sun Apr 26 22:15:20 +0000 2015"}{"created_at": "Sun Apr 26 21:58:41 +0000 2015"}{"created_at": "Sun Apr 26 21:55:32 +0000 2015"}{"created_at": "Sun Apr 26 21:53:08 +0000 2015"}{"created_at": "Sun Apr 26 21:42:57 +0000 2015"}{"created_at": "Sun Apr 26 21:42:31 +0000 2015"}{"created_at": "Sun Apr 26 21:20:37 +0000 2015"}{"created_at": "Sun Apr 26 21:13:09 +0000 2015"}{"created_at": "Sun Apr 26 21:00:45 +0000 2015"}{"created_at": "Sun Apr 26 20:59:06 +0000 2015"}{"created_at": "Sun Apr 26 20:45:07 +0000 2015"}{"created_at": "Sun Apr 26 20:44:58 +0000 2015"}{"created_at": "Sun Apr 26 22:20:36 +0000 2015"}{"created_at": "Sun Apr 26 22:15:42 +0000 2015"}{"created_at": "Sun Apr 26 22:15:20 +0000 2015"}{"created_at": "Sun Apr 26 21:58:41 +0000 2015"}{"created_at": "Sun Apr 26 21:55:32 +0000 2015"}{"created_at": "Sun Apr 26 21:53:08 +0000 2015"}{"created_at": "Sun Apr 26 21:42:57 +0000 2015"}{"created_at": "Sun Apr 26 21:42:31 +0000 2015"}{"created_at": "Sun Apr 26 21:20:37 +0000 2015"}{"created_at": "Sun Apr 26 21:13:09 +0000 2015"}{"created_at": "Sun Apr 26 21:00:45 +0000 2015"}{"created_at": "Sun Apr 26 20:59:06 +0000 2015"}{"created_at": "Sun Apr 26 20:45:07 +0000 2015"}{"created_at": "Sun Apr 26 22:20:36 +0000 2015"}{"created_at": "Sun Apr 26 22:15:42 +0000 2015"}{"created_at": "Sun Apr 26 22:15:20 +0000 2015"}{"created_at": "Sun Apr 26 21:58:41 +0000 2015"}{"created_at": "Sun Apr 26 21:55:32 +0000 2015"}{"created_at": "Sun Apr 26 21:53:08 +0000 2015"}{"created_at": "Sun Apr 26 21:42:57 +0000 2015"}{"created_at": "Sun Apr 26 21:42:31 +0000 2015"}{"created_at": "Sun Apr 26 21:20:37 +0000 2015"}{"created_at": "Sun Apr 26 21:13:09 +0000 2015"}{"created_at": "Sun Apr 26 21:00:45 +0000 2015"}{"created_at": "Sun Apr 26 20:59:06 +0000 2015"}{"created_at": "Sun Apr 26 22:20:36 +0000 2015"}{"created_at": "Sun Apr 26 22:15:42 +0000 2015"}{"created_at": "Sun Apr 26 22:15:20 +0000 2015"}{"created_at": "Sun Apr 26 21:58:41 +0000 2015"}{"created_at": "Sun Apr 26 21:55:32 +0000 2015"}{"created_at": "Sun Apr 26 21:53:08 +0000 2015"}{"created_at": "Sun Apr 26 21:42:57 +0000 2015"}{"created_at": "Sun Apr 26 21:42:31 +0000 2015"}{"created_at": "Sun Apr 26 21:20:37 +0000 2015"}{"created_at": "Sun Apr 26 21:13:09 +0000 2015"}{"created_at": "Sun Apr 26 21:00:45 +0000 2015"}{"created_at": "Sun Apr 26 22:20:36 +0000 2015"}{"created_at": "Sun Apr 26 22:15:42 +0000 2015"}{"created_at": "Sun Apr 26 22:15:20 +0000 2015"}{"created_at": "Sun Apr 26 21:58:41 +0000 2015"}{"created_at": "Sun Apr 26 21:55:32 +0000 2015"}{"created_at": "Sun Apr 26 21:53:08 +0000 2015"}{"created_at": "Sun Apr 26 21:42:57 +0000 2015"}{"created_at": "Sun Apr 26 21:42:31 +0000 2015"}{"created_at": "Sun Apr 26 21:20:37 +0000 2015"}{"created_at": "Sun Apr 26 21:13:09 +0000 2015"}{"created_at": "Sun Apr 26 22:20:36 +0000 2015"}{"created_at": "Sun Apr 26 22:15:42 +0000 2015"}{"created_at": "Sun Apr 26 22:15:20 +0000 2015"}{"created_at": "Sun Apr 26 21:58:41 +0000 2015"}{"created_at": "Sun Apr 26 21:55:32 +0000 2015"}{"created_at": "Sun Apr 26 21:53:08 +0000 2015"}{"created_at": "Sun Apr 26 21:42:57 +0000 2015"}{"created_at": "Sun Apr 26 21:42:31 +0000 2015"}{"created_at": "Sun Apr 26 21:20:37 +0000 2015"}{"created_at": "Sun Apr 26 22:20:36 +0000 2015"}{"created_at": "Sun Apr 26 22:15:42 +0000 2015"}{"created_at": "Sun Apr 26 22:15:20 +0000 2015"}{"created_at": "Sun Apr 26 21:58:41 +0000 2015"}{"created_at": "Sun Apr 26 21:55:32 +0000 2015"}{"created_at": "Sun Apr 26 21:53:08 +0000 2015"}{"created_at": "Sun Apr 26 21:42:57 +0000 2015"}{"created_at": "Sun Apr 26 21:42:31 +0000 2015"}{"created_at": "Sun Apr 26 22:20:36 +0000 2015"}{"created_at": "Sun Apr 26 22:15:42 +0000 2015"}{"created_at": "Sun Apr 26 22:15:20 +0000 2015"}{"created_at": "Sun Apr 26 21:58:41 +0000 2015"}{"created_at": "Sun Apr 26 21:55:32 +0000 2015"}{"created_at": "Sun Apr 26 21:53:08 +0000 2015"}{"created_at": "Sun Apr 26 21:42:57 +0000 2015"}{"created_at": "Sun Apr 26 22:20:36 +0000 2015"}{"created_at": "Sun Apr 26 22:15:42 +0000 2015"}{"created_at": "Sun Apr 26 22:15:20 +0000 2015"}{"created_at": "Sun Apr 26 21:58:41 +0000 2015"}{"created_at": "Sun Apr 26 21:55:32 +0000 2015"}{"created_at": "Sun Apr 26 21:53:08 +0000 2015"}{"created_at": "Sun Apr 26 22:20:36 +0000 2015"}{"created_at": "Sun Apr 26 22:15:42 +0000 2015"}{"created_at": "Sun Apr 26 22:15:20 +0000 2015"}{"created_at": "Sun Apr 26 21:58:41 +0000 2015"}{"created_at": "Sun Apr 26 21:55:32 +0000 2015"}{"created_at": "Sun Apr 26 22:20:36 +0000 2015"}{"created_at": "Sun Apr 26 22:15:42 +0000 2015"}{"created_at": "Sun Apr 26 22:15:20 +0000 2015"}{"created_at": "Sun Apr 26 21:58:41 +0000 2015"}{"created_at": "Sun Apr 26 22:20:36 +0000 2015"}{"created_at": "Sun Apr 26 22:15:42 +0000 2015"}{"created_at": "Sun Apr 26 22:15:20 +0000 2015"}{"created_at": "Sun Apr 26 22:20:36 +0000 2015"}{"created_at": "Sun Apr 26 22:15:42 +0000 2015"}{"created_at": "Sun Apr 26 22:20:36 +0000 2015"}{"created_at": "Sun Apr 26 22:20:36 +0000 2015"}{"created_at": "Sun Apr 26 22:15:42 +0000 2015"}{"created_at": "Sun Apr 26 22:15:20 +0000 2015"}{"created_at": "Sun Apr 26 21:58:41 +0000 2015"}{"created_at": "Sun Apr 26 21:55:32 +0000 2015"}{"created_at": "Sun Apr 26 21:53:08 +0000 2015"}{"created_at": "Sun Apr 26 21:42:57 +0000 2015"}{"created_at": "Sun Apr 26 21:42:31 +0000 2015"}{"created_at": "Sun Apr 26 21:20:37 +0000 2015"}{"created_at": "Sun Apr 26 21:13:09 +0000 2015"}{"created_at": "Sun Apr 26 21:00:45 +0000 2015"}{"created_at": "Sun Apr 26 20:59:06 +0000 2015"}{"created_at": "Sun Apr 26 20:45:07 +0000 2015"}{"created_at": "Sun Apr 26 20:44:58 +0000 2015"}{"created_at": "Sun Apr 26 20:33:47 +0000 2015"}{"created_at": "Sun Apr 26 22:20:36 +0000 2015"}{"created_at": "Sun Apr 26 22:15:42 +0000 2015"}{"created_at": "Sun Apr 26 22:15:20 +0000 2015"}{"created_at": "Sun Apr 26 21:58:41 +0000 2015"}{"created_at": "Sun Apr 26 21:55:32 +0000 2015"}{"created_at": "Sun Apr 26 21:53:08 +0000 2015"}{"created_at": "Sun Apr 26 21:42:57 +0000 2015"}{"created_at": "Sun Apr 26 21:42:31 +0000 2015"}{"created_at": "Sun Apr 26 21:20:37 +0000 2015"}{"created_at": "Sun Apr 26 21:13:09 +0000 2015"}{"created_at": "Sun Apr 26 21:00:45 +0000 2015"}{"created_at": "Sun Apr 26 20:59:06 +0000 2015"}{"created_at": "Sun Apr 26 20:45:07 +0000 2015"}{"created_at": "Sun Apr 26 20:44:58 +0000 2015"}{"created_at": "Sun Apr 26 22:20:36 +0000 2015"}{"created_at": "Sun Apr 26 22:15:42 +0000 2015"}{"created_at": "Sun Apr 26 22:15:20 +0000 2015"}{"created_at": "Sun Apr 26 21:58:41 +0000 2015"}{"created_at": "Sun Apr 26 21:55:32 +0000 2015"}{"created_at": "Sun Apr 26 21:53:08 +0000 2015"}{"created_at": "Sun Apr 26 21:42:57 +0000 2015"}{"created_at": "Sun Apr 26 21:42:31 +0000 2015"}{"created_at": "Sun Apr 26 21:20:37 +0000 2015"}{"created_at": "Sun Apr 26 21:13:09 +0000 2015"}{"created_at": "Sun Apr 26 21:00:45 +0000 2015"}{"created_at": "Sun Apr 26 20:59:06 +0000 2015"}{"created_at": "Sun Apr 26 20:45:07 +0000 2015"}{"created_at": "Sun Apr 26 22:20:36 +0000 2015"}{"created_at": "Sun Apr 26 22:15:42 +0000 2015"}{"created_at": "Sun Apr 26 22:15:20 +0000 2015"}{"created_at": "Sun Apr 26 21:58:41 +0000 2015"}{"created_at": "Sun Apr 26 21:55:32 +0000 2015"}{"created_at": "Sun Apr 26 21:53:08 +0000 2015"}{"created_at": "Sun Apr 26 21:42:57 +0000 2015"}{"created_at": "Sun Apr 26 21:42:31 +0000 2015"}{"created_at": "Sun Apr 26 21:20:37 +0000 2015"}{"created_at": "Sun Apr 26 21:13:09 +0000 2015"}{"created_at": "Sun Apr 26 21:00:45 +0000 2015"}{"created_at": "Sun Apr 26 20:59:06 +0000 2015"}{"created_at": "Sun Apr 26 22:20:36 +0000 2015"}{"created_at": "Sun Apr 26 22:15:42 +0000 2015"}{"created_at": "Sun Apr 26 22:15:20 +0000 2015"}{"created_at": "Sun Apr 26 21:58:41 +0000 2015"}{"created_at": "Sun Apr 26 21:55:32 +0000 2015"}{"created_at": "Sun Apr 26 21:53:08 +0000 2015"}{"created_at": "Sun Apr 26 21:42:57 +0000 2015"}{"created_at": "Sun Apr 26 21:42:31 +0000 2015"}{"created_at": "Sun Apr 26 21:20:37 +0000 2015"}{"created_at": "Sun Apr 26 21:13:09 +0000 2015"}{"created_at": "Sun Apr 26 21:00:45 +0000 2015"}{"created_at": "Sun Apr 26 22:20:36 +0000 2015"}{"created_at": "Sun Apr 26 22:15:42 +0000 2015"}{"created_at": "Sun Apr 26 22:15:20 +0000 2015"}{"created_at": "Sun Apr 26 21:58:41 +0000 2015"}{"created_at": "Sun Apr 26 21:55:32 +0000 2015"}{"created_at": "Sun Apr 26 21:53:08 +0000 2015"}{"created_at": "Sun Apr 26 21:42:57 +0000 2015"}{"created_at": "Sun Apr 26 21:42:31 +0000 2015"}{"created_at": "Sun Apr 26 21:20:37 +0000 2015"}{"created_at": "Sun Apr 26 21:13:09 +0000 2015"}{"created_at": "Sun Apr 26 22:20:36 +0000 2015"}{"created_at": "Sun Apr 26 22:15:42 +0000 2015"}{"created_at": "Sun Apr 26 22:15:20 +0000 2015"}{"created_at": "Sun Apr 26 21:58:41 +0000 2015"}{"created_at": "Sun Apr 26 21:55:32 +0000 2015"}{"created_at": "Sun Apr 26 21:53:08 +0000 2015"}{"created_at": "Sun Apr 26 21:42:57 +0000 2015"}{"created_at": "Sun Apr 26 21:42:31 +0000 2015"}{"created_at": "Sun Apr 26 21:20:37 +0000 2015"}{"created_at": "Sun Apr 26 22:20:36 +0000 2015"}{"created_at": "Sun Apr 26 22:15:42 +0000 2015"}{"created_at": "Sun Apr 26 22:15:20 +0000 2015"}{"created_at": "Sun Apr 26 21:58:41 +0000 2015"}{"created_at": "Sun Apr 26 21:55:32 +0000 2015"}{"created_at": "Sun Apr 26 21:53:08 +0000 2015"}{"created_at": "Sun Apr 26 21:42:57 +0000 2015"}{"created_at": "Sun Apr 26 21:42:31 +0000 2015"}{"created_at": "Sun Apr 26 22:20:36 +0000 2015"}{"created_at": "Sun Apr 26 22:15:42 +0000 2015"}{"created_at": "Sun Apr 26 22:15:20 +0000 2015"}{"created_at": "Sun Apr 26 21:58:41 +0000 2015"}{"created_at": "Sun Apr 26 21:55:32 +0000 2015"}{"created_at": "Sun Apr 26 21:53:08 +0000 2015"}{"created_at": "Sun Apr 26 21:42:57 +0000 2015"}{"created_at": "Sun Apr 26 22:20:36 +0000 2015"}{"created_at": "Sun Apr 26 22:15:42 +0000 2015"}{"created_at": "Sun Apr 26 22:15:20 +0000 2015"}{"created_at": "Sun Apr 26 21:58:41 +0000 2015"}{"created_at": "Sun Apr 26 21:55:32 +0000 2015"}{"created_at": "Sun Apr 26 21:53:08 +0000 2015"}{"created_at": "Sun Apr 26 22:20:36 +0000 2015"}{"created_at": "Sun Apr 26 22:15:42 +0000 2015"}{"created_at": "Sun Apr 26 22:15:20 +0000 2015"}{"created_at": "Sun Apr 26 21:58:41 +0000 2015"}{"created_at": "Sun Apr 26 21:55:32 +0000 2015"}{"created_at": "Sun Apr 26 22:20:36 +0000 2015"}{"created_at": "Sun Apr 26 22:15:42 +0000 2015"}{"created_at": "Sun Apr 26 22:15:20 +0000 2015"}{"created_at": "Sun Apr 26 21:58:41 +0000 2015"}{"created_at": "Sun Apr 26 22:20:36 +0000 2015"}{"created_at": "Sun Apr 26 22:15:42 +0000 2015"}{"created_at": "Sun Apr 26 22:15:20 +0000 2015"}{"created_at": "Sun Apr 26 22:20:36 +0000 2015"}{"created_at": "Sun Apr 26 22:15:42 +0000 2015"}{"created_at": "Sun Apr 26 22:20:36 +0000 2015"}