[
    {
        "line": "                                                                                                                                              text\n",
        "score": "0"
    },
    {
        "line": "Microsoft support for #veterans, #data collaboration, and the #MicrosoftBand: http://t.co/CnyG2GXSlW  #ITRTG http://t.co/KtcsnYNaZ4\n",
        "score": "1"
    },
    {
        "line": "@microsoftband Is the heartbeat monitor availble when you are wearing the screen both outwards and inwards on your wrist?\n",
        "score": "-1"
    },
    {
        "line": "@microsoftband i love iwatch?are u guys going to purchase it\n",
        "score": "-1"
    }
]