{"created_at": "Sun Apr 26 22:52:37 +0000 2015"}{"created_at": "Sun Apr 26 22:52:10 +0000 2015"}{"created_at": "Sun Apr 26 22:51:59 +0000 2015"}{"created_at": "Sun Apr 26 22:51:19 +0000 2015"}{"created_at": "Sun Apr 26 22:50:52 +0000 2015"}{"created_at": "Sun Apr 26 22:48:46 +0000 2015"}{"created_at": "Sun Apr 26 22:48:09 +0000 2015"}{"created_at": "Sun Apr 26 22:48:04 +0000 2015"}{"created_at": "Sun Apr 26 22:47:59 +0000 2015"}{"created_at": "Sun Apr 26 22:47:39 +0000 2015"}{"created_at": "Sun Apr 26 22:46:48 +0000 2015"}{"created_at": "Sun Apr 26 22:45:06 +0000 2015"}{"created_at": "Sun Apr 26 22:44:57 +0000 2015"}{"created_at": "Sun Apr 26 22:43:52 +0000 2015"}{"created_at": "Sun Apr 26 22:43:44 +0000 2015"}{"created_at": "Sun Apr 26 22:52:37 +0000 2015"}{"created_at": "Sun Apr 26 22:52:10 +0000 2015"}{"created_at": "Sun Apr 26 22:51:59 +0000 2015"}{"created_at": "Sun Apr 26 22:51:19 +0000 2015"}{"created_at": "Sun Apr 26 22:50:52 +0000 2015"}{"created_at": "Sun Apr 26 22:48:46 +0000 2015"}{"created_at": "Sun Apr 26 22:48:09 +0000 2015"}{"created_at": "Sun Apr 26 22:48:04 +0000 2015"}{"created_at": "Sun Apr 26 22:47:59 +0000 2015"}{"created_at": "Sun Apr 26 22:47:39 +0000 2015"}{"created_at": "Sun Apr 26 22:46:48 +0000 2015"}{"created_at": "Sun Apr 26 22:45:06 +0000 2015"}{"created_at": "Sun Apr 26 22:44:57 +0000 2015"}{"created_at": "Sun Apr 26 22:43:52 +0000 2015"}{"created_at": "Sun Apr 26 22:52:37 +0000 2015"}{"created_at": "Sun Apr 26 22:52:10 +0000 2015"}{"created_at": "Sun Apr 26 22:51:59 +0000 2015"}{"created_at": "Sun Apr 26 22:51:19 +0000 2015"}{"created_at": "Sun Apr 26 22:50:52 +0000 2015"}{"created_at": "Sun Apr 26 22:48:46 +0000 2015"}{"created_at": "Sun Apr 26 22:48:09 +0000 2015"}{"created_at": "Sun Apr 26 22:48:04 +0000 2015"}{"created_at": "Sun Apr 26 22:47:59 +0000 2015"}{"created_at": "Sun Apr 26 22:47:39 +0000 2015"}{"created_at": "Sun Apr 26 22:46:48 +0000 2015"}{"created_at": "Sun Apr 26 22:45:06 +0000 2015"}{"created_at": "Sun Apr 26 22:44:57 +0000 2015"}{"created_at": "Sun Apr 26 22:53:41 +0000 2015"}{"created_at": "Sun Apr 26 22:52:37 +0000 2015"}{"created_at": "Sun Apr 26 22:52:10 +0000 2015"}{"created_at": "Sun Apr 26 22:51:59 +0000 2015"}{"created_at": "Sun Apr 26 22:51:19 +0000 2015"}{"created_at": "Sun Apr 26 22:50:52 +0000 2015"}{"created_at": "Sun Apr 26 22:48:46 +0000 2015"}{"created_at": "Sun Apr 26 22:48:09 +0000 2015"}{"created_at": "Sun Apr 26 22:48:04 +0000 2015"}{"created_at": "Sun Apr 26 22:47:59 +0000 2015"}{"created_at": "Sun Apr 26 22:47:39 +0000 2015"}{"created_at": "Sun Apr 26 22:46:48 +0000 2015"}{"created_at": "Sun Apr 26 22:45:06 +0000 2015"}{"created_at": "Sun Apr 26 22:53:41 +0000 2015"}{"created_at": "Sun Apr 26 22:52:37 +0000 2015"}{"created_at": "Sun Apr 26 22:52:10 +0000 2015"}{"created_at": "Sun Apr 26 22:51:59 +0000 2015"}{"created_at": "Sun Apr 26 22:51:19 +0000 2015"}{"created_at": "Sun Apr 26 22:50:52 +0000 2015"}{"created_at": "Sun Apr 26 22:48:46 +0000 2015"}{"created_at": "Sun Apr 26 22:48:09 +0000 2015"}{"created_at": "Sun Apr 26 22:48:04 +0000 2015"}{"created_at": "Sun Apr 26 22:47:59 +0000 2015"}{"created_at": "Sun Apr 26 22:47:39 +0000 2015"}{"created_at": "Sun Apr 26 22:46:48 +0000 2015"}{"created_at": "Sun Apr 26 22:53:48 +0000 2015"}{"created_at": "Sun Apr 26 22:53:41 +0000 2015"}{"created_at": "Sun Apr 26 22:52:37 +0000 2015"}{"created_at": "Sun Apr 26 22:52:10 +0000 2015"}{"created_at": "Sun Apr 26 22:51:59 +0000 2015"}{"created_at": "Sun Apr 26 22:51:19 +0000 2015"}{"created_at": "Sun Apr 26 22:50:52 +0000 2015"}{"created_at": "Sun Apr 26 22:48:46 +0000 2015"}{"created_at": "Sun Apr 26 22:48:09 +0000 2015"}{"created_at": "Sun Apr 26 22:48:04 +0000 2015"}{"created_at": "Sun Apr 26 22:47:59 +0000 2015"}{"created_at": "Sun Apr 26 22:47:39 +0000 2015"}{"created_at": "Sun Apr 26 22:53:48 +0000 2015"}{"created_at": "Sun Apr 26 22:53:41 +0000 2015"}{"created_at": "Sun Apr 26 22:52:37 +0000 2015"}{"created_at": "Sun Apr 26 22:52:10 +0000 2015"}{"created_at": "Sun Apr 26 22:51:59 +0000 2015"}{"created_at": "Sun Apr 26 22:51:19 +0000 2015"}{"created_at": "Sun Apr 26 22:50:52 +0000 2015"}{"created_at": "Sun Apr 26 22:48:46 +0000 2015"}{"created_at": "Sun Apr 26 22:48:09 +0000 2015"}{"created_at": "Sun Apr 26 22:48:04 +0000 2015"}{"created_at": "Sun Apr 26 22:47:59 +0000 2015"}{"created_at": "Sun Apr 26 22:53:48 +0000 2015"}{"created_at": "Sun Apr 26 22:53:41 +0000 2015"}{"created_at": "Sun Apr 26 22:52:37 +0000 2015"}{"created_at": "Sun Apr 26 22:52:10 +0000 2015"}{"created_at": "Sun Apr 26 22:51:59 +0000 2015"}{"created_at": "Sun Apr 26 22:51:19 +0000 2015"}{"created_at": "Sun Apr 26 22:50:52 +0000 2015"}{"created_at": "Sun Apr 26 22:48:46 +0000 2015"}{"created_at": "Sun Apr 26 22:48:09 +0000 2015"}{"created_at": "Sun Apr 26 22:48:04 +0000 2015"}{"created_at": "Sun Apr 26 22:53:48 +0000 2015"}{"created_at": "Sun Apr 26 22:53:41 +0000 2015"}{"created_at": "Sun Apr 26 22:52:37 +0000 2015"}{"created_at": "Sun Apr 26 22:52:10 +0000 2015"}{"created_at": "Sun Apr 26 22:51:59 +0000 2015"}{"created_at": "Sun Apr 26 22:51:19 +0000 2015"}{"created_at": "Sun Apr 26 22:50:52 +0000 2015"}{"created_at": "Sun Apr 26 22:48:46 +0000 2015"}{"created_at": "Sun Apr 26 22:48:09 +0000 2015"}{"created_at": "Sun Apr 26 22:53:48 +0000 2015"}{"created_at": "Sun Apr 26 22:53:41 +0000 2015"}{"created_at": "Sun Apr 26 22:52:37 +0000 2015"}{"created_at": "Sun Apr 26 22:52:10 +0000 2015"}{"created_at": "Sun Apr 26 22:51:59 +0000 2015"}{"created_at": "Sun Apr 26 22:51:19 +0000 2015"}{"created_at": "Sun Apr 26 22:50:52 +0000 2015"}{"created_at": "Sun Apr 26 22:48:46 +0000 2015"}{"created_at": "Sun Apr 26 22:53:48 +0000 2015"}{"created_at": "Sun Apr 26 22:53:41 +0000 2015"}{"created_at": "Sun Apr 26 22:52:37 +0000 2015"}{"created_at": "Sun Apr 26 22:52:10 +0000 2015"}{"created_at": "Sun Apr 26 22:51:59 +0000 2015"}{"created_at": "Sun Apr 26 22:51:19 +0000 2015"}{"created_at": "Sun Apr 26 22:50:52 +0000 2015"}{"created_at": "Sun Apr 26 22:53:48 +0000 2015"}{"created_at": "Sun Apr 26 22:53:41 +0000 2015"}{"created_at": "Sun Apr 26 22:52:37 +0000 2015"}{"created_at": "Sun Apr 26 22:52:10 +0000 2015"}{"created_at": "Sun Apr 26 22:51:59 +0000 2015"}{"created_at": "Sun Apr 26 22:51:19 +0000 2015"}{"created_at": "Sun Apr 26 22:53:48 +0000 2015"}{"created_at": "Sun Apr 26 22:53:41 +0000 2015"}{"created_at": "Sun Apr 26 22:52:37 +0000 2015"}{"created_at": "Sun Apr 26 22:52:10 +0000 2015"}{"created_at": "Sun Apr 26 22:51:59 +0000 2015"}{"created_at": "Sun Apr 26 22:53:48 +0000 2015"}{"created_at": "Sun Apr 26 22:53:41 +0000 2015"}{"created_at": "Sun Apr 26 22:52:37 +0000 2015"}{"created_at": "Sun Apr 26 22:52:10 +0000 2015"}{"created_at": "Sun Apr 26 22:53:48 +0000 2015"}{"created_at": "Sun Apr 26 22:53:41 +0000 2015"}{"created_at": "Sun Apr 26 22:52:37 +0000 2015"}{"created_at": "Sun Apr 26 22:53:48 +0000 2015"}{"created_at": "Sun Apr 26 22:53:41 +0000 2015"}{"created_at": "Sun Apr 26 22:53:48 +0000 2015"}{"created_at": "Sun Apr 26 22:55:10 +0000 2015"}{"created_at": "Sun Apr 26 22:52:37 +0000 2015"}{"created_at": "Sun Apr 26 22:52:10 +0000 2015"}{"created_at": "Sun Apr 26 22:51:59 +0000 2015"}{"created_at": "Sun Apr 26 22:51:19 +0000 2015"}{"created_at": "Sun Apr 26 22:50:52 +0000 2015"}{"created_at": "Sun Apr 26 22:48:46 +0000 2015"}{"created_at": "Sun Apr 26 22:48:09 +0000 2015"}{"created_at": "Sun Apr 26 22:48:04 +0000 2015"}{"created_at": "Sun Apr 26 22:47:59 +0000 2015"}{"created_at": "Sun Apr 26 22:47:39 +0000 2015"}{"created_at": "Sun Apr 26 22:46:48 +0000 2015"}{"created_at": "Sun Apr 26 22:45:06 +0000 2015"}{"created_at": "Sun Apr 26 22:44:57 +0000 2015"}{"created_at": "Sun Apr 26 22:43:52 +0000 2015"}{"created_at": "Sun Apr 26 22:43:44 +0000 2015"}{"created_at": "Sun Apr 26 22:52:37 +0000 2015"}{"created_at": "Sun Apr 26 22:52:10 +0000 2015"}{"created_at": "Sun Apr 26 22:51:59 +0000 2015"}{"created_at": "Sun Apr 26 22:51:19 +0000 2015"}{"created_at": "Sun Apr 26 22:50:52 +0000 2015"}{"created_at": "Sun Apr 26 22:48:46 +0000 2015"}{"created_at": "Sun Apr 26 22:48:09 +0000 2015"}{"created_at": "Sun Apr 26 22:48:04 +0000 2015"}{"created_at": "Sun Apr 26 22:47:59 +0000 2015"}{"created_at": "Sun Apr 26 22:47:39 +0000 2015"}{"created_at": "Sun Apr 26 22:46:48 +0000 2015"}{"created_at": "Sun Apr 26 22:45:06 +0000 2015"}{"created_at": "Sun Apr 26 22:44:57 +0000 2015"}{"created_at": "Sun Apr 26 22:43:52 +0000 2015"}{"created_at": "Sun Apr 26 22:52:37 +0000 2015"}{"created_at": "Sun Apr 26 22:52:10 +0000 2015"}{"created_at": "Sun Apr 26 22:51:59 +0000 2015"}{"created_at": "Sun Apr 26 22:51:19 +0000 2015"}{"created_at": "Sun Apr 26 22:50:52 +0000 2015"}{"created_at": "Sun Apr 26 22:48:46 +0000 2015"}{"created_at": "Sun Apr 26 22:48:09 +0000 2015"}{"created_at": "Sun Apr 26 22:48:04 +0000 2015"}{"created_at": "Sun Apr 26 22:47:59 +0000 2015"}{"created_at": "Sun Apr 26 22:47:39 +0000 2015"}{"created_at": "Sun Apr 26 22:46:48 +0000 2015"}{"created_at": "Sun Apr 26 22:45:06 +0000 2015"}{"created_at": "Sun Apr 26 22:44:57 +0000 2015"}{"created_at": "Sun Apr 26 22:53:41 +0000 2015"}{"created_at": "Sun Apr 26 22:52:37 +0000 2015"}{"created_at": "Sun Apr 26 22:52:10 +0000 2015"}{"created_at": "Sun Apr 26 22:51:59 +0000 2015"}{"created_at": "Sun Apr 26 22:51:19 +0000 2015"}{"created_at": "Sun Apr 26 22:50:52 +0000 2015"}{"created_at": "Sun Apr 26 22:48:46 +0000 2015"}{"created_at": "Sun Apr 26 22:48:09 +0000 2015"}{"created_at": "Sun Apr 26 22:48:04 +0000 2015"}{"created_at": "Sun Apr 26 22:47:59 +0000 2015"}{"created_at": "Sun Apr 26 22:47:39 +0000 2015"}{"created_at": "Sun Apr 26 22:46:48 +0000 2015"}{"created_at": "Sun Apr 26 22:45:06 +0000 2015"}{"created_at": "Sun Apr 26 22:53:41 +0000 2015"}{"created_at": "Sun Apr 26 22:52:37 +0000 2015"}{"created_at": "Sun Apr 26 22:52:10 +0000 2015"}{"created_at": "Sun Apr 26 22:51:59 +0000 2015"}{"created_at": "Sun Apr 26 22:51:19 +0000 2015"}{"created_at": "Sun Apr 26 22:50:52 +0000 2015"}{"created_at": "Sun Apr 26 22:48:46 +0000 2015"}{"created_at": "Sun Apr 26 22:48:09 +0000 2015"}{"created_at": "Sun Apr 26 22:48:04 +0000 2015"}{"created_at": "Sun Apr 26 22:47:59 +0000 2015"}{"created_at": "Sun Apr 26 22:47:39 +0000 2015"}{"created_at": "Sun Apr 26 22:46:48 +0000 2015"}{"created_at": "Sun Apr 26 22:53:48 +0000 2015"}{"created_at": "Sun Apr 26 22:53:41 +0000 2015"}{"created_at": "Sun Apr 26 22:52:37 +0000 2015"}{"created_at": "Sun Apr 26 22:52:10 +0000 2015"}{"created_at": "Sun Apr 26 22:51:59 +0000 2015"}{"created_at": "Sun Apr 26 22:51:19 +0000 2015"}{"created_at": "Sun Apr 26 22:50:52 +0000 2015"}{"created_at": "Sun Apr 26 22:48:46 +0000 2015"}{"created_at": "Sun Apr 26 22:48:09 +0000 2015"}{"created_at": "Sun Apr 26 22:48:04 +0000 2015"}{"created_at": "Sun Apr 26 22:47:59 +0000 2015"}{"created_at": "Sun Apr 26 22:47:39 +0000 2015"}{"created_at": "Sun Apr 26 22:53:48 +0000 2015"}{"created_at": "Sun Apr 26 22:53:41 +0000 2015"}{"created_at": "Sun Apr 26 22:52:37 +0000 2015"}{"created_at": "Sun Apr 26 22:52:10 +0000 2015"}{"created_at": "Sun Apr 26 22:51:59 +0000 2015"}{"created_at": "Sun Apr 26 22:51:19 +0000 2015"}{"created_at": "Sun Apr 26 22:50:52 +0000 2015"}{"created_at": "Sun Apr 26 22:48:46 +0000 2015"}{"created_at": "Sun Apr 26 22:48:09 +0000 2015"}{"created_at": "Sun Apr 26 22:48:04 +0000 2015"}{"created_at": "Sun Apr 26 22:47:59 +0000 2015"}{"created_at": "Sun Apr 26 22:53:48 +0000 2015"}{"created_at": "Sun Apr 26 22:53:41 +0000 2015"}{"created_at": "Sun Apr 26 22:52:37 +0000 2015"}{"created_at": "Sun Apr 26 22:52:10 +0000 2015"}{"created_at": "Sun Apr 26 22:51:59 +0000 2015"}{"created_at": "Sun Apr 26 22:51:19 +0000 2015"}{"created_at": "Sun Apr 26 22:50:52 +0000 2015"}{"created_at": "Sun Apr 26 22:48:46 +0000 2015"}{"created_at": "Sun Apr 26 22:48:09 +0000 2015"}{"created_at": "Sun Apr 26 22:48:04 +0000 2015"}{"created_at": "Sun Apr 26 22:53:48 +0000 2015"}{"created_at": "Sun Apr 26 22:53:41 +0000 2015"}{"created_at": "Sun Apr 26 22:52:37 +0000 2015"}{"created_at": "Sun Apr 26 22:52:10 +0000 2015"}{"created_at": "Sun Apr 26 22:51:59 +0000 2015"}{"created_at": "Sun Apr 26 22:51:19 +0000 2015"}{"created_at": "Sun Apr 26 22:50:52 +0000 2015"}{"created_at": "Sun Apr 26 22:48:46 +0000 2015"}{"created_at": "Sun Apr 26 22:48:09 +0000 2015"}{"created_at": "Sun Apr 26 22:53:48 +0000 2015"}{"created_at": "Sun Apr 26 22:53:41 +0000 2015"}{"created_at": "Sun Apr 26 22:52:37 +0000 2015"}{"created_at": "Sun Apr 26 22:52:10 +0000 2015"}{"created_at": "Sun Apr 26 22:51:59 +0000 2015"}{"created_at": "Sun Apr 26 22:51:19 +0000 2015"}{"created_at": "Sun Apr 26 22:50:52 +0000 2015"}{"created_at": "Sun Apr 26 22:48:46 +0000 2015"}{"created_at": "Sun Apr 26 22:53:48 +0000 2015"}{"created_at": "Sun Apr 26 22:53:41 +0000 2015"}{"created_at": "Sun Apr 26 22:52:37 +0000 2015"}{"created_at": "Sun Apr 26 22:52:10 +0000 2015"}{"created_at": "Sun Apr 26 22:51:59 +0000 2015"}{"created_at": "Sun Apr 26 22:51:19 +0000 2015"}{"created_at": "Sun Apr 26 22:50:52 +0000 2015"}{"created_at": "Sun Apr 26 22:53:48 +0000 2015"}{"created_at": "Sun Apr 26 22:53:41 +0000 2015"}{"created_at": "Sun Apr 26 22:52:37 +0000 2015"}{"created_at": "Sun Apr 26 22:52:10 +0000 2015"}{"created_at": "Sun Apr 26 22:51:59 +0000 2015"}{"created_at": "Sun Apr 26 22:51:19 +0000 2015"}{"created_at": "Sun Apr 26 22:53:48 +0000 2015"}{"created_at": "Sun Apr 26 22:53:41 +0000 2015"}{"created_at": "Sun Apr 26 22:52:37 +0000 2015"}{"created_at": "Sun Apr 26 22:52:10 +0000 2015"}{"created_at": "Sun Apr 26 22:51:59 +0000 2015"}{"created_at": "Sun Apr 26 22:53:48 +0000 2015"}{"created_at": "Sun Apr 26 22:53:41 +0000 2015"}{"created_at": "Sun Apr 26 22:52:37 +0000 2015"}{"created_at": "Sun Apr 26 22:52:10 +0000 2015"}{"created_at": "Sun Apr 26 22:53:48 +0000 2015"}{"created_at": "Sun Apr 26 22:53:41 +0000 2015"}{"created_at": "Sun Apr 26 22:52:37 +0000 2015"}{"created_at": "Sun Apr 26 22:53:48 +0000 2015"}{"created_at": "Sun Apr 26 22:53:41 +0000 2015"}{"created_at": "Sun Apr 26 22:53:48 +0000 2015"}{"created_at": "Sun Apr 26 22:55:10 +0000 2015"}{"created_at": "Sun Apr 26 22:52:37 +0000 2015"}{"created_at": "Sun Apr 26 22:52:10 +0000 2015"}{"created_at": "Sun Apr 26 22:51:59 +0000 2015"}{"created_at": "Sun Apr 26 22:51:19 +0000 2015"}{"created_at": "Sun Apr 26 22:50:52 +0000 2015"}{"created_at": "Sun Apr 26 22:48:46 +0000 2015"}{"created_at": "Sun Apr 26 22:48:09 +0000 2015"}{"created_at": "Sun Apr 26 22:48:04 +0000 2015"}{"created_at": "Sun Apr 26 22:47:59 +0000 2015"}{"created_at": "Sun Apr 26 22:47:39 +0000 2015"}{"created_at": "Sun Apr 26 22:46:48 +0000 2015"}{"created_at": "Sun Apr 26 22:45:06 +0000 2015"}{"created_at": "Sun Apr 26 22:44:57 +0000 2015"}{"created_at": "Sun Apr 26 22:43:52 +0000 2015"}{"created_at": "Sun Apr 26 22:43:44 +0000 2015"}{"created_at": "Sun Apr 26 22:52:37 +0000 2015"}{"created_at": "Sun Apr 26 22:52:10 +0000 2015"}{"created_at": "Sun Apr 26 22:51:59 +0000 2015"}{"created_at": "Sun Apr 26 22:51:19 +0000 2015"}{"created_at": "Sun Apr 26 22:50:52 +0000 2015"}{"created_at": "Sun Apr 26 22:48:46 +0000 2015"}{"created_at": "Sun Apr 26 22:48:09 +0000 2015"}{"created_at": "Sun Apr 26 22:48:04 +0000 2015"}{"created_at": "Sun Apr 26 22:47:59 +0000 2015"}{"created_at": "Sun Apr 26 22:47:39 +0000 2015"}{"created_at": "Sun Apr 26 22:46:48 +0000 2015"}{"created_at": "Sun Apr 26 22:45:06 +0000 2015"}{"created_at": "Sun Apr 26 22:44:57 +0000 2015"}{"created_at": "Sun Apr 26 22:43:52 +0000 2015"}{"created_at": "Sun Apr 26 22:52:37 +0000 2015"}{"created_at": "Sun Apr 26 22:52:10 +0000 2015"}{"created_at": "Sun Apr 26 22:51:59 +0000 2015"}{"created_at": "Sun Apr 26 22:51:19 +0000 2015"}{"created_at": "Sun Apr 26 22:50:52 +0000 2015"}{"created_at": "Sun Apr 26 22:48:46 +0000 2015"}{"created_at": "Sun Apr 26 22:48:09 +0000 2015"}{"created_at": "Sun Apr 26 22:48:04 +0000 2015"}{"created_at": "Sun Apr 26 22:47:59 +0000 2015"}{"created_at": "Sun Apr 26 22:47:39 +0000 2015"}{"created_at": "Sun Apr 26 22:46:48 +0000 2015"}{"created_at": "Sun Apr 26 22:45:06 +0000 2015"}{"created_at": "Sun Apr 26 22:44:57 +0000 2015"}{"created_at": "Sun Apr 26 22:53:41 +0000 2015"}{"created_at": "Sun Apr 26 22:52:37 +0000 2015"}{"created_at": "Sun Apr 26 22:52:10 +0000 2015"}{"created_at": "Sun Apr 26 22:51:59 +0000 2015"}{"created_at": "Sun Apr 26 22:51:19 +0000 2015"}{"created_at": "Sun Apr 26 22:50:52 +0000 2015"}{"created_at": "Sun Apr 26 22:48:46 +0000 2015"}{"created_at": "Sun Apr 26 22:48:09 +0000 2015"}{"created_at": "Sun Apr 26 22:48:04 +0000 2015"}{"created_at": "Sun Apr 26 22:47:59 +0000 2015"}{"created_at": "Sun Apr 26 22:47:39 +0000 2015"}{"created_at": "Sun Apr 26 22:46:48 +0000 2015"}{"created_at": "Sun Apr 26 22:45:06 +0000 2015"}{"created_at": "Sun Apr 26 22:53:41 +0000 2015"}{"created_at": "Sun Apr 26 22:52:37 +0000 2015"}{"created_at": "Sun Apr 26 22:52:10 +0000 2015"}{"created_at": "Sun Apr 26 22:51:59 +0000 2015"}{"created_at": "Sun Apr 26 22:51:19 +0000 2015"}{"created_at": "Sun Apr 26 22:50:52 +0000 2015"}{"created_at": "Sun Apr 26 22:48:46 +0000 2015"}{"created_at": "Sun Apr 26 22:48:09 +0000 2015"}{"created_at": "Sun Apr 26 22:48:04 +0000 2015"}{"created_at": "Sun Apr 26 22:47:59 +0000 2015"}{"created_at": "Sun Apr 26 22:47:39 +0000 2015"}{"created_at": "Sun Apr 26 22:46:48 +0000 2015"}{"created_at": "Sun Apr 26 22:53:48 +0000 2015"}{"created_at": "Sun Apr 26 22:53:41 +0000 2015"}{"created_at": "Sun Apr 26 22:52:37 +0000 2015"}{"created_at": "Sun Apr 26 22:52:10 +0000 2015"}{"created_at": "Sun Apr 26 22:51:59 +0000 2015"}{"created_at": "Sun Apr 26 22:51:19 +0000 2015"}{"created_at": "Sun Apr 26 22:50:52 +0000 2015"}{"created_at": "Sun Apr 26 22:48:46 +0000 2015"}{"created_at": "Sun Apr 26 22:48:09 +0000 2015"}{"created_at": "Sun Apr 26 22:48:04 +0000 2015"}{"created_at": "Sun Apr 26 22:47:59 +0000 2015"}{"created_at": "Sun Apr 26 22:47:39 +0000 2015"}{"created_at": "Sun Apr 26 22:53:48 +0000 2015"}{"created_at": "Sun Apr 26 22:53:41 +0000 2015"}{"created_at": "Sun Apr 26 22:52:37 +0000 2015"}{"created_at": "Sun Apr 26 22:52:10 +0000 2015"}{"created_at": "Sun Apr 26 22:51:59 +0000 2015"}{"created_at": "Sun Apr 26 22:51:19 +0000 2015"}{"created_at": "Sun Apr 26 22:50:52 +0000 2015"}{"created_at": "Sun Apr 26 22:48:46 +0000 2015"}{"created_at": "Sun Apr 26 22:48:09 +0000 2015"}{"created_at": "Sun Apr 26 22:48:04 +0000 2015"}{"created_at": "Sun Apr 26 22:47:59 +0000 2015"}{"created_at": "Sun Apr 26 22:53:48 +0000 2015"}{"created_at": "Sun Apr 26 22:53:41 +0000 2015"}{"created_at": "Sun Apr 26 22:52:37 +0000 2015"}{"created_at": "Sun Apr 26 22:52:10 +0000 2015"}{"created_at": "Sun Apr 26 22:51:59 +0000 2015"}{"created_at": "Sun Apr 26 22:51:19 +0000 2015"}{"created_at": "Sun Apr 26 22:50:52 +0000 2015"}{"created_at": "Sun Apr 26 22:48:46 +0000 2015"}{"created_at": "Sun Apr 26 22:48:09 +0000 2015"}{"created_at": "Sun Apr 26 22:48:04 +0000 2015"}{"created_at": "Sun Apr 26 22:53:48 +0000 2015"}{"created_at": "Sun Apr 26 22:53:41 +0000 2015"}{"created_at": "Sun Apr 26 22:52:37 +0000 2015"}{"created_at": "Sun Apr 26 22:52:10 +0000 2015"}{"created_at": "Sun Apr 26 22:51:59 +0000 2015"}{"created_at": "Sun Apr 26 22:51:19 +0000 2015"}{"created_at": "Sun Apr 26 22:50:52 +0000 2015"}{"created_at": "Sun Apr 26 22:48:46 +0000 2015"}{"created_at": "Sun Apr 26 22:48:09 +0000 2015"}{"created_at": "Sun Apr 26 22:53:48 +0000 2015"}{"created_at": "Sun Apr 26 22:53:41 +0000 2015"}{"created_at": "Sun Apr 26 22:52:37 +0000 2015"}{"created_at": "Sun Apr 26 22:52:10 +0000 2015"}{"created_at": "Sun Apr 26 22:51:59 +0000 2015"}{"created_at": "Sun Apr 26 22:51:19 +0000 2015"}{"created_at": "Sun Apr 26 22:50:52 +0000 2015"}{"created_at": "Sun Apr 26 22:48:46 +0000 2015"}{"created_at": "Sun Apr 26 22:53:48 +0000 2015"}{"created_at": "Sun Apr 26 22:53:41 +0000 2015"}{"created_at": "Sun Apr 26 22:52:37 +0000 2015"}{"created_at": "Sun Apr 26 22:52:10 +0000 2015"}{"created_at": "Sun Apr 26 22:51:59 +0000 2015"}{"created_at": "Sun Apr 26 22:51:19 +0000 2015"}{"created_at": "Sun Apr 26 22:50:52 +0000 2015"}{"created_at": "Sun Apr 26 22:53:48 +0000 2015"}{"created_at": "Sun Apr 26 22:53:41 +0000 2015"}{"created_at": "Sun Apr 26 22:52:37 +0000 2015"}{"created_at": "Sun Apr 26 22:52:10 +0000 2015"}{"created_at": "Sun Apr 26 22:51:59 +0000 2015"}{"created_at": "Sun Apr 26 22:51:19 +0000 2015"}{"created_at": "Sun Apr 26 22:53:48 +0000 2015"}{"created_at": "Sun Apr 26 22:53:41 +0000 2015"}{"created_at": "Sun Apr 26 22:52:37 +0000 2015"}{"created_at": "Sun Apr 26 22:52:10 +0000 2015"}{"created_at": "Sun Apr 26 22:51:59 +0000 2015"}{"created_at": "Sun Apr 26 22:53:48 +0000 2015"}{"created_at": "Sun Apr 26 22:53:41 +0000 2015"}{"created_at": "Sun Apr 26 22:52:37 +0000 2015"}{"created_at": "Sun Apr 26 22:52:10 +0000 2015"}{"created_at": "Sun Apr 26 22:53:48 +0000 2015"}{"created_at": "Sun Apr 26 22:53:41 +0000 2015"}{"created_at": "Sun Apr 26 22:52:37 +0000 2015"}{"created_at": "Sun Apr 26 22:53:48 +0000 2015"}{"created_at": "Sun Apr 26 22:53:41 +0000 2015"}{"created_at": "Sun Apr 26 22:53:48 +0000 2015"}{"created_at": "Sun Apr 26 22:55:10 +0000 2015"}{"created_at": "Sun Apr 26 22:52:37 +0000 2015"}{"created_at": "Sun Apr 26 22:52:10 +0000 2015"}{"created_at": "Sun Apr 26 22:51:59 +0000 2015"}{"created_at": "Sun Apr 26 22:51:19 +0000 2015"}{"created_at": "Sun Apr 26 22:50:52 +0000 2015"}{"created_at": "Sun Apr 26 22:48:46 +0000 2015"}{"created_at": "Sun Apr 26 22:48:09 +0000 2015"}{"created_at": "Sun Apr 26 22:48:04 +0000 2015"}{"created_at": "Sun Apr 26 22:47:59 +0000 2015"}{"created_at": "Sun Apr 26 22:47:39 +0000 2015"}{"created_at": "Sun Apr 26 22:46:48 +0000 2015"}{"created_at": "Sun Apr 26 22:45:06 +0000 2015"}{"created_at": "Sun Apr 26 22:44:57 +0000 2015"}{"created_at": "Sun Apr 26 22:43:52 +0000 2015"}{"created_at": "Sun Apr 26 22:43:44 +0000 2015"}{"created_at": "Sun Apr 26 22:52:37 +0000 2015"}{"created_at": "Sun Apr 26 22:52:10 +0000 2015"}{"created_at": "Sun Apr 26 22:51:59 +0000 2015"}{"created_at": "Sun Apr 26 22:51:19 +0000 2015"}{"created_at": "Sun Apr 26 22:50:52 +0000 2015"}{"created_at": "Sun Apr 26 22:48:46 +0000 2015"}{"created_at": "Sun Apr 26 22:48:09 +0000 2015"}{"created_at": "Sun Apr 26 22:48:04 +0000 2015"}{"created_at": "Sun Apr 26 22:47:59 +0000 2015"}{"created_at": "Sun Apr 26 22:47:39 +0000 2015"}{"created_at": "Sun Apr 26 22:46:48 +0000 2015"}{"created_at": "Sun Apr 26 22:45:06 +0000 2015"}{"created_at": "Sun Apr 26 22:44:57 +0000 2015"}{"created_at": "Sun Apr 26 22:43:52 +0000 2015"}{"created_at": "Sun Apr 26 22:52:37 +0000 2015"}{"created_at": "Sun Apr 26 22:52:10 +0000 2015"}{"created_at": "Sun Apr 26 22:51:59 +0000 2015"}{"created_at": "Sun Apr 26 22:51:19 +0000 2015"}{"created_at": "Sun Apr 26 22:50:52 +0000 2015"}{"created_at": "Sun Apr 26 22:48:46 +0000 2015"}{"created_at": "Sun Apr 26 22:48:09 +0000 2015"}{"created_at": "Sun Apr 26 22:48:04 +0000 2015"}{"created_at": "Sun Apr 26 22:47:59 +0000 2015"}{"created_at": "Sun Apr 26 22:47:39 +0000 2015"}{"created_at": "Sun Apr 26 22:46:48 +0000 2015"}{"created_at": "Sun Apr 26 22:45:06 +0000 2015"}{"created_at": "Sun Apr 26 22:44:57 +0000 2015"}{"created_at": "Sun Apr 26 22:53:41 +0000 2015"}{"created_at": "Sun Apr 26 22:52:37 +0000 2015"}{"created_at": "Sun Apr 26 22:52:10 +0000 2015"}{"created_at": "Sun Apr 26 22:51:59 +0000 2015"}{"created_at": "Sun Apr 26 22:51:19 +0000 2015"}{"created_at": "Sun Apr 26 22:50:52 +0000 2015"}{"created_at": "Sun Apr 26 22:48:46 +0000 2015"}{"created_at": "Sun Apr 26 22:48:09 +0000 2015"}{"created_at": "Sun Apr 26 22:48:04 +0000 2015"}{"created_at": "Sun Apr 26 22:47:59 +0000 2015"}{"created_at": "Sun Apr 26 22:47:39 +0000 2015"}{"created_at": "Sun Apr 26 22:46:48 +0000 2015"}{"created_at": "Sun Apr 26 22:45:06 +0000 2015"}{"created_at": "Sun Apr 26 22:53:41 +0000 2015"}{"created_at": "Sun Apr 26 22:52:37 +0000 2015"}{"created_at": "Sun Apr 26 22:52:10 +0000 2015"}{"created_at": "Sun Apr 26 22:51:59 +0000 2015"}{"created_at": "Sun Apr 26 22:51:19 +0000 2015"}{"created_at": "Sun Apr 26 22:50:52 +0000 2015"}{"created_at": "Sun Apr 26 22:48:46 +0000 2015"}{"created_at": "Sun Apr 26 22:48:09 +0000 2015"}{"created_at": "Sun Apr 26 22:48:04 +0000 2015"}{"created_at": "Sun Apr 26 22:47:59 +0000 2015"}{"created_at": "Sun Apr 26 22:47:39 +0000 2015"}{"created_at": "Sun Apr 26 22:46:48 +0000 2015"}{"created_at": "Sun Apr 26 22:53:48 +0000 2015"}{"created_at": "Sun Apr 26 22:53:41 +0000 2015"}{"created_at": "Sun Apr 26 22:52:37 +0000 2015"}{"created_at": "Sun Apr 26 22:52:10 +0000 2015"}{"created_at": "Sun Apr 26 22:51:59 +0000 2015"}{"created_at": "Sun Apr 26 22:51:19 +0000 2015"}{"created_at": "Sun Apr 26 22:50:52 +0000 2015"}{"created_at": "Sun Apr 26 22:48:46 +0000 2015"}{"created_at": "Sun Apr 26 22:48:09 +0000 2015"}{"created_at": "Sun Apr 26 22:48:04 +0000 2015"}{"created_at": "Sun Apr 26 22:47:59 +0000 2015"}{"created_at": "Sun Apr 26 22:47:39 +0000 2015"}{"created_at": "Sun Apr 26 22:53:48 +0000 2015"}{"created_at": "Sun Apr 26 22:53:41 +0000 2015"}{"created_at": "Sun Apr 26 22:52:37 +0000 2015"}{"created_at": "Sun Apr 26 22:52:10 +0000 2015"}{"created_at": "Sun Apr 26 22:51:59 +0000 2015"}{"created_at": "Sun Apr 26 22:51:19 +0000 2015"}{"created_at": "Sun Apr 26 22:50:52 +0000 2015"}{"created_at": "Sun Apr 26 22:48:46 +0000 2015"}{"created_at": "Sun Apr 26 22:48:09 +0000 2015"}{"created_at": "Sun Apr 26 22:48:04 +0000 2015"}{"created_at": "Sun Apr 26 22:47:59 +0000 2015"}{"created_at": "Sun Apr 26 22:53:48 +0000 2015"}{"created_at": "Sun Apr 26 22:53:41 +0000 2015"}{"created_at": "Sun Apr 26 22:52:37 +0000 2015"}{"created_at": "Sun Apr 26 22:52:10 +0000 2015"}{"created_at": "Sun Apr 26 22:51:59 +0000 2015"}{"created_at": "Sun Apr 26 22:51:19 +0000 2015"}{"created_at": "Sun Apr 26 22:50:52 +0000 2015"}{"created_at": "Sun Apr 26 22:48:46 +0000 2015"}{"created_at": "Sun Apr 26 22:48:09 +0000 2015"}{"created_at": "Sun Apr 26 22:48:04 +0000 2015"}{"created_at": "Sun Apr 26 22:53:48 +0000 2015"}{"created_at": "Sun Apr 26 22:53:41 +0000 2015"}{"created_at": "Sun Apr 26 22:52:37 +0000 2015"}{"created_at": "Sun Apr 26 22:52:10 +0000 2015"}{"created_at": "Sun Apr 26 22:51:59 +0000 2015"}{"created_at": "Sun Apr 26 22:51:19 +0000 2015"}{"created_at": "Sun Apr 26 22:50:52 +0000 2015"}{"created_at": "Sun Apr 26 22:48:46 +0000 2015"}{"created_at": "Sun Apr 26 22:48:09 +0000 2015"}{"created_at": "Sun Apr 26 22:53:48 +0000 2015"}{"created_at": "Sun Apr 26 22:53:41 +0000 2015"}{"created_at": "Sun Apr 26 22:52:37 +0000 2015"}{"created_at": "Sun Apr 26 22:52:10 +0000 2015"}{"created_at": "Sun Apr 26 22:51:59 +0000 2015"}{"created_at": "Sun Apr 26 22:51:19 +0000 2015"}{"created_at": "Sun Apr 26 22:50:52 +0000 2015"}{"created_at": "Sun Apr 26 22:48:46 +0000 2015"}{"created_at": "Sun Apr 26 22:53:48 +0000 2015"}{"created_at": "Sun Apr 26 22:53:41 +0000 2015"}{"created_at": "Sun Apr 26 22:52:37 +0000 2015"}{"created_at": "Sun Apr 26 22:52:10 +0000 2015"}{"created_at": "Sun Apr 26 22:51:59 +0000 2015"}{"created_at": "Sun Apr 26 22:51:19 +0000 2015"}{"created_at": "Sun Apr 26 22:50:52 +0000 2015"}{"created_at": "Sun Apr 26 22:53:48 +0000 2015"}{"created_at": "Sun Apr 26 22:53:41 +0000 2015"}{"created_at": "Sun Apr 26 22:52:37 +0000 2015"}{"created_at": "Sun Apr 26 22:52:10 +0000 2015"}{"created_at": "Sun Apr 26 22:51:59 +0000 2015"}{"created_at": "Sun Apr 26 22:51:19 +0000 2015"}{"created_at": "Sun Apr 26 22:53:48 +0000 2015"}{"created_at": "Sun Apr 26 22:53:41 +0000 2015"}{"created_at": "Sun Apr 26 22:52:37 +0000 2015"}{"created_at": "Sun Apr 26 22:52:10 +0000 2015"}{"created_at": "Sun Apr 26 22:51:59 +0000 2015"}{"created_at": "Sun Apr 26 22:53:48 +0000 2015"}{"created_at": "Sun Apr 26 22:53:41 +0000 2015"}{"created_at": "Sun Apr 26 22:52:37 +0000 2015"}{"created_at": "Sun Apr 26 22:52:10 +0000 2015"}{"created_at": "Sun Apr 26 22:53:48 +0000 2015"}{"created_at": "Sun Apr 26 22:53:41 +0000 2015"}{"created_at": "Sun Apr 26 22:52:37 +0000 2015"}{"created_at": "Sun Apr 26 22:53:48 +0000 2015"}{"created_at": "Sun Apr 26 22:53:41 +0000 2015"}{"created_at": "Sun Apr 26 22:53:48 +0000 2015"}{"created_at": "Sun Apr 26 22:55:10 +0000 2015"}{"created_at": "Sun Apr 26 22:52:37 +0000 2015"}{"created_at": "Sun Apr 26 22:52:10 +0000 2015"}{"created_at": "Sun Apr 26 22:51:59 +0000 2015"}{"created_at": "Sun Apr 26 22:51:19 +0000 2015"}{"created_at": "Sun Apr 26 22:50:52 +0000 2015"}{"created_at": "Sun Apr 26 22:48:46 +0000 2015"}{"created_at": "Sun Apr 26 22:48:09 +0000 2015"}{"created_at": "Sun Apr 26 22:48:04 +0000 2015"}{"created_at": "Sun Apr 26 22:47:59 +0000 2015"}{"created_at": "Sun Apr 26 22:47:39 +0000 2015"}{"created_at": "Sun Apr 26 22:46:48 +0000 2015"}{"created_at": "Sun Apr 26 22:45:06 +0000 2015"}{"created_at": "Sun Apr 26 22:44:57 +0000 2015"}{"created_at": "Sun Apr 26 22:43:52 +0000 2015"}{"created_at": "Sun Apr 26 22:43:44 +0000 2015"}{"created_at": "Sun Apr 26 22:52:37 +0000 2015"}{"created_at": "Sun Apr 26 22:52:10 +0000 2015"}{"created_at": "Sun Apr 26 22:51:59 +0000 2015"}{"created_at": "Sun Apr 26 22:51:19 +0000 2015"}{"created_at": "Sun Apr 26 22:50:52 +0000 2015"}{"created_at": "Sun Apr 26 22:48:46 +0000 2015"}{"created_at": "Sun Apr 26 22:48:09 +0000 2015"}{"created_at": "Sun Apr 26 22:48:04 +0000 2015"}{"created_at": "Sun Apr 26 22:47:59 +0000 2015"}{"created_at": "Sun Apr 26 22:47:39 +0000 2015"}{"created_at": "Sun Apr 26 22:46:48 +0000 2015"}{"created_at": "Sun Apr 26 22:45:06 +0000 2015"}{"created_at": "Sun Apr 26 22:44:57 +0000 2015"}{"created_at": "Sun Apr 26 22:43:52 +0000 2015"}{"created_at": "Sun Apr 26 22:52:37 +0000 2015"}{"created_at": "Sun Apr 26 22:52:10 +0000 2015"}{"created_at": "Sun Apr 26 22:51:59 +0000 2015"}{"created_at": "Sun Apr 26 22:51:19 +0000 2015"}{"created_at": "Sun Apr 26 22:50:52 +0000 2015"}{"created_at": "Sun Apr 26 22:48:46 +0000 2015"}{"created_at": "Sun Apr 26 22:48:09 +0000 2015"}{"created_at": "Sun Apr 26 22:48:04 +0000 2015"}{"created_at": "Sun Apr 26 22:47:59 +0000 2015"}{"created_at": "Sun Apr 26 22:47:39 +0000 2015"}{"created_at": "Sun Apr 26 22:46:48 +0000 2015"}{"created_at": "Sun Apr 26 22:45:06 +0000 2015"}{"created_at": "Sun Apr 26 22:44:57 +0000 2015"}{"created_at": "Sun Apr 26 22:53:41 +0000 2015"}{"created_at": "Sun Apr 26 22:52:37 +0000 2015"}{"created_at": "Sun Apr 26 22:52:10 +0000 2015"}{"created_at": "Sun Apr 26 22:51:59 +0000 2015"}{"created_at": "Sun Apr 26 22:51:19 +0000 2015"}{"created_at": "Sun Apr 26 22:50:52 +0000 2015"}{"created_at": "Sun Apr 26 22:48:46 +0000 2015"}{"created_at": "Sun Apr 26 22:48:09 +0000 2015"}{"created_at": "Sun Apr 26 22:48:04 +0000 2015"}{"created_at": "Sun Apr 26 22:47:59 +0000 2015"}{"created_at": "Sun Apr 26 22:47:39 +0000 2015"}{"created_at": "Sun Apr 26 22:46:48 +0000 2015"}{"created_at": "Sun Apr 26 22:45:06 +0000 2015"}{"created_at": "Sun Apr 26 22:53:41 +0000 2015"}{"created_at": "Sun Apr 26 22:52:37 +0000 2015"}{"created_at": "Sun Apr 26 22:52:10 +0000 2015"}{"created_at": "Sun Apr 26 22:51:59 +0000 2015"}{"created_at": "Sun Apr 26 22:51:19 +0000 2015"}{"created_at": "Sun Apr 26 22:50:52 +0000 2015"}{"created_at": "Sun Apr 26 22:48:46 +0000 2015"}{"created_at": "Sun Apr 26 22:48:09 +0000 2015"}{"created_at": "Sun Apr 26 22:48:04 +0000 2015"}{"created_at": "Sun Apr 26 22:47:59 +0000 2015"}{"created_at": "Sun Apr 26 22:47:39 +0000 2015"}{"created_at": "Sun Apr 26 22:46:48 +0000 2015"}{"created_at": "Sun Apr 26 22:53:48 +0000 2015"}{"created_at": "Sun Apr 26 22:53:41 +0000 2015"}{"created_at": "Sun Apr 26 22:52:37 +0000 2015"}{"created_at": "Sun Apr 26 22:52:10 +0000 2015"}{"created_at": "Sun Apr 26 22:51:59 +0000 2015"}{"created_at": "Sun Apr 26 22:51:19 +0000 2015"}{"created_at": "Sun Apr 26 22:50:52 +0000 2015"}{"created_at": "Sun Apr 26 22:48:46 +0000 2015"}{"created_at": "Sun Apr 26 22:48:09 +0000 2015"}{"created_at": "Sun Apr 26 22:48:04 +0000 2015"}{"created_at": "Sun Apr 26 22:47:59 +0000 2015"}{"created_at": "Sun Apr 26 22:47:39 +0000 2015"}{"created_at": "Sun Apr 26 22:53:48 +0000 2015"}{"created_at": "Sun Apr 26 22:53:41 +0000 2015"}{"created_at": "Sun Apr 26 22:52:37 +0000 2015"}{"created_at": "Sun Apr 26 22:52:10 +0000 2015"}{"created_at": "Sun Apr 26 22:51:59 +0000 2015"}{"created_at": "Sun Apr 26 22:51:19 +0000 2015"}{"created_at": "Sun Apr 26 22:50:52 +0000 2015"}{"created_at": "Sun Apr 26 22:48:46 +0000 2015"}{"created_at": "Sun Apr 26 22:48:09 +0000 2015"}{"created_at": "Sun Apr 26 22:48:04 +0000 2015"}{"created_at": "Sun Apr 26 22:47:59 +0000 2015"}{"created_at": "Sun Apr 26 22:53:48 +0000 2015"}{"created_at": "Sun Apr 26 22:53:41 +0000 2015"}{"created_at": "Sun Apr 26 22:52:37 +0000 2015"}{"created_at": "Sun Apr 26 22:52:10 +0000 2015"}{"created_at": "Sun Apr 26 22:51:59 +0000 2015"}{"created_at": "Sun Apr 26 22:51:19 +0000 2015"}{"created_at": "Sun Apr 26 22:50:52 +0000 2015"}{"created_at": "Sun Apr 26 22:48:46 +0000 2015"}{"created_at": "Sun Apr 26 22:48:09 +0000 2015"}{"created_at": "Sun Apr 26 22:48:04 +0000 2015"}{"created_at": "Sun Apr 26 22:53:48 +0000 2015"}{"created_at": "Sun Apr 26 22:53:41 +0000 2015"}{"created_at": "Sun Apr 26 22:52:37 +0000 2015"}{"created_at": "Sun Apr 26 22:52:10 +0000 2015"}{"created_at": "Sun Apr 26 22:51:59 +0000 2015"}{"created_at": "Sun Apr 26 22:51:19 +0000 2015"}{"created_at": "Sun Apr 26 22:50:52 +0000 2015"}{"created_at": "Sun Apr 26 22:48:46 +0000 2015"}{"created_at": "Sun Apr 26 22:48:09 +0000 2015"}{"created_at": "Sun Apr 26 22:53:48 +0000 2015"}{"created_at": "Sun Apr 26 22:53:41 +0000 2015"}{"created_at": "Sun Apr 26 22:52:37 +0000 2015"}{"created_at": "Sun Apr 26 22:52:10 +0000 2015"}{"created_at": "Sun Apr 26 22:51:59 +0000 2015"}{"created_at": "Sun Apr 26 22:51:19 +0000 2015"}{"created_at": "Sun Apr 26 22:50:52 +0000 2015"}{"created_at": "Sun Apr 26 22:48:46 +0000 2015"}{"created_at": "Sun Apr 26 22:53:48 +0000 2015"}{"created_at": "Sun Apr 26 22:53:41 +0000 2015"}{"created_at": "Sun Apr 26 22:52:37 +0000 2015"}{"created_at": "Sun Apr 26 22:52:10 +0000 2015"}{"created_at": "Sun Apr 26 22:51:59 +0000 2015"}{"created_at": "Sun Apr 26 22:51:19 +0000 2015"}{"created_at": "Sun Apr 26 22:50:52 +0000 2015"}{"created_at": "Sun Apr 26 22:53:48 +0000 2015"}{"created_at": "Sun Apr 26 22:53:41 +0000 2015"}{"created_at": "Sun Apr 26 22:52:37 +0000 2015"}{"created_at": "Sun Apr 26 22:52:10 +0000 2015"}{"created_at": "Sun Apr 26 22:51:59 +0000 2015"}{"created_at": "Sun Apr 26 22:51:19 +0000 2015"}{"created_at": "Sun Apr 26 22:53:48 +0000 2015"}{"created_at": "Sun Apr 26 22:53:41 +0000 2015"}{"created_at": "Sun Apr 26 22:52:37 +0000 2015"}{"created_at": "Sun Apr 26 22:52:10 +0000 2015"}{"created_at": "Sun Apr 26 22:51:59 +0000 2015"}{"created_at": "Sun Apr 26 22:53:48 +0000 2015"}{"created_at": "Sun Apr 26 22:53:41 +0000 2015"}{"created_at": "Sun Apr 26 22:52:37 +0000 2015"}{"created_at": "Sun Apr 26 22:52:10 +0000 2015"}{"created_at": "Sun Apr 26 22:53:48 +0000 2015"}{"created_at": "Sun Apr 26 22:53:41 +0000 2015"}{"created_at": "Sun Apr 26 22:52:37 +0000 2015"}{"created_at": "Sun Apr 26 22:53:48 +0000 2015"}{"created_at": "Sun Apr 26 22:53:41 +0000 2015"}{"created_at": "Sun Apr 26 22:53:48 +0000 2015"}{"created_at": "Sun Apr 26 22:55:10 +0000 2015"}{"created_at": "Sun Apr 26 22:52:37 +0000 2015"}{"created_at": "Sun Apr 26 22:52:10 +0000 2015"}{"created_at": "Sun Apr 26 22:51:59 +0000 2015"}{"created_at": "Sun Apr 26 22:51:19 +0000 2015"}{"created_at": "Sun Apr 26 22:50:52 +0000 2015"}{"created_at": "Sun Apr 26 22:48:46 +0000 2015"}{"created_at": "Sun Apr 26 22:48:09 +0000 2015"}{"created_at": "Sun Apr 26 22:48:04 +0000 2015"}{"created_at": "Sun Apr 26 22:47:59 +0000 2015"}{"created_at": "Sun Apr 26 22:47:39 +0000 2015"}{"created_at": "Sun Apr 26 22:46:48 +0000 2015"}{"created_at": "Sun Apr 26 22:45:06 +0000 2015"}{"created_at": "Sun Apr 26 22:44:57 +0000 2015"}{"created_at": "Sun Apr 26 22:43:52 +0000 2015"}{"created_at": "Sun Apr 26 22:43:44 +0000 2015"}{"created_at": "Sun Apr 26 22:52:37 +0000 2015"}{"created_at": "Sun Apr 26 22:52:10 +0000 2015"}{"created_at": "Sun Apr 26 22:51:59 +0000 2015"}{"created_at": "Sun Apr 26 22:51:19 +0000 2015"}{"created_at": "Sun Apr 26 22:50:52 +0000 2015"}{"created_at": "Sun Apr 26 22:48:46 +0000 2015"}{"created_at": "Sun Apr 26 22:48:09 +0000 2015"}{"created_at": "Sun Apr 26 22:48:04 +0000 2015"}{"created_at": "Sun Apr 26 22:47:59 +0000 2015"}{"created_at": "Sun Apr 26 22:47:39 +0000 2015"}{"created_at": "Sun Apr 26 22:46:48 +0000 2015"}{"created_at": "Sun Apr 26 22:45:06 +0000 2015"}{"created_at": "Sun Apr 26 22:44:57 +0000 2015"}{"created_at": "Sun Apr 26 22:43:52 +0000 2015"}{"created_at": "Sun Apr 26 22:52:37 +0000 2015"}{"created_at": "Sun Apr 26 22:52:10 +0000 2015"}{"created_at": "Sun Apr 26 22:51:59 +0000 2015"}{"created_at": "Sun Apr 26 22:51:19 +0000 2015"}{"created_at": "Sun Apr 26 22:50:52 +0000 2015"}{"created_at": "Sun Apr 26 22:48:46 +0000 2015"}{"created_at": "Sun Apr 26 22:48:09 +0000 2015"}{"created_at": "Sun Apr 26 22:48:04 +0000 2015"}{"created_at": "Sun Apr 26 22:47:59 +0000 2015"}{"created_at": "Sun Apr 26 22:47:39 +0000 2015"}{"created_at": "Sun Apr 26 22:46:48 +0000 2015"}{"created_at": "Sun Apr 26 22:45:06 +0000 2015"}{"created_at": "Sun Apr 26 22:44:57 +0000 2015"}{"created_at": "Sun Apr 26 22:53:41 +0000 2015"}{"created_at": "Sun Apr 26 22:52:37 +0000 2015"}{"created_at": "Sun Apr 26 22:52:10 +0000 2015"}{"created_at": "Sun Apr 26 22:51:59 +0000 2015"}{"created_at": "Sun Apr 26 22:51:19 +0000 2015"}{"created_at": "Sun Apr 26 22:50:52 +0000 2015"}{"created_at": "Sun Apr 26 22:48:46 +0000 2015"}{"created_at": "Sun Apr 26 22:48:09 +0000 2015"}{"created_at": "Sun Apr 26 22:48:04 +0000 2015"}{"created_at": "Sun Apr 26 22:47:59 +0000 2015"}{"created_at": "Sun Apr 26 22:47:39 +0000 2015"}{"created_at": "Sun Apr 26 22:46:48 +0000 2015"}{"created_at": "Sun Apr 26 22:45:06 +0000 2015"}{"created_at": "Sun Apr 26 22:53:41 +0000 2015"}{"created_at": "Sun Apr 26 22:52:37 +0000 2015"}{"created_at": "Sun Apr 26 22:52:10 +0000 2015"}{"created_at": "Sun Apr 26 22:51:59 +0000 2015"}{"created_at": "Sun Apr 26 22:51:19 +0000 2015"}{"created_at": "Sun Apr 26 22:50:52 +0000 2015"}{"created_at": "Sun Apr 26 22:48:46 +0000 2015"}{"created_at": "Sun Apr 26 22:48:09 +0000 2015"}{"created_at": "Sun Apr 26 22:48:04 +0000 2015"}{"created_at": "Sun Apr 26 22:47:59 +0000 2015"}{"created_at": "Sun Apr 26 22:47:39 +0000 2015"}{"created_at": "Sun Apr 26 22:46:48 +0000 2015"}{"created_at": "Sun Apr 26 22:53:48 +0000 2015"}{"created_at": "Sun Apr 26 22:53:41 +0000 2015"}{"created_at": "Sun Apr 26 22:52:37 +0000 2015"}{"created_at": "Sun Apr 26 22:52:10 +0000 2015"}{"created_at": "Sun Apr 26 22:51:59 +0000 2015"}{"created_at": "Sun Apr 26 22:51:19 +0000 2015"}{"created_at": "Sun Apr 26 22:50:52 +0000 2015"}{"created_at": "Sun Apr 26 22:48:46 +0000 2015"}{"created_at": "Sun Apr 26 22:48:09 +0000 2015"}{"created_at": "Sun Apr 26 22:48:04 +0000 2015"}{"created_at": "Sun Apr 26 22:47:59 +0000 2015"}{"created_at": "Sun Apr 26 22:47:39 +0000 2015"}{"created_at": "Sun Apr 26 22:53:48 +0000 2015"}{"created_at": "Sun Apr 26 22:53:41 +0000 2015"}{"created_at": "Sun Apr 26 22:52:37 +0000 2015"}{"created_at": "Sun Apr 26 22:52:10 +0000 2015"}{"created_at": "Sun Apr 26 22:51:59 +0000 2015"}{"created_at": "Sun Apr 26 22:51:19 +0000 2015"}{"created_at": "Sun Apr 26 22:50:52 +0000 2015"}{"created_at": "Sun Apr 26 22:48:46 +0000 2015"}{"created_at": "Sun Apr 26 22:48:09 +0000 2015"}{"created_at": "Sun Apr 26 22:48:04 +0000 2015"}{"created_at": "Sun Apr 26 22:47:59 +0000 2015"}{"created_at": "Sun Apr 26 22:53:48 +0000 2015"}{"created_at": "Sun Apr 26 22:53:41 +0000 2015"}{"created_at": "Sun Apr 26 22:52:37 +0000 2015"}{"created_at": "Sun Apr 26 22:52:10 +0000 2015"}{"created_at": "Sun Apr 26 22:51:59 +0000 2015"}{"created_at": "Sun Apr 26 22:51:19 +0000 2015"}{"created_at": "Sun Apr 26 22:50:52 +0000 2015"}{"created_at": "Sun Apr 26 22:48:46 +0000 2015"}{"created_at": "Sun Apr 26 22:48:09 +0000 2015"}{"created_at": "Sun Apr 26 22:48:04 +0000 2015"}{"created_at": "Sun Apr 26 22:53:48 +0000 2015"}{"created_at": "Sun Apr 26 22:53:41 +0000 2015"}{"created_at": "Sun Apr 26 22:52:37 +0000 2015"}{"created_at": "Sun Apr 26 22:52:10 +0000 2015"}{"created_at": "Sun Apr 26 22:51:59 +0000 2015"}{"created_at": "Sun Apr 26 22:51:19 +0000 2015"}{"created_at": "Sun Apr 26 22:50:52 +0000 2015"}{"created_at": "Sun Apr 26 22:48:46 +0000 2015"}{"created_at": "Sun Apr 26 22:48:09 +0000 2015"}{"created_at": "Sun Apr 26 22:53:48 +0000 2015"}{"created_at": "Sun Apr 26 22:53:41 +0000 2015"}{"created_at": "Sun Apr 26 22:52:37 +0000 2015"}{"created_at": "Sun Apr 26 22:52:10 +0000 2015"}{"created_at": "Sun Apr 26 22:51:59 +0000 2015"}{"created_at": "Sun Apr 26 22:51:19 +0000 2015"}{"created_at": "Sun Apr 26 22:50:52 +0000 2015"}{"created_at": "Sun Apr 26 22:48:46 +0000 2015"}{"created_at": "Sun Apr 26 22:53:48 +0000 2015"}{"created_at": "Sun Apr 26 22:53:41 +0000 2015"}{"created_at": "Sun Apr 26 22:52:37 +0000 2015"}{"created_at": "Sun Apr 26 22:52:10 +0000 2015"}{"created_at": "Sun Apr 26 22:51:59 +0000 2015"}{"created_at": "Sun Apr 26 22:51:19 +0000 2015"}{"created_at": "Sun Apr 26 22:50:52 +0000 2015"}{"created_at": "Sun Apr 26 22:53:48 +0000 2015"}{"created_at": "Sun Apr 26 22:53:41 +0000 2015"}{"created_at": "Sun Apr 26 22:52:37 +0000 2015"}{"created_at": "Sun Apr 26 22:52:10 +0000 2015"}{"created_at": "Sun Apr 26 22:51:59 +0000 2015"}{"created_at": "Sun Apr 26 22:51:19 +0000 2015"}{"created_at": "Sun Apr 26 22:53:48 +0000 2015"}{"created_at": "Sun Apr 26 22:53:41 +0000 2015"}{"created_at": "Sun Apr 26 22:52:37 +0000 2015"}{"created_at": "Sun Apr 26 22:52:10 +0000 2015"}{"created_at": "Sun Apr 26 22:51:59 +0000 2015"}{"created_at": "Sun Apr 26 22:53:48 +0000 2015"}{"created_at": "Sun Apr 26 22:53:41 +0000 2015"}{"created_at": "Sun Apr 26 22:52:37 +0000 2015"}{"created_at": "Sun Apr 26 22:52:10 +0000 2015"}{"created_at": "Sun Apr 26 22:53:48 +0000 2015"}{"created_at": "Sun Apr 26 22:53:41 +0000 2015"}{"created_at": "Sun Apr 26 22:52:37 +0000 2015"}{"created_at": "Sun Apr 26 22:53:48 +0000 2015"}{"created_at": "Sun Apr 26 22:53:41 +0000 2015"}{"created_at": "Sun Apr 26 22:53:48 +0000 2015"}{"created_at": "Sun Apr 26 22:55:10 +0000 2015"}