[{"created_at": "Mon Apr 27 17:55:31 +0000 2015"},{"created_at": "Mon Apr 27 17:55:29 +0000 2015"},{"created_at": "Mon Apr 27 17:55:28 +0000 2015"},{"created_at": "Mon Apr 27 17:55:28 +0000 2015"},{"created_at": "Mon Apr 27 17:55:28 +0000 2015"},{"created_at": "Mon Apr 27 17:55:25 +0000 2015"},{"created_at": "Mon Apr 27 17:55:25 +0000 2015"},{"created_at": "Mon Apr 27 17:55:23 +0000 2015"},{"created_at": "Mon Apr 27 17:55:22 +0000 2015"},{"created_at": "Mon Apr 27 17:55:20 +0000 2015"},{"created_at": "Mon Apr 27 17:55:19 +0000 2015"},{"created_at": "Mon Apr 27 17:55:19 +0000 2015"},{"created_at": "Mon Apr 27 17:55:18 +0000 2015"},{"created_at": "Mon Apr 27 17:55:18 +0000 2015"},{"created_at": "Mon Apr 27 17:55:16 +0000 2015"},{"created_at": "Mon Apr 27 17:55:34 +0000 2015"},{"created_at": "Mon Apr 27 17:55:33 +0000 2015"},{"created_at": "Mon Apr 27 17:55:33 +0000 2015"},{"created_at": "Mon Apr 27 17:55:31 +0000 2015"},{"created_at": "Mon Apr 27 17:55:29 +0000 2015"},{"created_at": "Mon Apr 27 17:55:28 +0000 2015"},{"created_at": "Mon Apr 27 17:55:28 +0000 2015"},{"created_at": "Mon Apr 27 17:55:28 +0000 2015"},{"created_at": "Mon Apr 27 17:55:25 +0000 2015"},{"created_at": "Mon Apr 27 17:55:25 +0000 2015"},{"created_at": "Mon Apr 27 17:55:23 +0000 2015"},{"created_at": "Mon Apr 27 17:55:22 +0000 2015"},{"created_at": "Mon Apr 27 17:55:20 +0000 2015"},{"created_at": "Mon Apr 27 17:55:19 +0000 2015"},{"created_at": "Mon Apr 27 17:55:19 +0000 2015"},{"created_at": "Mon Apr 27 17:55:38 +0000 2015"},{"created_at": "Mon Apr 27 17:55:36 +0000 2015"},{"created_at": "Mon Apr 27 17:55:34 +0000 2015"},{"created_at": "Mon Apr 27 17:55:33 +0000 2015"},{"created_at": "Mon Apr 27 17:55:33 +0000 2015"},{"created_at": "Mon Apr 27 17:55:31 +0000 2015"},{"created_at": "Mon Apr 27 17:55:29 +0000 2015"},{"created_at": "Mon Apr 27 17:55:28 +0000 2015"},{"created_at": "Mon Apr 27 17:55:28 +0000 2015"},{"created_at": "Mon Apr 27 17:55:28 +0000 2015"},{"created_at": "Mon Apr 27 17:55:25 +0000 2015"},{"created_at": "Mon Apr 27 17:55:25 +0000 2015"},{"created_at": "Mon Apr 27 17:55:23 +0000 2015"},{"created_at": "Mon Apr 27 17:55:22 +0000 2015"},{"created_at": "Mon Apr 27 17:55:20 +0000 2015"},{"created_at": "Mon Apr 27 17:55:40 +0000 2015"},{"created_at": "Mon Apr 27 17:55:39 +0000 2015"},{"created_at": "Mon Apr 27 17:55:38 +0000 2015"},{"created_at": "Mon Apr 27 17:55:36 +0000 2015"},{"created_at": "Mon Apr 27 17:55:34 +0000 2015"},{"created_at": "Mon Apr 27 17:55:33 +0000 2015"},{"created_at": "Mon Apr 27 17:55:33 +0000 2015"},{"created_at": "Mon Apr 27 17:55:31 +0000 2015"},{"created_at": "Mon Apr 27 17:55:29 +0000 2015"},{"created_at": "Mon Apr 27 17:55:28 +0000 2015"},{"created_at": "Mon Apr 27 17:55:28 +0000 2015"},{"created_at": "Mon Apr 27 17:55:28 +0000 2015"},{"created_at": "Mon Apr 27 17:55:25 +0000 2015"},{"created_at": "Mon Apr 27 17:55:25 +0000 2015"},{"created_at": "Mon Apr 27 17:55:23 +0000 2015"},{"created_at": "Mon Apr 27 17:55:42 +0000 2015"},{"created_at": "Mon Apr 27 17:55:40 +0000 2015"},{"created_at": "Mon Apr 27 17:55:39 +0000 2015"},{"created_at": "Mon Apr 27 17:55:38 +0000 2015"},{"created_at": "Mon Apr 27 17:55:36 +0000 2015"},{"created_at": "Mon Apr 27 17:55:34 +0000 2015"},{"created_at": "Mon Apr 27 17:55:33 +0000 2015"},{"created_at": "Mon Apr 27 17:55:33 +0000 2015"},{"created_at": "Mon Apr 27 17:55:31 +0000 2015"},{"created_at": "Mon Apr 27 17:55:29 +0000 2015"},{"created_at": "Mon Apr 27 17:55:28 +0000 2015"},{"created_at": "Mon Apr 27 17:55:28 +0000 2015"},{"created_at": "Mon Apr 27 17:55:28 +0000 2015"},{"created_at": "Mon Apr 27 17:55:25 +0000 2015"},{"created_at": "Mon Apr 27 17:55:25 +0000 2015"},{"created_at": "Mon Apr 27 17:55:44 +0000 2015"},{"created_at": "Mon Apr 27 17:55:42 +0000 2015"},{"created_at": "Mon Apr 27 17:55:40 +0000 2015"},{"created_at": "Mon Apr 27 17:55:39 +0000 2015"},{"created_at": "Mon Apr 27 17:55:38 +0000 2015"},{"created_at": "Mon Apr 27 17:55:36 +0000 2015"},{"created_at": "Mon Apr 27 17:55:34 +0000 2015"},{"created_at": "Mon Apr 27 17:55:33 +0000 2015"},{"created_at": "Mon Apr 27 17:55:33 +0000 2015"},{"created_at": "Mon Apr 27 17:55:31 +0000 2015"},{"created_at": "Mon Apr 27 17:55:29 +0000 2015"},{"created_at": "Mon Apr 27 17:55:28 +0000 2015"},{"created_at": "Mon Apr 27 17:55:28 +0000 2015"},{"created_at": "Mon Apr 27 17:55:28 +0000 2015"},{"created_at": "Mon Apr 27 17:55:25 +0000 2015"},{"created_at": "Mon Apr 27 17:55:46 +0000 2015"},{"created_at": "Mon Apr 27 17:55:46 +0000 2015"},{"created_at": "Mon Apr 27 17:55:44 +0000 2015"},{"created_at": "Mon Apr 27 17:55:42 +0000 2015"},{"created_at": "Mon Apr 27 17:55:40 +0000 2015"},{"created_at": "Mon Apr 27 17:55:39 +0000 2015"},{"created_at": "Mon Apr 27 17:55:38 +0000 2015"},{"created_at": "Mon Apr 27 17:55:36 +0000 2015"},{"created_at": "Mon Apr 27 17:55:34 +0000 2015"},{"created_at": "Mon Apr 27 17:55:33 +0000 2015"},{"created_at": "Mon Apr 27 17:55:33 +0000 2015"},{"created_at": "Mon Apr 27 17:55:31 +0000 2015"},{"created_at": "Mon Apr 27 17:55:29 +0000 2015"},{"created_at": "Mon Apr 27 17:55:28 +0000 2015"},{"created_at": "Mon Apr 27 17:55:28 +0000 2015"},{"created_at": "Mon Apr 27 17:55:50 +0000 2015"},{"created_at": "Mon Apr 27 17:55:49 +0000 2015"},{"created_at": "Mon Apr 27 17:55:49 +0000 2015"},{"created_at": "Mon Apr 27 17:55:46 +0000 2015"},{"created_at": "Mon Apr 27 17:55:46 +0000 2015"},{"created_at": "Mon Apr 27 17:55:44 +0000 2015"},{"created_at": "Mon Apr 27 17:55:42 +0000 2015"},{"created_at": "Mon Apr 27 17:55:40 +0000 2015"},{"created_at": "Mon Apr 27 17:55:39 +0000 2015"},{"created_at": "Mon Apr 27 17:55:38 +0000 2015"},{"created_at": "Mon Apr 27 17:55:36 +0000 2015"},{"created_at": "Mon Apr 27 17:55:34 +0000 2015"},{"created_at": "Mon Apr 27 17:55:33 +0000 2015"},{"created_at": "Mon Apr 27 17:55:33 +0000 2015"},{"created_at": "Mon Apr 27 17:55:31 +0000 2015"},{"created_at": "Mon Apr 27 17:55:53 +0000 2015"},{"created_at": "Mon Apr 27 17:55:53 +0000 2015"},{"created_at": "Mon Apr 27 17:55:52 +0000 2015"},{"created_at": "Mon Apr 27 17:55:52 +0000 2015"},{"created_at": "Mon Apr 27 17:55:50 +0000 2015"},{"created_at": "Mon Apr 27 17:55:49 +0000 2015"},{"created_at": "Mon Apr 27 17:55:49 +0000 2015"},{"created_at": "Mon Apr 27 17:55:46 +0000 2015"},{"created_at": "Mon Apr 27 17:55:46 +0000 2015"},{"created_at": "Mon Apr 27 17:55:44 +0000 2015"},{"created_at": "Mon Apr 27 17:55:42 +0000 2015"},{"created_at": "Mon Apr 27 17:55:40 +0000 2015"},{"created_at": "Mon Apr 27 17:55:39 +0000 2015"},{"created_at": "Mon Apr 27 17:55:38 +0000 2015"},{"created_at": "Mon Apr 27 17:55:36 +0000 2015"},{"created_at": "Mon Apr 27 17:55:56 +0000 2015"},{"created_at": "Mon Apr 27 17:55:55 +0000 2015"},{"created_at": "Mon Apr 27 17:55:55 +0000 2015"},{"created_at": "Mon Apr 27 17:55:54 +0000 2015"},{"created_at": "Mon Apr 27 17:55:53 +0000 2015"},{"created_at": "Mon Apr 27 17:55:53 +0000 2015"},{"created_at": "Mon Apr 27 17:55:52 +0000 2015"},{"created_at": "Mon Apr 27 17:55:52 +0000 2015"},{"created_at": "Mon Apr 27 17:55:50 +0000 2015"},{"created_at": "Mon Apr 27 17:55:49 +0000 2015"},{"created_at": "Mon Apr 27 17:55:49 +0000 2015"},{"created_at": "Mon Apr 27 17:55:46 +0000 2015"},{"created_at": "Mon Apr 27 17:55:46 +0000 2015"},{"created_at": "Mon Apr 27 17:55:44 +0000 2015"},{"created_at": "Mon Apr 27 17:55:42 +0000 2015"},{"created_at": "Mon Apr 27 17:55:59 +0000 2015"},{"created_at": "Mon Apr 27 17:55:59 +0000 2015"},{"created_at": "Mon Apr 27 17:55:58 +0000 2015"},{"created_at": "Mon Apr 27 17:55:58 +0000 2015"},{"created_at": "Mon Apr 27 17:55:58 +0000 2015"},{"created_at": "Mon Apr 27 17:55:57 +0000 2015"},{"created_at": "Mon Apr 27 17:55:57 +0000 2015"},{"created_at": "Mon Apr 27 17:55:56 +0000 2015"},{"created_at": "Mon Apr 27 17:55:55 +0000 2015"},{"created_at": "Mon Apr 27 17:55:55 +0000 2015"},{"created_at": "Mon Apr 27 17:55:54 +0000 2015"},{"created_at": "Mon Apr 27 17:55:53 +0000 2015"},{"created_at": "Mon Apr 27 17:55:53 +0000 2015"},{"created_at": "Mon Apr 27 17:55:52 +0000 2015"},{"created_at": "Mon Apr 27 17:55:52 +0000 2015"},{"created_at": "Mon Apr 27 17:56:02 +0000 2015"},{"created_at": "Mon Apr 27 17:56:01 +0000 2015"},{"created_at": "Mon Apr 27 17:56:00 +0000 2015"},{"created_at": "Mon Apr 27 17:56:00 +0000 2015"},{"created_at": "Mon Apr 27 17:55:59 +0000 2015"},{"created_at": "Mon Apr 27 17:55:59 +0000 2015"},{"created_at": "Mon Apr 27 17:55:59 +0000 2015"},{"created_at": "Mon Apr 27 17:55:59 +0000 2015"},{"created_at": "Mon Apr 27 17:55:58 +0000 2015"},{"created_at": "Mon Apr 27 17:55:58 +0000 2015"},{"created_at": "Mon Apr 27 17:55:58 +0000 2015"},{"created_at": "Mon Apr 27 17:55:57 +0000 2015"},{"created_at": "Mon Apr 27 17:55:57 +0000 2015"},{"created_at": "Mon Apr 27 17:55:56 +0000 2015"},{"created_at": "Mon Apr 27 17:55:55 +0000 2015"},{"created_at": "Mon Apr 27 17:56:04 +0000 2015"},{"created_at": "Mon Apr 27 17:56:03 +0000 2015"},{"created_at": "Mon Apr 27 17:56:03 +0000 2015"},{"created_at": "Mon Apr 27 17:56:03 +0000 2015"},{"created_at": "Mon Apr 27 17:56:02 +0000 2015"},{"created_at": "Mon Apr 27 17:56:01 +0000 2015"},{"created_at": "Mon Apr 27 17:56:00 +0000 2015"},{"created_at": "Mon Apr 27 17:56:00 +0000 2015"},{"created_at": "Mon Apr 27 17:55:59 +0000 2015"},{"created_at": "Mon Apr 27 17:55:59 +0000 2015"},{"created_at": "Mon Apr 27 17:55:59 +0000 2015"},{"created_at": "Mon Apr 27 17:55:59 +0000 2015"},{"created_at": "Mon Apr 27 17:55:58 +0000 2015"},{"created_at": "Mon Apr 27 17:55:58 +0000 2015"},{"created_at": "Mon Apr 27 17:55:58 +0000 2015"},{"created_at": "Mon Apr 27 17:56:07 +0000 2015"},{"created_at": "Mon Apr 27 17:56:06 +0000 2015"},{"created_at": "Mon Apr 27 17:56:05 +0000 2015"},{"created_at": "Mon Apr 27 17:56:04 +0000 2015"},{"created_at": "Mon Apr 27 17:56:03 +0000 2015"},{"created_at": "Mon Apr 27 17:56:03 +0000 2015"},{"created_at": "Mon Apr 27 17:56:03 +0000 2015"},{"created_at": "Mon Apr 27 17:56:02 +0000 2015"},{"created_at": "Mon Apr 27 17:56:01 +0000 2015"},{"created_at": "Mon Apr 27 17:56:00 +0000 2015"},{"created_at": "Mon Apr 27 17:56:00 +0000 2015"},{"created_at": "Mon Apr 27 17:55:59 +0000 2015"},{"created_at": "Mon Apr 27 17:55:59 +0000 2015"},{"created_at": "Mon Apr 27 17:55:59 +0000 2015"},{"created_at": "Mon Apr 27 17:55:59 +0000 2015"},{"created_at": "Mon Apr 27 17:56:09 +0000 2015"},{"created_at": "Mon Apr 27 17:56:08 +0000 2015"},{"created_at": "Mon Apr 27 17:56:08 +0000 2015"},{"created_at": "Mon Apr 27 17:56:07 +0000 2015"},{"created_at": "Mon Apr 27 17:56:06 +0000 2015"},{"created_at": "Mon Apr 27 17:56:05 +0000 2015"},{"created_at": "Mon Apr 27 17:56:04 +0000 2015"},{"created_at": "Mon Apr 27 17:56:03 +0000 2015"},{"created_at": "Mon Apr 27 17:56:03 +0000 2015"},{"created_at": "Mon Apr 27 17:56:03 +0000 2015"},{"created_at": "Mon Apr 27 17:56:02 +0000 2015"},{"created_at": "Mon Apr 27 17:56:01 +0000 2015"},{"created_at": "Mon Apr 27 17:56:00 +0000 2015"},{"created_at": "Mon Apr 27 17:56:00 +0000 2015"},{"created_at": "Mon Apr 27 17:55:59 +0000 2015"},{"created_at": "Mon Apr 27 17:56:09 +0000 2015"},{"created_at": "Mon Apr 27 17:56:08 +0000 2015"},{"created_at": "Mon Apr 27 17:56:08 +0000 2015"},{"created_at": "Mon Apr 27 17:56:07 +0000 2015"},{"created_at": "Mon Apr 27 17:56:06 +0000 2015"},{"created_at": "Mon Apr 27 17:56:05 +0000 2015"},{"created_at": "Mon Apr 27 17:56:04 +0000 2015"},{"created_at": "Mon Apr 27 17:56:03 +0000 2015"},{"created_at": "Mon Apr 27 17:56:03 +0000 2015"},{"created_at": "Mon Apr 27 17:56:03 +0000 2015"},{"created_at": "Mon Apr 27 17:56:02 +0000 2015"},{"created_at": "Mon Apr 27 17:56:01 +0000 2015"},{"created_at": "Mon Apr 27 17:56:00 +0000 2015"},{"created_at": "Mon Apr 27 17:56:00 +0000 2015"},{"created_at": "Mon Apr 27 17:56:09 +0000 2015"},{"created_at": "Mon Apr 27 17:56:08 +0000 2015"},{"created_at": "Mon Apr 27 17:56:08 +0000 2015"},{"created_at": "Mon Apr 27 17:56:07 +0000 2015"},{"created_at": "Mon Apr 27 17:56:06 +0000 2015"},{"created_at": "Mon Apr 27 17:56:05 +0000 2015"},{"created_at": "Mon Apr 27 17:56:04 +0000 2015"},{"created_at": "Mon Apr 27 17:56:03 +0000 2015"},{"created_at": "Mon Apr 27 17:56:03 +0000 2015"},{"created_at": "Mon Apr 27 17:56:03 +0000 2015"},{"created_at": "Mon Apr 27 17:56:02 +0000 2015"},{"created_at": "Mon Apr 27 17:56:01 +0000 2015"},{"created_at": "Mon Apr 27 17:56:00 +0000 2015"},{"created_at": "Mon Apr 27 17:56:18 +0000 2015"},{"created_at": "Mon Apr 27 17:56:17 +0000 2015"},{"created_at": "Mon Apr 27 17:56:16 +0000 2015"},{"created_at": "Mon Apr 27 17:56:16 +0000 2015"},{"created_at": "Mon Apr 27 17:56:09 +0000 2015"},{"created_at": "Mon Apr 27 17:56:08 +0000 2015"},{"created_at": "Mon Apr 27 17:56:08 +0000 2015"},{"created_at": "Mon Apr 27 17:56:07 +0000 2015"},{"created_at": "Mon Apr 27 17:56:06 +0000 2015"},{"created_at": "Mon Apr 27 17:56:05 +0000 2015"},{"created_at": "Mon Apr 27 17:56:04 +0000 2015"},{"created_at": "Mon Apr 27 17:56:03 +0000 2015"},{"created_at": "Mon Apr 27 17:56:03 +0000 2015"},{"created_at": "Mon Apr 27 17:56:03 +0000 2015"},{"created_at": "Mon Apr 27 17:56:02 +0000 2015"},{"created_at": "Mon Apr 27 17:56:21 +0000 2015"},{"created_at": "Mon Apr 27 17:56:21 +0000 2015"},{"created_at": "Mon Apr 27 17:56:21 +0000 2015"},{"created_at": "Mon Apr 27 17:56:20 +0000 2015"},{"created_at": "Mon Apr 27 17:56:18 +0000 2015"},{"created_at": "Mon Apr 27 17:56:17 +0000 2015"},{"created_at": "Mon Apr 27 17:56:16 +0000 2015"},{"created_at": "Mon Apr 27 17:56:16 +0000 2015"},{"created_at": "Mon Apr 27 17:56:09 +0000 2015"},{"created_at": "Mon Apr 27 17:56:08 +0000 2015"},{"created_at": "Mon Apr 27 17:56:08 +0000 2015"},{"created_at": "Mon Apr 27 17:56:07 +0000 2015"},{"created_at": "Mon Apr 27 17:56:06 +0000 2015"},{"created_at": "Mon Apr 27 17:56:05 +0000 2015"},{"created_at": "Mon Apr 27 17:56:04 +0000 2015"},{"created_at": "Mon Apr 27 17:56:23 +0000 2015"},{"created_at": "Mon Apr 27 17:56:22 +0000 2015"},{"created_at": "Mon Apr 27 17:56:21 +0000 2015"},{"created_at": "Mon Apr 27 17:56:21 +0000 2015"},{"created_at": "Mon Apr 27 17:56:21 +0000 2015"},{"created_at": "Mon Apr 27 17:56:20 +0000 2015"},{"created_at": "Mon Apr 27 17:56:18 +0000 2015"},{"created_at": "Mon Apr 27 17:56:17 +0000 2015"},{"created_at": "Mon Apr 27 17:56:16 +0000 2015"},{"created_at": "Mon Apr 27 17:56:16 +0000 2015"},{"created_at": "Mon Apr 27 17:56:09 +0000 2015"},{"created_at": "Mon Apr 27 17:56:08 +0000 2015"},{"created_at": "Mon Apr 27 17:56:08 +0000 2015"},{"created_at": "Mon Apr 27 17:56:07 +0000 2015"},{"created_at": "Mon Apr 27 17:56:06 +0000 2015"},{"created_at": "Mon Apr 27 17:56:25 +0000 2015"},{"created_at": "Mon Apr 27 17:56:23 +0000 2015"},{"created_at": "Mon Apr 27 17:56:23 +0000 2015"},{"created_at": "Mon Apr 27 17:56:22 +0000 2015"},{"created_at": "Mon Apr 27 17:56:21 +0000 2015"},{"created_at": "Mon Apr 27 17:56:21 +0000 2015"},{"created_at": "Mon Apr 27 17:56:21 +0000 2015"},{"created_at": "Mon Apr 27 17:56:20 +0000 2015"},{"created_at": "Mon Apr 27 17:56:18 +0000 2015"},{"created_at": "Mon Apr 27 17:56:17 +0000 2015"},{"created_at": "Mon Apr 27 17:56:16 +0000 2015"},{"created_at": "Mon Apr 27 17:56:16 +0000 2015"},{"created_at": "Mon Apr 27 17:56:09 +0000 2015"},{"created_at": "Mon Apr 27 17:56:08 +0000 2015"},{"created_at": "Mon Apr 27 17:56:08 +0000 2015"},{"created_at": "Mon Apr 27 17:56:28 +0000 2015"},{"created_at": "Mon Apr 27 17:56:27 +0000 2015"},{"created_at": "Mon Apr 27 17:56:25 +0000 2015"},{"created_at": "Mon Apr 27 17:56:25 +0000 2015"},{"created_at": "Mon Apr 27 17:56:23 +0000 2015"},{"created_at": "Mon Apr 27 17:56:23 +0000 2015"},{"created_at": "Mon Apr 27 17:56:22 +0000 2015"},{"created_at": "Mon Apr 27 17:56:21 +0000 2015"},{"created_at": "Mon Apr 27 17:56:21 +0000 2015"},{"created_at": "Mon Apr 27 17:56:21 +0000 2015"},{"created_at": "Mon Apr 27 17:56:20 +0000 2015"},{"created_at": "Mon Apr 27 17:56:18 +0000 2015"},{"created_at": "Mon Apr 27 17:56:17 +0000 2015"},{"created_at": "Mon Apr 27 17:56:16 +0000 2015"},{"created_at": "Mon Apr 27 17:56:16 +0000 2015"},{"created_at": "Mon Apr 27 17:56:28 +0000 2015"},{"created_at": "Mon Apr 27 17:56:27 +0000 2015"},{"created_at": "Mon Apr 27 17:56:25 +0000 2015"},{"created_at": "Mon Apr 27 17:56:25 +0000 2015"},{"created_at": "Mon Apr 27 17:56:23 +0000 2015"},{"created_at": "Mon Apr 27 17:56:23 +0000 2015"},{"created_at": "Mon Apr 27 17:56:22 +0000 2015"},{"created_at": "Mon Apr 27 17:56:21 +0000 2015"},{"created_at": "Mon Apr 27 17:56:21 +0000 2015"},{"created_at": "Mon Apr 27 17:56:21 +0000 2015"},{"created_at": "Mon Apr 27 17:56:20 +0000 2015"},{"created_at": "Mon Apr 27 17:56:18 +0000 2015"},{"created_at": "Mon Apr 27 17:56:17 +0000 2015"},{"created_at": "Mon Apr 27 17:56:16 +0000 2015"},{"created_at": "Mon Apr 27 17:56:32 +0000 2015"},{"created_at": "Mon Apr 27 17:56:28 +0000 2015"},{"created_at": "Mon Apr 27 17:56:27 +0000 2015"},{"created_at": "Mon Apr 27 17:56:25 +0000 2015"},{"created_at": "Mon Apr 27 17:56:25 +0000 2015"},{"created_at": "Mon Apr 27 17:56:23 +0000 2015"},{"created_at": "Mon Apr 27 17:56:23 +0000 2015"},{"created_at": "Mon Apr 27 17:56:22 +0000 2015"},{"created_at": "Mon Apr 27 17:56:21 +0000 2015"},{"created_at": "Mon Apr 27 17:56:21 +0000 2015"},{"created_at": "Mon Apr 27 17:56:21 +0000 2015"},{"created_at": "Mon Apr 27 17:56:20 +0000 2015"},{"created_at": "Mon Apr 27 17:56:18 +0000 2015"},{"created_at": "Mon Apr 27 17:56:17 +0000 2015"},{"created_at": "Mon Apr 27 17:56:34 +0000 2015"},{"created_at": "Mon Apr 27 17:56:33 +0000 2015"},{"created_at": "Mon Apr 27 17:56:32 +0000 2015"},{"created_at": "Mon Apr 27 17:56:28 +0000 2015"},{"created_at": "Mon Apr 27 17:56:27 +0000 2015"},{"created_at": "Mon Apr 27 17:56:25 +0000 2015"},{"created_at": "Mon Apr 27 17:56:25 +0000 2015"},{"created_at": "Mon Apr 27 17:56:23 +0000 2015"},{"created_at": "Mon Apr 27 17:56:23 +0000 2015"},{"created_at": "Mon Apr 27 17:56:22 +0000 2015"},{"created_at": "Mon Apr 27 17:56:21 +0000 2015"},{"created_at": "Mon Apr 27 17:56:21 +0000 2015"},{"created_at": "Mon Apr 27 17:56:21 +0000 2015"},{"created_at": "Mon Apr 27 17:56:20 +0000 2015"},{"created_at": "Mon Apr 27 17:56:18 +0000 2015"},{"created_at": "Mon Apr 27 17:56:36 +0000 2015"},{"created_at": "Mon Apr 27 17:56:36 +0000 2015"},{"created_at": "Mon Apr 27 17:56:36 +0000 2015"},{"created_at": "Mon Apr 27 17:56:34 +0000 2015"},{"created_at": "Mon Apr 27 17:56:33 +0000 2015"},{"created_at": "Mon Apr 27 17:56:32 +0000 2015"},{"created_at": "Mon Apr 27 17:56:28 +0000 2015"},{"created_at": "Mon Apr 27 17:56:27 +0000 2015"},{"created_at": "Mon Apr 27 17:56:25 +0000 2015"},{"created_at": "Mon Apr 27 17:56:25 +0000 2015"},{"created_at": "Mon Apr 27 17:56:23 +0000 2015"},{"created_at": "Mon Apr 27 17:56:23 +0000 2015"},{"created_at": "Mon Apr 27 17:56:22 +0000 2015"},{"created_at": "Mon Apr 27 17:56:21 +0000 2015"},{"created_at": "Mon Apr 27 17:56:21 +0000 2015"},{"created_at": "Mon Apr 27 17:56:37 +0000 2015"},{"created_at": "Mon Apr 27 17:56:36 +0000 2015"},{"created_at": "Mon Apr 27 17:56:36 +0000 2015"},{"created_at": "Mon Apr 27 17:56:36 +0000 2015"},{"created_at": "Mon Apr 27 17:56:34 +0000 2015"},{"created_at": "Mon Apr 27 17:56:33 +0000 2015"},{"created_at": "Mon Apr 27 17:56:32 +0000 2015"},{"created_at": "Mon Apr 27 17:56:28 +0000 2015"},{"created_at": "Mon Apr 27 17:56:27 +0000 2015"},{"created_at": "Mon Apr 27 17:56:25 +0000 2015"},{"created_at": "Mon Apr 27 17:56:25 +0000 2015"},{"created_at": "Mon Apr 27 17:56:23 +0000 2015"},{"created_at": "Mon Apr 27 17:56:23 +0000 2015"},{"created_at": "Mon Apr 27 17:56:22 +0000 2015"},{"created_at": "Mon Apr 27 17:56:21 +0000 2015"},{"created_at": "Mon Apr 27 17:56:40 +0000 2015"},{"created_at": "Mon Apr 27 17:56:37 +0000 2015"},{"created_at": "Mon Apr 27 17:56:36 +0000 2015"},{"created_at": "Mon Apr 27 17:56:36 +0000 2015"},{"created_at": "Mon Apr 27 17:56:36 +0000 2015"},{"created_at": "Mon Apr 27 17:56:34 +0000 2015"},{"created_at": "Mon Apr 27 17:56:33 +0000 2015"},{"created_at": "Mon Apr 27 17:56:32 +0000 2015"},{"created_at": "Mon Apr 27 17:56:28 +0000 2015"},{"created_at": "Mon Apr 27 17:56:27 +0000 2015"},{"created_at": "Mon Apr 27 17:56:25 +0000 2015"},{"created_at": "Mon Apr 27 17:56:25 +0000 2015"},{"created_at": "Mon Apr 27 17:56:23 +0000 2015"},{"created_at": "Mon Apr 27 17:56:23 +0000 2015"},{"created_at": "Mon Apr 27 17:56:22 +0000 2015"},{"created_at": "Mon Apr 27 17:56:44 +0000 2015"},{"created_at": "Mon Apr 27 17:56:44 +0000 2015"},{"created_at": "Mon Apr 27 17:56:40 +0000 2015"},{"created_at": "Mon Apr 27 17:56:37 +0000 2015"},{"created_at": "Mon Apr 27 17:56:36 +0000 2015"},{"created_at": "Mon Apr 27 17:56:36 +0000 2015"},{"created_at": "Mon Apr 27 17:56:36 +0000 2015"},{"created_at": "Mon Apr 27 17:56:34 +0000 2015"},{"created_at": "Mon Apr 27 17:56:33 +0000 2015"},{"created_at": "Mon Apr 27 17:56:32 +0000 2015"},{"created_at": "Mon Apr 27 17:56:28 +0000 2015"},{"created_at": "Mon Apr 27 17:56:27 +0000 2015"},{"created_at": "Mon Apr 27 17:56:25 +0000 2015"},{"created_at": "Mon Apr 27 17:56:25 +0000 2015"},{"created_at": "Mon Apr 27 17:56:23 +0000 2015"},{"created_at": "Mon Apr 27 17:56:47 +0000 2015"},{"created_at": "Mon Apr 27 17:56:47 +0000 2015"},{"created_at": "Mon Apr 27 17:56:46 +0000 2015"},{"created_at": "Mon Apr 27 17:56:44 +0000 2015"},{"created_at": "Mon Apr 27 17:56:44 +0000 2015"},{"created_at": "Mon Apr 27 17:56:40 +0000 2015"},{"created_at": "Mon Apr 27 17:56:37 +0000 2015"},{"created_at": "Mon Apr 27 17:56:36 +0000 2015"},{"created_at": "Mon Apr 27 17:56:36 +0000 2015"},{"created_at": "Mon Apr 27 17:56:36 +0000 2015"},{"created_at": "Mon Apr 27 17:56:34 +0000 2015"},{"created_at": "Mon Apr 27 17:56:33 +0000 2015"},{"created_at": "Mon Apr 27 17:56:32 +0000 2015"},{"created_at": "Mon Apr 27 17:56:28 +0000 2015"},{"created_at": "Mon Apr 27 17:56:27 +0000 2015"},{"created_at": "Mon Apr 27 17:56:49 +0000 2015"},{"created_at": "Mon Apr 27 17:56:48 +0000 2015"},{"created_at": "Mon Apr 27 17:56:48 +0000 2015"},{"created_at": "Mon Apr 27 17:56:48 +0000 2015"},{"created_at": "Mon Apr 27 17:56:47 +0000 2015"},{"created_at": "Mon Apr 27 17:56:47 +0000 2015"},{"created_at": "Mon Apr 27 17:56:46 +0000 2015"},{"created_at": "Mon Apr 27 17:56:44 +0000 2015"},{"created_at": "Mon Apr 27 17:56:44 +0000 2015"},{"created_at": "Mon Apr 27 17:56:40 +0000 2015"},{"created_at": "Mon Apr 27 17:56:37 +0000 2015"},{"created_at": "Mon Apr 27 17:56:36 +0000 2015"},{"created_at": "Mon Apr 27 17:56:36 +0000 2015"},{"created_at": "Mon Apr 27 17:56:36 +0000 2015"},{"created_at": "Mon Apr 27 17:56:34 +0000 2015"},{"created_at": "Mon Apr 27 17:56:52 +0000 2015"},{"created_at": "Mon Apr 27 17:56:52 +0000 2015"},{"created_at": "Mon Apr 27 17:56:51 +0000 2015"},{"created_at": "Mon Apr 27 17:56:51 +0000 2015"},{"created_at": "Mon Apr 27 17:56:51 +0000 2015"},{"created_at": "Mon Apr 27 17:56:49 +0000 2015"},{"created_at": "Mon Apr 27 17:56:48 +0000 2015"},{"created_at": "Mon Apr 27 17:56:48 +0000 2015"},{"created_at": "Mon Apr 27 17:56:48 +0000 2015"},{"created_at": "Mon Apr 27 17:56:47 +0000 2015"},{"created_at": "Mon Apr 27 17:56:47 +0000 2015"},{"created_at": "Mon Apr 27 17:56:46 +0000 2015"},{"created_at": "Mon Apr 27 17:56:44 +0000 2015"},{"created_at": "Mon Apr 27 17:56:44 +0000 2015"},{"created_at": "Mon Apr 27 17:56:40 +0000 2015"},{"created_at": "Mon Apr 27 17:56:54 +0000 2015"},{"created_at": "Mon Apr 27 17:56:53 +0000 2015"},{"created_at": "Mon Apr 27 17:56:52 +0000 2015"},{"created_at": "Mon Apr 27 17:56:52 +0000 2015"},{"created_at": "Mon Apr 27 17:56:51 +0000 2015"},{"created_at": "Mon Apr 27 17:56:51 +0000 2015"},{"created_at": "Mon Apr 27 17:56:51 +0000 2015"},{"created_at": "Mon Apr 27 17:56:49 +0000 2015"},{"created_at": "Mon Apr 27 17:56:48 +0000 2015"},{"created_at": "Mon Apr 27 17:56:48 +0000 2015"},{"created_at": "Mon Apr 27 17:56:48 +0000 2015"},{"created_at": "Mon Apr 27 17:56:47 +0000 2015"},{"created_at": "Mon Apr 27 17:56:47 +0000 2015"},{"created_at": "Mon Apr 27 17:56:46 +0000 2015"},{"created_at": "Mon Apr 27 17:56:44 +0000 2015"},{"created_at": "Mon Apr 27 17:56:56 +0000 2015"},{"created_at": "Mon Apr 27 17:56:54 +0000 2015"},{"created_at": "Mon Apr 27 17:56:53 +0000 2015"},{"created_at": "Mon Apr 27 17:56:52 +0000 2015"},{"created_at": "Mon Apr 27 17:56:52 +0000 2015"},{"created_at": "Mon Apr 27 17:56:51 +0000 2015"},{"created_at": "Mon Apr 27 17:56:51 +0000 2015"},{"created_at": "Mon Apr 27 17:56:51 +0000 2015"},{"created_at": "Mon Apr 27 17:56:49 +0000 2015"},{"created_at": "Mon Apr 27 17:56:48 +0000 2015"},{"created_at": "Mon Apr 27 17:56:48 +0000 2015"},{"created_at": "Mon Apr 27 17:56:48 +0000 2015"},{"created_at": "Mon Apr 27 17:56:47 +0000 2015"},{"created_at": "Mon Apr 27 17:56:47 +0000 2015"},{"created_at": "Mon Apr 27 17:56:46 +0000 2015"},{"created_at": "Mon Apr 27 17:57:01 +0000 2015"},{"created_at": "Mon Apr 27 17:57:01 +0000 2015"},{"created_at": "Mon Apr 27 17:56:59 +0000 2015"},{"created_at": "Mon Apr 27 17:56:58 +0000 2015"},{"created_at": "Mon Apr 27 17:56:56 +0000 2015"},{"created_at": "Mon Apr 27 17:56:54 +0000 2015"},{"created_at": "Mon Apr 27 17:56:53 +0000 2015"},{"created_at": "Mon Apr 27 17:56:52 +0000 2015"},{"created_at": "Mon Apr 27 17:56:52 +0000 2015"},{"created_at": "Mon Apr 27 17:56:51 +0000 2015"},{"created_at": "Mon Apr 27 17:56:51 +0000 2015"},{"created_at": "Mon Apr 27 17:56:51 +0000 2015"},{"created_at": "Mon Apr 27 17:56:49 +0000 2015"},{"created_at": "Mon Apr 27 17:56:48 +0000 2015"},{"created_at": "Mon Apr 27 17:56:48 +0000 2015"},{"created_at": "Mon Apr 27 17:57:03 +0000 2015"},{"created_at": "Mon Apr 27 17:57:02 +0000 2015"},{"created_at": "Mon Apr 27 17:57:01 +0000 2015"},{"created_at": "Mon Apr 27 17:57:01 +0000 2015"},{"created_at": "Mon Apr 27 17:56:59 +0000 2015"},{"created_at": "Mon Apr 27 17:56:58 +0000 2015"},{"created_at": "Mon Apr 27 17:56:56 +0000 2015"},{"created_at": "Mon Apr 27 17:56:54 +0000 2015"},{"created_at": "Mon Apr 27 17:56:53 +0000 2015"},{"created_at": "Mon Apr 27 17:56:52 +0000 2015"},{"created_at": "Mon Apr 27 17:56:52 +0000 2015"},{"created_at": "Mon Apr 27 17:56:51 +0000 2015"},{"created_at": "Mon Apr 27 17:56:51 +0000 2015"},{"created_at": "Mon Apr 27 17:56:51 +0000 2015"},{"created_at": "Mon Apr 27 17:56:49 +0000 2015"},{"created_at": "Mon Apr 27 17:57:05 +0000 2015"},{"created_at": "Mon Apr 27 17:57:05 +0000 2015"},{"created_at": "Mon Apr 27 17:57:04 +0000 2015"},{"created_at": "Mon Apr 27 17:57:03 +0000 2015"},{"created_at": "Mon Apr 27 17:57:02 +0000 2015"},{"created_at": "Mon Apr 27 17:57:01 +0000 2015"},{"created_at": "Mon Apr 27 17:57:01 +0000 2015"},{"created_at": "Mon Apr 27 17:56:59 +0000 2015"},{"created_at": "Mon Apr 27 17:56:58 +0000 2015"},{"created_at": "Mon Apr 27 17:56:56 +0000 2015"},{"created_at": "Mon Apr 27 17:56:54 +0000 2015"},{"created_at": "Mon Apr 27 17:56:53 +0000 2015"},{"created_at": "Mon Apr 27 17:56:52 +0000 2015"},{"created_at": "Mon Apr 27 17:56:52 +0000 2015"},{"created_at": "Mon Apr 27 17:56:51 +0000 2015"},{"created_at": "Mon Apr 27 17:57:08 +0000 2015"},{"created_at": "Mon Apr 27 17:57:08 +0000 2015"},{"created_at": "Mon Apr 27 17:57:07 +0000 2015"},{"created_at": "Mon Apr 27 17:57:06 +0000 2015"},{"created_at": "Mon Apr 27 17:57:05 +0000 2015"},{"created_at": "Mon Apr 27 17:57:05 +0000 2015"},{"created_at": "Mon Apr 27 17:57:04 +0000 2015"},{"created_at": "Mon Apr 27 17:57:03 +0000 2015"},{"created_at": "Mon Apr 27 17:57:02 +0000 2015"},{"created_at": "Mon Apr 27 17:57:01 +0000 2015"},{"created_at": "Mon Apr 27 17:57:01 +0000 2015"},{"created_at": "Mon Apr 27 17:56:59 +0000 2015"},{"created_at": "Mon Apr 27 17:56:58 +0000 2015"},{"created_at": "Mon Apr 27 17:56:56 +0000 2015"},{"created_at": "Mon Apr 27 17:56:54 +0000 2015"},{"created_at": "Mon Apr 27 17:57:11 +0000 2015"},{"created_at": "Mon Apr 27 17:57:11 +0000 2015"},{"created_at": "Mon Apr 27 17:57:10 +0000 2015"},{"created_at": "Mon Apr 27 17:57:10 +0000 2015"},{"created_at": "Mon Apr 27 17:57:09 +0000 2015"},{"created_at": "Mon Apr 27 17:57:08 +0000 2015"},{"created_at": "Mon Apr 27 17:57:08 +0000 2015"},{"created_at": "Mon Apr 27 17:57:07 +0000 2015"},{"created_at": "Mon Apr 27 17:57:06 +0000 2015"},{"created_at": "Mon Apr 27 17:57:05 +0000 2015"},{"created_at": "Mon Apr 27 17:57:05 +0000 2015"},{"created_at": "Mon Apr 27 17:57:04 +0000 2015"},{"created_at": "Mon Apr 27 17:57:03 +0000 2015"},{"created_at": "Mon Apr 27 17:57:02 +0000 2015"},{"created_at": "Mon Apr 27 17:57:01 +0000 2015"}]{"created_at": "Mon Apr 27 17:55:31 +0000 2015"}{"created_at": "Mon Apr 27 17:55:29 +0000 2015"}{"created_at": "Mon Apr 27 17:55:28 +0000 2015"}{"created_at": "Mon Apr 27 17:55:28 +0000 2015"}{"created_at": "Mon Apr 27 17:55:28 +0000 2015"}{"created_at": "Mon Apr 27 17:55:25 +0000 2015"}{"created_at": "Mon Apr 27 17:55:25 +0000 2015"}{"created_at": "Mon Apr 27 17:55:23 +0000 2015"}{"created_at": "Mon Apr 27 17:55:22 +0000 2015"}{"created_at": "Mon Apr 27 17:55:20 +0000 2015"}{"created_at": "Mon Apr 27 17:55:19 +0000 2015"}{"created_at": "Mon Apr 27 17:55:19 +0000 2015"}{"created_at": "Mon Apr 27 17:55:18 +0000 2015"}{"created_at": "Mon Apr 27 17:55:18 +0000 2015"}{"created_at": "Mon Apr 27 17:55:16 +0000 2015"}{"created_at": "Mon Apr 27 17:55:34 +0000 2015"}{"created_at": "Mon Apr 27 17:55:33 +0000 2015"}{"created_at": "Mon Apr 27 17:55:33 +0000 2015"}{"created_at": "Mon Apr 27 17:55:31 +0000 2015"}{"created_at": "Mon Apr 27 17:55:29 +0000 2015"}{"created_at": "Mon Apr 27 17:55:28 +0000 2015"}{"created_at": "Mon Apr 27 17:55:28 +0000 2015"}{"created_at": "Mon Apr 27 17:55:28 +0000 2015"}{"created_at": "Mon Apr 27 17:55:25 +0000 2015"}{"created_at": "Mon Apr 27 17:55:25 +0000 2015"}{"created_at": "Mon Apr 27 17:55:23 +0000 2015"}{"created_at": "Mon Apr 27 17:55:22 +0000 2015"}{"created_at": "Mon Apr 27 17:55:20 +0000 2015"}{"created_at": "Mon Apr 27 17:55:19 +0000 2015"}{"created_at": "Mon Apr 27 17:55:19 +0000 2015"}{"created_at": "Mon Apr 27 17:55:38 +0000 2015"}{"created_at": "Mon Apr 27 17:55:36 +0000 2015"}{"created_at": "Mon Apr 27 17:55:34 +0000 2015"}{"created_at": "Mon Apr 27 17:55:33 +0000 2015"}{"created_at": "Mon Apr 27 17:55:33 +0000 2015"}{"created_at": "Mon Apr 27 17:55:31 +0000 2015"}{"created_at": "Mon Apr 27 17:55:29 +0000 2015"}{"created_at": "Mon Apr 27 17:55:28 +0000 2015"}{"created_at": "Mon Apr 27 17:55:28 +0000 2015"}{"created_at": "Mon Apr 27 17:55:28 +0000 2015"}{"created_at": "Mon Apr 27 17:55:25 +0000 2015"}{"created_at": "Mon Apr 27 17:55:25 +0000 2015"}{"created_at": "Mon Apr 27 17:55:23 +0000 2015"}{"created_at": "Mon Apr 27 17:55:22 +0000 2015"}{"created_at": "Mon Apr 27 17:55:20 +0000 2015"}{"created_at": "Mon Apr 27 17:55:40 +0000 2015"}{"created_at": "Mon Apr 27 17:55:39 +0000 2015"}{"created_at": "Mon Apr 27 17:55:38 +0000 2015"}{"created_at": "Mon Apr 27 17:55:36 +0000 2015"}{"created_at": "Mon Apr 27 17:55:34 +0000 2015"}{"created_at": "Mon Apr 27 17:55:33 +0000 2015"}{"created_at": "Mon Apr 27 17:55:33 +0000 2015"}{"created_at": "Mon Apr 27 17:55:31 +0000 2015"}{"created_at": "Mon Apr 27 17:55:29 +0000 2015"}{"created_at": "Mon Apr 27 17:55:28 +0000 2015"}{"created_at": "Mon Apr 27 17:55:28 +0000 2015"}{"created_at": "Mon Apr 27 17:55:28 +0000 2015"}{"created_at": "Mon Apr 27 17:55:25 +0000 2015"}{"created_at": "Mon Apr 27 17:55:25 +0000 2015"}{"created_at": "Mon Apr 27 17:55:23 +0000 2015"}{"created_at": "Mon Apr 27 17:55:42 +0000 2015"}{"created_at": "Mon Apr 27 17:55:40 +0000 2015"}{"created_at": "Mon Apr 27 17:55:39 +0000 2015"}{"created_at": "Mon Apr 27 17:55:38 +0000 2015"}{"created_at": "Mon Apr 27 17:55:36 +0000 2015"}{"created_at": "Mon Apr 27 17:55:34 +0000 2015"}{"created_at": "Mon Apr 27 17:55:33 +0000 2015"}{"created_at": "Mon Apr 27 17:55:33 +0000 2015"}{"created_at": "Mon Apr 27 17:55:31 +0000 2015"}{"created_at": "Mon Apr 27 17:55:29 +0000 2015"}{"created_at": "Mon Apr 27 17:55:28 +0000 2015"}{"created_at": "Mon Apr 27 17:55:28 +0000 2015"}{"created_at": "Mon Apr 27 17:55:28 +0000 2015"}{"created_at": "Mon Apr 27 17:55:25 +0000 2015"}{"created_at": "Mon Apr 27 17:55:25 +0000 2015"}{"created_at": "Mon Apr 27 17:55:44 +0000 2015"}{"created_at": "Mon Apr 27 17:55:42 +0000 2015"}{"created_at": "Mon Apr 27 17:55:40 +0000 2015"}{"created_at": "Mon Apr 27 17:55:39 +0000 2015"}{"created_at": "Mon Apr 27 17:55:38 +0000 2015"}{"created_at": "Mon Apr 27 17:55:36 +0000 2015"}{"created_at": "Mon Apr 27 17:55:34 +0000 2015"}{"created_at": "Mon Apr 27 17:55:33 +0000 2015"}{"created_at": "Mon Apr 27 17:55:33 +0000 2015"}{"created_at": "Mon Apr 27 17:55:31 +0000 2015"}{"created_at": "Mon Apr 27 17:55:29 +0000 2015"}{"created_at": "Mon Apr 27 17:55:28 +0000 2015"}{"created_at": "Mon Apr 27 17:55:28 +0000 2015"}{"created_at": "Mon Apr 27 17:55:28 +0000 2015"}{"created_at": "Mon Apr 27 17:55:25 +0000 2015"}{"created_at": "Mon Apr 27 17:55:46 +0000 2015"}{"created_at": "Mon Apr 27 17:55:46 +0000 2015"}{"created_at": "Mon Apr 27 17:55:44 +0000 2015"}{"created_at": "Mon Apr 27 17:55:42 +0000 2015"}{"created_at": "Mon Apr 27 17:55:40 +0000 2015"}{"created_at": "Mon Apr 27 17:55:39 +0000 2015"}{"created_at": "Mon Apr 27 17:55:38 +0000 2015"}{"created_at": "Mon Apr 27 17:55:36 +0000 2015"}{"created_at": "Mon Apr 27 17:55:34 +0000 2015"}{"created_at": "Mon Apr 27 17:55:33 +0000 2015"}{"created_at": "Mon Apr 27 17:55:33 +0000 2015"}{"created_at": "Mon Apr 27 17:55:31 +0000 2015"}{"created_at": "Mon Apr 27 17:55:29 +0000 2015"}{"created_at": "Mon Apr 27 17:55:28 +0000 2015"}{"created_at": "Mon Apr 27 17:55:28 +0000 2015"}{"created_at": "Mon Apr 27 17:55:50 +0000 2015"}{"created_at": "Mon Apr 27 17:55:49 +0000 2015"}{"created_at": "Mon Apr 27 17:55:49 +0000 2015"}{"created_at": "Mon Apr 27 17:55:46 +0000 2015"}{"created_at": "Mon Apr 27 17:55:46 +0000 2015"}{"created_at": "Mon Apr 27 17:55:44 +0000 2015"}{"created_at": "Mon Apr 27 17:55:42 +0000 2015"}{"created_at": "Mon Apr 27 17:55:40 +0000 2015"}{"created_at": "Mon Apr 27 17:55:39 +0000 2015"}{"created_at": "Mon Apr 27 17:55:38 +0000 2015"}{"created_at": "Mon Apr 27 17:55:36 +0000 2015"}{"created_at": "Mon Apr 27 17:55:34 +0000 2015"}{"created_at": "Mon Apr 27 17:55:33 +0000 2015"}{"created_at": "Mon Apr 27 17:55:33 +0000 2015"}{"created_at": "Mon Apr 27 17:55:31 +0000 2015"}{"created_at": "Mon Apr 27 17:55:53 +0000 2015"}{"created_at": "Mon Apr 27 17:55:53 +0000 2015"}{"created_at": "Mon Apr 27 17:55:52 +0000 2015"}{"created_at": "Mon Apr 27 17:55:52 +0000 2015"}{"created_at": "Mon Apr 27 17:55:50 +0000 2015"}{"created_at": "Mon Apr 27 17:55:49 +0000 2015"}{"created_at": "Mon Apr 27 17:55:49 +0000 2015"}{"created_at": "Mon Apr 27 17:55:46 +0000 2015"}{"created_at": "Mon Apr 27 17:55:46 +0000 2015"}{"created_at": "Mon Apr 27 17:55:44 +0000 2015"}{"created_at": "Mon Apr 27 17:55:42 +0000 2015"}{"created_at": "Mon Apr 27 17:55:40 +0000 2015"}{"created_at": "Mon Apr 27 17:55:39 +0000 2015"}{"created_at": "Mon Apr 27 17:55:38 +0000 2015"}{"created_at": "Mon Apr 27 17:55:36 +0000 2015"}{"created_at": "Mon Apr 27 17:55:56 +0000 2015"}{"created_at": "Mon Apr 27 17:55:55 +0000 2015"}{"created_at": "Mon Apr 27 17:55:55 +0000 2015"}{"created_at": "Mon Apr 27 17:55:54 +0000 2015"}{"created_at": "Mon Apr 27 17:55:53 +0000 2015"}{"created_at": "Mon Apr 27 17:55:53 +0000 2015"}{"created_at": "Mon Apr 27 17:55:52 +0000 2015"}{"created_at": "Mon Apr 27 17:55:52 +0000 2015"}{"created_at": "Mon Apr 27 17:55:50 +0000 2015"}{"created_at": "Mon Apr 27 17:55:49 +0000 2015"}{"created_at": "Mon Apr 27 17:55:49 +0000 2015"}{"created_at": "Mon Apr 27 17:55:46 +0000 2015"}{"created_at": "Mon Apr 27 17:55:46 +0000 2015"}{"created_at": "Mon Apr 27 17:55:44 +0000 2015"}{"created_at": "Mon Apr 27 17:55:42 +0000 2015"}{"created_at": "Mon Apr 27 17:55:59 +0000 2015"}{"created_at": "Mon Apr 27 17:55:59 +0000 2015"}{"created_at": "Mon Apr 27 17:55:58 +0000 2015"}{"created_at": "Mon Apr 27 17:55:58 +0000 2015"}{"created_at": "Mon Apr 27 17:55:58 +0000 2015"}{"created_at": "Mon Apr 27 17:55:57 +0000 2015"}{"created_at": "Mon Apr 27 17:55:57 +0000 2015"}{"created_at": "Mon Apr 27 17:55:56 +0000 2015"}{"created_at": "Mon Apr 27 17:55:55 +0000 2015"}{"created_at": "Mon Apr 27 17:55:55 +0000 2015"}{"created_at": "Mon Apr 27 17:55:54 +0000 2015"}{"created_at": "Mon Apr 27 17:55:53 +0000 2015"}{"created_at": "Mon Apr 27 17:55:53 +0000 2015"}{"created_at": "Mon Apr 27 17:55:52 +0000 2015"}{"created_at": "Mon Apr 27 17:55:52 +0000 2015"}{"created_at": "Mon Apr 27 17:56:02 +0000 2015"}{"created_at": "Mon Apr 27 17:56:01 +0000 2015"}{"created_at": "Mon Apr 27 17:56:00 +0000 2015"}{"created_at": "Mon Apr 27 17:56:00 +0000 2015"}{"created_at": "Mon Apr 27 17:55:59 +0000 2015"}{"created_at": "Mon Apr 27 17:55:59 +0000 2015"}{"created_at": "Mon Apr 27 17:55:59 +0000 2015"}{"created_at": "Mon Apr 27 17:55:59 +0000 2015"}{"created_at": "Mon Apr 27 17:55:58 +0000 2015"}{"created_at": "Mon Apr 27 17:55:58 +0000 2015"}{"created_at": "Mon Apr 27 17:55:58 +0000 2015"}{"created_at": "Mon Apr 27 17:55:57 +0000 2015"}{"created_at": "Mon Apr 27 17:55:57 +0000 2015"}{"created_at": "Mon Apr 27 17:55:56 +0000 2015"}{"created_at": "Mon Apr 27 17:55:55 +0000 2015"}{"created_at": "Mon Apr 27 17:56:04 +0000 2015"}{"created_at": "Mon Apr 27 17:56:03 +0000 2015"}{"created_at": "Mon Apr 27 17:56:03 +0000 2015"}{"created_at": "Mon Apr 27 17:56:03 +0000 2015"}{"created_at": "Mon Apr 27 17:56:02 +0000 2015"}{"created_at": "Mon Apr 27 17:56:01 +0000 2015"}{"created_at": "Mon Apr 27 17:56:00 +0000 2015"}{"created_at": "Mon Apr 27 17:56:00 +0000 2015"}{"created_at": "Mon Apr 27 17:55:59 +0000 2015"}{"created_at": "Mon Apr 27 17:55:59 +0000 2015"}{"created_at": "Mon Apr 27 17:55:59 +0000 2015"}{"created_at": "Mon Apr 27 17:55:59 +0000 2015"}{"created_at": "Mon Apr 27 17:55:58 +0000 2015"}{"created_at": "Mon Apr 27 17:55:58 +0000 2015"}{"created_at": "Mon Apr 27 17:55:58 +0000 2015"}{"created_at": "Mon Apr 27 17:56:07 +0000 2015"}{"created_at": "Mon Apr 27 17:56:06 +0000 2015"}{"created_at": "Mon Apr 27 17:56:05 +0000 2015"}{"created_at": "Mon Apr 27 17:56:04 +0000 2015"}{"created_at": "Mon Apr 27 17:56:03 +0000 2015"}{"created_at": "Mon Apr 27 17:56:03 +0000 2015"}{"created_at": "Mon Apr 27 17:56:03 +0000 2015"}{"created_at": "Mon Apr 27 17:56:02 +0000 2015"}{"created_at": "Mon Apr 27 17:56:01 +0000 2015"}{"created_at": "Mon Apr 27 17:56:00 +0000 2015"}{"created_at": "Mon Apr 27 17:56:00 +0000 2015"}{"created_at": "Mon Apr 27 17:55:59 +0000 2015"}{"created_at": "Mon Apr 27 17:55:59 +0000 2015"}{"created_at": "Mon Apr 27 17:55:59 +0000 2015"}{"created_at": "Mon Apr 27 17:55:59 +0000 2015"}{"created_at": "Mon Apr 27 17:56:09 +0000 2015"}{"created_at": "Mon Apr 27 17:56:08 +0000 2015"}{"created_at": "Mon Apr 27 17:56:08 +0000 2015"}{"created_at": "Mon Apr 27 17:56:07 +0000 2015"}{"created_at": "Mon Apr 27 17:56:06 +0000 2015"}{"created_at": "Mon Apr 27 17:56:05 +0000 2015"}{"created_at": "Mon Apr 27 17:56:04 +0000 2015"}{"created_at": "Mon Apr 27 17:56:03 +0000 2015"}{"created_at": "Mon Apr 27 17:56:03 +0000 2015"}{"created_at": "Mon Apr 27 17:56:03 +0000 2015"}{"created_at": "Mon Apr 27 17:56:02 +0000 2015"}{"created_at": "Mon Apr 27 17:56:01 +0000 2015"}{"created_at": "Mon Apr 27 17:56:00 +0000 2015"}{"created_at": "Mon Apr 27 17:56:00 +0000 2015"}{"created_at": "Mon Apr 27 17:55:59 +0000 2015"}{"created_at": "Mon Apr 27 17:56:09 +0000 2015"}{"created_at": "Mon Apr 27 17:56:08 +0000 2015"}{"created_at": "Mon Apr 27 17:56:08 +0000 2015"}{"created_at": "Mon Apr 27 17:56:07 +0000 2015"}{"created_at": "Mon Apr 27 17:56:06 +0000 2015"}{"created_at": "Mon Apr 27 17:56:05 +0000 2015"}{"created_at": "Mon Apr 27 17:56:04 +0000 2015"}{"created_at": "Mon Apr 27 17:56:03 +0000 2015"}{"created_at": "Mon Apr 27 17:56:03 +0000 2015"}{"created_at": "Mon Apr 27 17:56:03 +0000 2015"}{"created_at": "Mon Apr 27 17:56:02 +0000 2015"}{"created_at": "Mon Apr 27 17:56:01 +0000 2015"}{"created_at": "Mon Apr 27 17:56:00 +0000 2015"}{"created_at": "Mon Apr 27 17:56:00 +0000 2015"}{"created_at": "Mon Apr 27 17:56:09 +0000 2015"}{"created_at": "Mon Apr 27 17:56:08 +0000 2015"}{"created_at": "Mon Apr 27 17:56:08 +0000 2015"}{"created_at": "Mon Apr 27 17:56:07 +0000 2015"}{"created_at": "Mon Apr 27 17:56:06 +0000 2015"}{"created_at": "Mon Apr 27 17:56:05 +0000 2015"}{"created_at": "Mon Apr 27 17:56:04 +0000 2015"}{"created_at": "Mon Apr 27 17:56:03 +0000 2015"}{"created_at": "Mon Apr 27 17:56:03 +0000 2015"}{"created_at": "Mon Apr 27 17:56:03 +0000 2015"}{"created_at": "Mon Apr 27 17:56:02 +0000 2015"}{"created_at": "Mon Apr 27 17:56:01 +0000 2015"}{"created_at": "Mon Apr 27 17:56:00 +0000 2015"}{"created_at": "Mon Apr 27 17:56:18 +0000 2015"}{"created_at": "Mon Apr 27 17:56:17 +0000 2015"}{"created_at": "Mon Apr 27 17:56:16 +0000 2015"}{"created_at": "Mon Apr 27 17:56:16 +0000 2015"}{"created_at": "Mon Apr 27 17:56:09 +0000 2015"}{"created_at": "Mon Apr 27 17:56:08 +0000 2015"}{"created_at": "Mon Apr 27 17:56:08 +0000 2015"}{"created_at": "Mon Apr 27 17:56:07 +0000 2015"}{"created_at": "Mon Apr 27 17:56:06 +0000 2015"}{"created_at": "Mon Apr 27 17:56:05 +0000 2015"}{"created_at": "Mon Apr 27 17:56:04 +0000 2015"}{"created_at": "Mon Apr 27 17:56:03 +0000 2015"}{"created_at": "Mon Apr 27 17:56:03 +0000 2015"}{"created_at": "Mon Apr 27 17:56:03 +0000 2015"}{"created_at": "Mon Apr 27 17:56:02 +0000 2015"}{"created_at": "Mon Apr 27 17:56:21 +0000 2015"}{"created_at": "Mon Apr 27 17:56:21 +0000 2015"}{"created_at": "Mon Apr 27 17:56:21 +0000 2015"}{"created_at": "Mon Apr 27 17:56:20 +0000 2015"}{"created_at": "Mon Apr 27 17:56:18 +0000 2015"}{"created_at": "Mon Apr 27 17:56:17 +0000 2015"}{"created_at": "Mon Apr 27 17:56:16 +0000 2015"}{"created_at": "Mon Apr 27 17:56:16 +0000 2015"}{"created_at": "Mon Apr 27 17:56:09 +0000 2015"}{"created_at": "Mon Apr 27 17:56:08 +0000 2015"}{"created_at": "Mon Apr 27 17:56:08 +0000 2015"}{"created_at": "Mon Apr 27 17:56:07 +0000 2015"}{"created_at": "Mon Apr 27 17:56:06 +0000 2015"}{"created_at": "Mon Apr 27 17:56:05 +0000 2015"}{"created_at": "Mon Apr 27 17:56:04 +0000 2015"}{"created_at": "Mon Apr 27 17:56:23 +0000 2015"}{"created_at": "Mon Apr 27 17:56:22 +0000 2015"}{"created_at": "Mon Apr 27 17:56:21 +0000 2015"}{"created_at": "Mon Apr 27 17:56:21 +0000 2015"}{"created_at": "Mon Apr 27 17:56:21 +0000 2015"}{"created_at": "Mon Apr 27 17:56:20 +0000 2015"}{"created_at": "Mon Apr 27 17:56:18 +0000 2015"}{"created_at": "Mon Apr 27 17:56:17 +0000 2015"}{"created_at": "Mon Apr 27 17:56:16 +0000 2015"}{"created_at": "Mon Apr 27 17:56:16 +0000 2015"}{"created_at": "Mon Apr 27 17:56:09 +0000 2015"}{"created_at": "Mon Apr 27 17:56:08 +0000 2015"}{"created_at": "Mon Apr 27 17:56:08 +0000 2015"}{"created_at": "Mon Apr 27 17:56:07 +0000 2015"}{"created_at": "Mon Apr 27 17:56:06 +0000 2015"}{"created_at": "Mon Apr 27 17:56:25 +0000 2015"}{"created_at": "Mon Apr 27 17:56:23 +0000 2015"}{"created_at": "Mon Apr 27 17:56:23 +0000 2015"}{"created_at": "Mon Apr 27 17:56:22 +0000 2015"}{"created_at": "Mon Apr 27 17:56:21 +0000 2015"}{"created_at": "Mon Apr 27 17:56:21 +0000 2015"}{"created_at": "Mon Apr 27 17:56:21 +0000 2015"}{"created_at": "Mon Apr 27 17:56:20 +0000 2015"}{"created_at": "Mon Apr 27 17:56:18 +0000 2015"}{"created_at": "Mon Apr 27 17:56:17 +0000 2015"}{"created_at": "Mon Apr 27 17:56:16 +0000 2015"}{"created_at": "Mon Apr 27 17:56:16 +0000 2015"}{"created_at": "Mon Apr 27 17:56:09 +0000 2015"}{"created_at": "Mon Apr 27 17:56:08 +0000 2015"}{"created_at": "Mon Apr 27 17:56:08 +0000 2015"}{"created_at": "Mon Apr 27 17:56:28 +0000 2015"}{"created_at": "Mon Apr 27 17:56:27 +0000 2015"}{"created_at": "Mon Apr 27 17:56:25 +0000 2015"}{"created_at": "Mon Apr 27 17:56:25 +0000 2015"}{"created_at": "Mon Apr 27 17:56:23 +0000 2015"}{"created_at": "Mon Apr 27 17:56:23 +0000 2015"}{"created_at": "Mon Apr 27 17:56:22 +0000 2015"}{"created_at": "Mon Apr 27 17:56:21 +0000 2015"}{"created_at": "Mon Apr 27 17:56:21 +0000 2015"}{"created_at": "Mon Apr 27 17:56:21 +0000 2015"}{"created_at": "Mon Apr 27 17:56:20 +0000 2015"}{"created_at": "Mon Apr 27 17:56:18 +0000 2015"}{"created_at": "Mon Apr 27 17:56:17 +0000 2015"}{"created_at": "Mon Apr 27 17:56:16 +0000 2015"}{"created_at": "Mon Apr 27 17:56:16 +0000 2015"}{"created_at": "Mon Apr 27 17:56:28 +0000 2015"}{"created_at": "Mon Apr 27 17:56:27 +0000 2015"}{"created_at": "Mon Apr 27 17:56:25 +0000 2015"}{"created_at": "Mon Apr 27 17:56:25 +0000 2015"}{"created_at": "Mon Apr 27 17:56:23 +0000 2015"}{"created_at": "Mon Apr 27 17:56:23 +0000 2015"}{"created_at": "Mon Apr 27 17:56:22 +0000 2015"}{"created_at": "Mon Apr 27 17:56:21 +0000 2015"}{"created_at": "Mon Apr 27 17:56:21 +0000 2015"}{"created_at": "Mon Apr 27 17:56:21 +0000 2015"}{"created_at": "Mon Apr 27 17:56:20 +0000 2015"}{"created_at": "Mon Apr 27 17:56:18 +0000 2015"}{"created_at": "Mon Apr 27 17:56:17 +0000 2015"}{"created_at": "Mon Apr 27 17:56:16 +0000 2015"}{"created_at": "Mon Apr 27 17:56:32 +0000 2015"}{"created_at": "Mon Apr 27 17:56:28 +0000 2015"}{"created_at": "Mon Apr 27 17:56:27 +0000 2015"}{"created_at": "Mon Apr 27 17:56:25 +0000 2015"}{"created_at": "Mon Apr 27 17:56:25 +0000 2015"}{"created_at": "Mon Apr 27 17:56:23 +0000 2015"}{"created_at": "Mon Apr 27 17:56:23 +0000 2015"}{"created_at": "Mon Apr 27 17:56:22 +0000 2015"}{"created_at": "Mon Apr 27 17:56:21 +0000 2015"}{"created_at": "Mon Apr 27 17:56:21 +0000 2015"}{"created_at": "Mon Apr 27 17:56:21 +0000 2015"}{"created_at": "Mon Apr 27 17:56:20 +0000 2015"}{"created_at": "Mon Apr 27 17:56:18 +0000 2015"}{"created_at": "Mon Apr 27 17:56:17 +0000 2015"}{"created_at": "Mon Apr 27 17:56:34 +0000 2015"}{"created_at": "Mon Apr 27 17:56:33 +0000 2015"}{"created_at": "Mon Apr 27 17:56:32 +0000 2015"}{"created_at": "Mon Apr 27 17:56:28 +0000 2015"}{"created_at": "Mon Apr 27 17:56:27 +0000 2015"}{"created_at": "Mon Apr 27 17:56:25 +0000 2015"}{"created_at": "Mon Apr 27 17:56:25 +0000 2015"}{"created_at": "Mon Apr 27 17:56:23 +0000 2015"}{"created_at": "Mon Apr 27 17:56:23 +0000 2015"}{"created_at": "Mon Apr 27 17:56:22 +0000 2015"}{"created_at": "Mon Apr 27 17:56:21 +0000 2015"}{"created_at": "Mon Apr 27 17:56:21 +0000 2015"}{"created_at": "Mon Apr 27 17:56:21 +0000 2015"}{"created_at": "Mon Apr 27 17:56:20 +0000 2015"}{"created_at": "Mon Apr 27 17:56:18 +0000 2015"}{"created_at": "Mon Apr 27 17:56:36 +0000 2015"}{"created_at": "Mon Apr 27 17:56:36 +0000 2015"}{"created_at": "Mon Apr 27 17:56:36 +0000 2015"}{"created_at": "Mon Apr 27 17:56:34 +0000 2015"}{"created_at": "Mon Apr 27 17:56:33 +0000 2015"}{"created_at": "Mon Apr 27 17:56:32 +0000 2015"}{"created_at": "Mon Apr 27 17:56:28 +0000 2015"}{"created_at": "Mon Apr 27 17:56:27 +0000 2015"}{"created_at": "Mon Apr 27 17:56:25 +0000 2015"}{"created_at": "Mon Apr 27 17:56:25 +0000 2015"}{"created_at": "Mon Apr 27 17:56:23 +0000 2015"}{"created_at": "Mon Apr 27 17:56:23 +0000 2015"}{"created_at": "Mon Apr 27 17:56:22 +0000 2015"}{"created_at": "Mon Apr 27 17:56:21 +0000 2015"}{"created_at": "Mon Apr 27 17:56:21 +0000 2015"}{"created_at": "Mon Apr 27 17:56:37 +0000 2015"}{"created_at": "Mon Apr 27 17:56:36 +0000 2015"}{"created_at": "Mon Apr 27 17:56:36 +0000 2015"}{"created_at": "Mon Apr 27 17:56:36 +0000 2015"}{"created_at": "Mon Apr 27 17:56:34 +0000 2015"}{"created_at": "Mon Apr 27 17:56:33 +0000 2015"}{"created_at": "Mon Apr 27 17:56:32 +0000 2015"}{"created_at": "Mon Apr 27 17:56:28 +0000 2015"}{"created_at": "Mon Apr 27 17:56:27 +0000 2015"}{"created_at": "Mon Apr 27 17:56:25 +0000 2015"}{"created_at": "Mon Apr 27 17:56:25 +0000 2015"}{"created_at": "Mon Apr 27 17:56:23 +0000 2015"}{"created_at": "Mon Apr 27 17:56:23 +0000 2015"}{"created_at": "Mon Apr 27 17:56:22 +0000 2015"}{"created_at": "Mon Apr 27 17:56:21 +0000 2015"}{"created_at": "Mon Apr 27 17:56:40 +0000 2015"}{"created_at": "Mon Apr 27 17:56:37 +0000 2015"}{"created_at": "Mon Apr 27 17:56:36 +0000 2015"}{"created_at": "Mon Apr 27 17:56:36 +0000 2015"}{"created_at": "Mon Apr 27 17:56:36 +0000 2015"}{"created_at": "Mon Apr 27 17:56:34 +0000 2015"}{"created_at": "Mon Apr 27 17:56:33 +0000 2015"}{"created_at": "Mon Apr 27 17:56:32 +0000 2015"}{"created_at": "Mon Apr 27 17:56:28 +0000 2015"}{"created_at": "Mon Apr 27 17:56:27 +0000 2015"}{"created_at": "Mon Apr 27 17:56:25 +0000 2015"}{"created_at": "Mon Apr 27 17:56:25 +0000 2015"}{"created_at": "Mon Apr 27 17:56:23 +0000 2015"}{"created_at": "Mon Apr 27 17:56:23 +0000 2015"}{"created_at": "Mon Apr 27 17:56:22 +0000 2015"}{"created_at": "Mon Apr 27 17:56:44 +0000 2015"}{"created_at": "Mon Apr 27 17:56:44 +0000 2015"}{"created_at": "Mon Apr 27 17:56:40 +0000 2015"}{"created_at": "Mon Apr 27 17:56:37 +0000 2015"}{"created_at": "Mon Apr 27 17:56:36 +0000 2015"}{"created_at": "Mon Apr 27 17:56:36 +0000 2015"}{"created_at": "Mon Apr 27 17:56:36 +0000 2015"}{"created_at": "Mon Apr 27 17:56:34 +0000 2015"}{"created_at": "Mon Apr 27 17:56:33 +0000 2015"}{"created_at": "Mon Apr 27 17:56:32 +0000 2015"}{"created_at": "Mon Apr 27 17:56:28 +0000 2015"}{"created_at": "Mon Apr 27 17:56:27 +0000 2015"}{"created_at": "Mon Apr 27 17:56:25 +0000 2015"}{"created_at": "Mon Apr 27 17:56:25 +0000 2015"}{"created_at": "Mon Apr 27 17:56:23 +0000 2015"}{"created_at": "Mon Apr 27 17:56:47 +0000 2015"}{"created_at": "Mon Apr 27 17:56:47 +0000 2015"}{"created_at": "Mon Apr 27 17:56:46 +0000 2015"}{"created_at": "Mon Apr 27 17:56:44 +0000 2015"}{"created_at": "Mon Apr 27 17:56:44 +0000 2015"}{"created_at": "Mon Apr 27 17:56:40 +0000 2015"}{"created_at": "Mon Apr 27 17:56:37 +0000 2015"}{"created_at": "Mon Apr 27 17:56:36 +0000 2015"}{"created_at": "Mon Apr 27 17:56:36 +0000 2015"}{"created_at": "Mon Apr 27 17:56:36 +0000 2015"}{"created_at": "Mon Apr 27 17:56:34 +0000 2015"}{"created_at": "Mon Apr 27 17:56:33 +0000 2015"}{"created_at": "Mon Apr 27 17:56:32 +0000 2015"}{"created_at": "Mon Apr 27 17:56:28 +0000 2015"}{"created_at": "Mon Apr 27 17:56:27 +0000 2015"}{"created_at": "Mon Apr 27 17:56:49 +0000 2015"}{"created_at": "Mon Apr 27 17:56:48 +0000 2015"}{"created_at": "Mon Apr 27 17:56:48 +0000 2015"}{"created_at": "Mon Apr 27 17:56:48 +0000 2015"}{"created_at": "Mon Apr 27 17:56:47 +0000 2015"}{"created_at": "Mon Apr 27 17:56:47 +0000 2015"}{"created_at": "Mon Apr 27 17:56:46 +0000 2015"}{"created_at": "Mon Apr 27 17:56:44 +0000 2015"}{"created_at": "Mon Apr 27 17:56:44 +0000 2015"}{"created_at": "Mon Apr 27 17:56:40 +0000 2015"}{"created_at": "Mon Apr 27 17:56:37 +0000 2015"}{"created_at": "Mon Apr 27 17:56:36 +0000 2015"}{"created_at": "Mon Apr 27 17:56:36 +0000 2015"}{"created_at": "Mon Apr 27 17:56:36 +0000 2015"}{"created_at": "Mon Apr 27 17:56:34 +0000 2015"}{"created_at": "Mon Apr 27 17:56:52 +0000 2015"}{"created_at": "Mon Apr 27 17:56:52 +0000 2015"}{"created_at": "Mon Apr 27 17:56:51 +0000 2015"}{"created_at": "Mon Apr 27 17:56:51 +0000 2015"}{"created_at": "Mon Apr 27 17:56:51 +0000 2015"}{"created_at": "Mon Apr 27 17:56:49 +0000 2015"}{"created_at": "Mon Apr 27 17:56:48 +0000 2015"}{"created_at": "Mon Apr 27 17:56:48 +0000 2015"}{"created_at": "Mon Apr 27 17:56:48 +0000 2015"}{"created_at": "Mon Apr 27 17:56:47 +0000 2015"}{"created_at": "Mon Apr 27 17:56:47 +0000 2015"}{"created_at": "Mon Apr 27 17:56:46 +0000 2015"}{"created_at": "Mon Apr 27 17:56:44 +0000 2015"}{"created_at": "Mon Apr 27 17:56:44 +0000 2015"}{"created_at": "Mon Apr 27 17:56:40 +0000 2015"}{"created_at": "Mon Apr 27 17:56:54 +0000 2015"}{"created_at": "Mon Apr 27 17:56:53 +0000 2015"}{"created_at": "Mon Apr 27 17:56:52 +0000 2015"}{"created_at": "Mon Apr 27 17:56:52 +0000 2015"}{"created_at": "Mon Apr 27 17:56:51 +0000 2015"}{"created_at": "Mon Apr 27 17:56:51 +0000 2015"}{"created_at": "Mon Apr 27 17:56:51 +0000 2015"}{"created_at": "Mon Apr 27 17:56:49 +0000 2015"}{"created_at": "Mon Apr 27 17:56:48 +0000 2015"}{"created_at": "Mon Apr 27 17:56:48 +0000 2015"}{"created_at": "Mon Apr 27 17:56:48 +0000 2015"}{"created_at": "Mon Apr 27 17:56:47 +0000 2015"}{"created_at": "Mon Apr 27 17:56:47 +0000 2015"}{"created_at": "Mon Apr 27 17:56:46 +0000 2015"}{"created_at": "Mon Apr 27 17:56:44 +0000 2015"}{"created_at": "Mon Apr 27 17:56:56 +0000 2015"}{"created_at": "Mon Apr 27 17:56:54 +0000 2015"}{"created_at": "Mon Apr 27 17:56:53 +0000 2015"}{"created_at": "Mon Apr 27 17:56:52 +0000 2015"}{"created_at": "Mon Apr 27 17:56:52 +0000 2015"}{"created_at": "Mon Apr 27 17:56:51 +0000 2015"}{"created_at": "Mon Apr 27 17:56:51 +0000 2015"}{"created_at": "Mon Apr 27 17:56:51 +0000 2015"}{"created_at": "Mon Apr 27 17:56:49 +0000 2015"}{"created_at": "Mon Apr 27 17:56:48 +0000 2015"}{"created_at": "Mon Apr 27 17:56:48 +0000 2015"}{"created_at": "Mon Apr 27 17:56:48 +0000 2015"}{"created_at": "Mon Apr 27 17:56:47 +0000 2015"}{"created_at": "Mon Apr 27 17:56:47 +0000 2015"}{"created_at": "Mon Apr 27 17:56:46 +0000 2015"}{"created_at": "Mon Apr 27 17:57:01 +0000 2015"}{"created_at": "Mon Apr 27 17:57:01 +0000 2015"}{"created_at": "Mon Apr 27 17:56:59 +0000 2015"}{"created_at": "Mon Apr 27 17:56:58 +0000 2015"}{"created_at": "Mon Apr 27 17:56:56 +0000 2015"}{"created_at": "Mon Apr 27 17:56:54 +0000 2015"}{"created_at": "Mon Apr 27 17:56:53 +0000 2015"}{"created_at": "Mon Apr 27 17:56:52 +0000 2015"}{"created_at": "Mon Apr 27 17:56:52 +0000 2015"}{"created_at": "Mon Apr 27 17:56:51 +0000 2015"}{"created_at": "Mon Apr 27 17:56:51 +0000 2015"}{"created_at": "Mon Apr 27 17:56:51 +0000 2015"}{"created_at": "Mon Apr 27 17:56:49 +0000 2015"}{"created_at": "Mon Apr 27 17:56:48 +0000 2015"}{"created_at": "Mon Apr 27 17:56:48 +0000 2015"}{"created_at": "Mon Apr 27 17:57:03 +0000 2015"}{"created_at": "Mon Apr 27 17:57:02 +0000 2015"}{"created_at": "Mon Apr 27 17:57:01 +0000 2015"}{"created_at": "Mon Apr 27 17:57:01 +0000 2015"}{"created_at": "Mon Apr 27 17:56:59 +0000 2015"}{"created_at": "Mon Apr 27 17:56:58 +0000 2015"}{"created_at": "Mon Apr 27 17:56:56 +0000 2015"}{"created_at": "Mon Apr 27 17:56:54 +0000 2015"}{"created_at": "Mon Apr 27 17:56:53 +0000 2015"}{"created_at": "Mon Apr 27 17:56:52 +0000 2015"}{"created_at": "Mon Apr 27 17:56:52 +0000 2015"}{"created_at": "Mon Apr 27 17:56:51 +0000 2015"}{"created_at": "Mon Apr 27 17:56:51 +0000 2015"}{"created_at": "Mon Apr 27 17:56:51 +0000 2015"}{"created_at": "Mon Apr 27 17:56:49 +0000 2015"}{"created_at": "Mon Apr 27 17:57:05 +0000 2015"}{"created_at": "Mon Apr 27 17:57:05 +0000 2015"}{"created_at": "Mon Apr 27 17:57:04 +0000 2015"}{"created_at": "Mon Apr 27 17:57:03 +0000 2015"}{"created_at": "Mon Apr 27 17:57:02 +0000 2015"}{"created_at": "Mon Apr 27 17:57:01 +0000 2015"}{"created_at": "Mon Apr 27 17:57:01 +0000 2015"}{"created_at": "Mon Apr 27 17:56:59 +0000 2015"}{"created_at": "Mon Apr 27 17:56:58 +0000 2015"}{"created_at": "Mon Apr 27 17:56:56 +0000 2015"}{"created_at": "Mon Apr 27 17:56:54 +0000 2015"}{"created_at": "Mon Apr 27 17:56:53 +0000 2015"}{"created_at": "Mon Apr 27 17:56:52 +0000 2015"}{"created_at": "Mon Apr 27 17:56:52 +0000 2015"}{"created_at": "Mon Apr 27 17:56:51 +0000 2015"}{"created_at": "Mon Apr 27 17:57:08 +0000 2015"}{"created_at": "Mon Apr 27 17:57:08 +0000 2015"}{"created_at": "Mon Apr 27 17:57:07 +0000 2015"}{"created_at": "Mon Apr 27 17:57:06 +0000 2015"}{"created_at": "Mon Apr 27 17:57:05 +0000 2015"}{"created_at": "Mon Apr 27 17:57:05 +0000 2015"}{"created_at": "Mon Apr 27 17:57:04 +0000 2015"}{"created_at": "Mon Apr 27 17:57:03 +0000 2015"}{"created_at": "Mon Apr 27 17:57:02 +0000 2015"}{"created_at": "Mon Apr 27 17:57:01 +0000 2015"}{"created_at": "Mon Apr 27 17:57:01 +0000 2015"}{"created_at": "Mon Apr 27 17:56:59 +0000 2015"}{"created_at": "Mon Apr 27 17:56:58 +0000 2015"}{"created_at": "Mon Apr 27 17:56:56 +0000 2015"}{"created_at": "Mon Apr 27 17:56:54 +0000 2015"}{"created_at": "Mon Apr 27 17:57:11 +0000 2015"}{"created_at": "Mon Apr 27 17:57:11 +0000 2015"}{"created_at": "Mon Apr 27 17:57:10 +0000 2015"}{"created_at": "Mon Apr 27 17:57:10 +0000 2015"}{"created_at": "Mon Apr 27 17:57:09 +0000 2015"}{"created_at": "Mon Apr 27 17:57:08 +0000 2015"}{"created_at": "Mon Apr 27 17:57:08 +0000 2015"}{"created_at": "Mon Apr 27 17:57:07 +0000 2015"}{"created_at": "Mon Apr 27 17:57:06 +0000 2015"}{"created_at": "Mon Apr 27 17:57:05 +0000 2015"}{"created_at": "Mon Apr 27 17:57:05 +0000 2015"}{"created_at": "Mon Apr 27 17:57:04 +0000 2015"}{"created_at": "Mon Apr 27 17:57:03 +0000 2015"}{"created_at": "Mon Apr 27 17:57:02 +0000 2015"}{"created_at": "Mon Apr 27 17:57:01 +0000 2015"}