[{
    "tweet": "                                                                                                                                               text\n", 
    "score": "0"
},{
    "tweet": "0                   RT @JulieAtLNC: #WeSparkChange @LopezNegrete HELP FIGHT HUNGER WITH US. Thank You @Walmart #LopezNegrete http://t.co/7mPHPkhuHM\n", 
    "score": "1"
},{
    "tweet": "1                                                                                                                                Heading to Walmart\n", 
    "score": "0"
},{
    "tweet": "2                     RT @dawnchats: Q11: Who will be heading to @Walmart this weekend to stock up on M&amp;Ms &amp; Hasbro games? #GameNightIn #ad\n", 
    "score": "0"
},{
    "tweet": "3                     RT @dawnchats: Q11: Who will be heading to @Walmart this weekend to stock up on M&amp;Ms &amp; Hasbro games? #GameNightIn #ad\n", 
    "score": "0"
},{
    "tweet": "4                                                                                                   @dawnchats @Walmart A11 I will be! #GameNightIn\n", 
    "score": "0"
},{
    "tweet": "5                     RT @dawnchats: Q11: Who will be heading to @Walmart this weekend to stock up on M&amp;Ms &amp; Hasbro games? #GameNightIn #ad\n", 
    "score": "0"
},{
    "tweet": "6                                                                                                        @dawnchats @Walmart A11 me !! #gamenightin\n", 
    "score": "0"
},{
    "tweet": "7                                                                                                           @dawnchats @Walmart Q11 me #GameNightIn\n", 
    "score": "0"
},{
    "tweet": "8           RT @jrichrds: People that think 2k followers in Twitter/IG mean shit. Your momma work at Walmart and she still pays for your phone bill\n", 
    "score": "0"
},{
    "tweet": "9                                                                 @dawnchats @Walmart A11 My kids and i! Family game night is on!! #GameNightIn #ad\n", 
    "score": "0"
},{
    "tweet": "10                    RT @dawnchats: Q11: Who will be heading to @Walmart this weekend to stock up on M&amp;Ms &amp; Hasbro games? #GameNightIn #ad\n", 
    "score": "0"
},{
    "tweet": "11                                                                                               @dawnchats @Walmart Q11 Let's all go. #GameNightIn\n", 
    "score": "0"
},{
    "tweet": "12                    RT @dawnchats: Q11: Who will be heading to @Walmart this weekend to stock up on M&amp;Ms &amp; Hasbro games? #GameNightIn #ad\n", 
    "score": "0"
},{
    "tweet": "13                                                                              RT @JC_Oneal21: When walmart won't hire you https://t.co/2FzFlyHfeS\n", 
    "score": "0"
},{
    "tweet": "14                    RT @dawnchats: Q11: Who will be heading to @Walmart this weekend to stock up on M&amp;Ms &amp; Hasbro games? #GameNightIn #ad\n", 
    "score": "0"
},{
    "tweet": "15                                                         @dawnchats @Walmart A11 Not this weekend....tonight!!!! LOL #hungryproblems #GameNightIn\n", 
    "score": "0"
},{
    "tweet": "16                    RT @dawnchats: Q11: Who will be heading to @Walmart this weekend to stock up on M&amp;Ms &amp; Hasbro games? #GameNightIn #ad\n", 
    "score": "0"
},{
    "tweet": "17                                                                                             @dawnchats @Walmart Q11 ME and Hubby!!! #GameNightIn\n", 
    "score": "0"
},{
    "tweet": "18                                                                                                    @dawnchats @Walmart a11. ME!!!   #GameNightIn\n", 
    "score": "0"
},{
    "tweet": "19                    RT @dawnchats: Q11: Who will be heading to @Walmart this weekend to stock up on M&amp;Ms &amp; Hasbro games? #GameNightIn #ad\n", 
    "score": "0"
},{
    "tweet": "20                                                                                                        @dawnchats @Walmart a11: me! #GameNightIn\n", 
    "score": "0"
},{
    "tweet": "21                                                               @dawnchats @Walmart Q11: me!! We could use more m&amp;m and new games #GameNightIn\n", 
    "score": "0"
},{
    "tweet": "22                                                                                       @dawnchats @Walmart A11 Me me me me me! ME!!! #GameNightIn\n", 
    "score": "0"
},{
    "tweet": "23                    RT @dawnchats: Q11: Who will be heading to @Walmart this weekend to stock up on M&amp;Ms &amp; Hasbro games? #GameNightIn #ad\n", 
    "score": "0"
},{
    "tweet": "24                  RT @JulieAtLNC: #WeSparkChange @LopezNegrete HELP FIGHT HUNGER WITH US. Thank You @Walmart #LopezNegrete http://t.co/7mPHPkhuHM\n", 
    "score": "1"
},{
    "tweet": "25                                                                                                                               Heading to Walmart\n", 
    "score": "0"
},{
    "tweet": "26                    RT @dawnchats: Q11: Who will be heading to @Walmart this weekend to stock up on M&amp;Ms &amp; Hasbro games? #GameNightIn #ad\n", 
    "score": "0"
},{
    "tweet": "27                    RT @dawnchats: Q11: Who will be heading to @Walmart this weekend to stock up on M&amp;Ms &amp; Hasbro games? #GameNightIn #ad\n", 
    "score": "0"
},{
    "tweet": "28                                                                                                  @dawnchats @Walmart A11 I will be! #GameNightIn\n", 
    "score": "0"
},{
    "tweet": "29                    RT @dawnchats: Q11: Who will be heading to @Walmart this weekend to stock up on M&amp;Ms &amp; Hasbro games? #GameNightIn #ad\n", 
    "score": "0"
},{
    "tweet": "30                                                                    When you go to the slowest line in walmart. Good gravy. #woof #mylife #Monday\n", 
    "score": "0"
},{
    "tweet": "31                    RT @dawnchats: Q11: Who will be heading to @Walmart this weekend to stock up on M&amp;Ms &amp; Hasbro games? #GameNightIn #ad\n", 
    "score": "0"
},{
    "tweet": "32                                                                                                      @dawnchats @Walmart Q11 Me #GameNightIn #ad\n", 
    "score": "0"
},{
    "tweet": "33                    RT @dawnchats: Q11: Who will be heading to @Walmart this weekend to stock up on M&amp;Ms &amp; Hasbro games? #GameNightIn #ad\n", 
    "score": "0"
},{
    "tweet": "34                                            @Kaylaaa_jneaa kmsl girl any \"so where you live \" , I just lied and told him I work at Walmart ??????\n", 
    "score": "0"
},{
    "tweet": "35                    RT @dawnchats: Q11: Who will be heading to @Walmart this weekend to stock up on M&amp;Ms &amp; Hasbro games? #GameNightIn #ad\n", 
    "score": "0"
},{
    "tweet": "36                    RT @dawnchats: Q11: Who will be heading to @Walmart this weekend to stock up on M&amp;Ms &amp; Hasbro games? #GameNightIn #ad\n", 
    "score": "0"
},{
    "tweet": "37                    RT @dawnchats: Q11: Who will be heading to @Walmart this weekend to stock up on M&amp;Ms &amp; Hasbro games? #GameNightIn #ad\n", 
    "score": "0"
},{
    "tweet": "38                                                                                         @dawnchats @Walmart A11 I will be for sure. #GameNightIn\n", 
    "score": "0"
},{
    "tweet": "39                                                                                      @dawnchats @Walmart a11 absolutely, 100% yes!! #GameNightIn\n", 
    "score": "0"
},{
    "tweet": "40                                                                 Walmart App Review for iPhone/iPad http://t.co/w5MvkbiHCw http://t.co/HPVNkvX3OZ\n", 
    "score": "0"
},{
    "tweet": "41                    RT @dawnchats: Q11: Who will be heading to @Walmart this weekend to stock up on M&amp;Ms &amp; Hasbro games? #GameNightIn #ad\n", 
    "score": "0"
},{
    "tweet": "42                                                         @dawnchats @Walmart A11 Not this weekend....tonight!!!! LOL #hungryproblems #GameNightIn\n", 
    "score": "0"
},{
    "tweet": "43                    RT @dawnchats: Q11: Who will be heading to @Walmart this weekend to stock up on M&amp;Ms &amp; Hasbro games? #GameNightIn #ad\n", 
    "score": "0"
},{
    "tweet": "44                                                                                             @dawnchats @Walmart Q11 ME and Hubby!!! #GameNightIn\n", 
    "score": "0"
},{
    "tweet": "45                                                                                                    @dawnchats @Walmart A11: I will! #GameNightIn\n", 
    "score": "0"
},{
    "tweet": "46                                                                   @dawnchats @Walmart A11: I am!! Always love to hoard hasbro games #GameNightIn\n", 
    "score": "0"
},{
    "tweet": "47                                               @dawnchats @Walmart Q11 meee! we are having a party for the boxing match this weekend #GameNightIn\n", 
    "score": "0"
},{
    "tweet": "48                    RT @dawnchats: Q11: Who will be heading to @Walmart this weekend to stock up on M&amp;Ms &amp; Hasbro games? #GameNightIn #ad\n", 
    "score": "0"
},{
    "tweet": "49                                                                                                @dawnchats @Walmart a11 I am going!! #GameNightIN\n", 
    "score": "0"
},{
    "tweet": "50                                                                    When you go to the slowest line in walmart. Good gravy. #woof #mylife #Monday\n", 
    "score": "0"
},{
    "tweet": "51                    RT @dawnchats: Q11: Who will be heading to @Walmart this weekend to stock up on M&amp;Ms &amp; Hasbro games? #GameNightIn #ad\n", 
    "score": "0"
},{
    "tweet": "52                                                                                                      @dawnchats @Walmart Q11 Me #GameNightIn #ad\n", 
    "score": "0"
},{
    "tweet": "53                    RT @dawnchats: Q11: Who will be heading to @Walmart this weekend to stock up on M&amp;Ms &amp; Hasbro games? #GameNightIn #ad\n", 
    "score": "0"
},{
    "tweet": "54                                            @Kaylaaa_jneaa kmsl girl any \"so where you live \" , I just lied and told him I work at Walmart ??????\n", 
    "score": "0"
},{
    "tweet": "55                    RT @dawnchats: Q11: Who will be heading to @Walmart this weekend to stock up on M&amp;Ms &amp; Hasbro games? #GameNightIn #ad\n", 
    "score": "0"
},{
    "tweet": "56                    RT @dawnchats: Q11: Who will be heading to @Walmart this weekend to stock up on M&amp;Ms &amp; Hasbro games? #GameNightIn #ad\n", 
    "score": "0"
},{
    "tweet": "57                    RT @dawnchats: Q11: Who will be heading to @Walmart this weekend to stock up on M&amp;Ms &amp; Hasbro games? #GameNightIn #ad\n", 
    "score": "0"
},{
    "tweet": "58                                                                                         @dawnchats @Walmart A11 I will be for sure. #GameNightIn\n", 
    "score": "0"
},{
    "tweet": "59                                                                                      @dawnchats @Walmart a11 absolutely, 100% yes!! #GameNightIn\n", 
    "score": "0"
},{
    "tweet": "60   RCA 55\" 120Hz 1080p LED LCD HDTV for $430 + free shipping\\n\\nWalmart offers the RCA 55\" 120Hz 10 http://t.co/YsOc2NAdlj http://t.co/0Pe4OElbxC\n", 
    "score": "2"
},{
    "tweet": "61                               @dawnchats @Walmart a1  I sure will cant wait. even more so if I win all new games and almond m&amp;M #GameNightIn\n", 
    "score": "1"
},{
    "tweet": "62                                                                                                    @dawnchats @Walmart A11: I will! #GameNightIn\n", 
    "score": "0"
},{
    "tweet": "63                                                                   @dawnchats @Walmart A11: I am!! Always love to hoard hasbro games #GameNightIn\n", 
    "score": "0"
},{
    "tweet": "64                                               @dawnchats @Walmart Q11 meee! we are having a party for the boxing match this weekend #GameNightIn\n", 
    "score": "0"
},{
    "tweet": "65                    RT @dawnchats: Q11: Who will be heading to @Walmart this weekend to stock up on M&amp;Ms &amp; Hasbro games? #GameNightIn #ad\n", 
    "score": "0"
},{
    "tweet": "66                                                                                                @dawnchats @Walmart a11 I am going!! #GameNightIN\n", 
    "score": "0"
},{
    "tweet": "67                                                                    When you go to the slowest line in walmart. Good gravy. #woof #mylife #Monday\n", 
    "score": "0"
},{
    "tweet": "68                    RT @dawnchats: Q11: Who will be heading to @Walmart this weekend to stock up on M&amp;Ms &amp; Hasbro games? #GameNightIn #ad\n", 
    "score": "0"
},{
    "tweet": "69                                                                                                      @dawnchats @Walmart Q11 Me #GameNightIn #ad\n", 
    "score": "0"
},{
    "tweet": "70                    RT @dawnchats: Q11: Who will be heading to @Walmart this weekend to stock up on M&amp;Ms &amp; Hasbro games? #GameNightIn #ad\n", 
    "score": "0"
},{
    "tweet": "71                                            @Kaylaaa_jneaa kmsl girl any \"so where you live \" , I just lied and told him I work at Walmart ??????\n", 
    "score": "0"
},{
    "tweet": "72                    RT @dawnchats: Q11: Who will be heading to @Walmart this weekend to stock up on M&amp;Ms &amp; Hasbro games? #GameNightIn #ad\n", 
    "score": "0"
},{
    "tweet": "73                    RT @dawnchats: Q11: Who will be heading to @Walmart this weekend to stock up on M&amp;Ms &amp; Hasbro games? #GameNightIn #ad\n", 
    "score": "0"
},{
    "tweet": "74                    RT @dawnchats: Q11: Who will be heading to @Walmart this weekend to stock up on M&amp;Ms &amp; Hasbro games? #GameNightIn #ad\n", 
    "score": "0"
},{
    "tweet": "75                                                    a11 me! i love going to walmart in the morning on the weekends, no one is there. #GameNightIn\n", 
    "score": "1"
},{
    "tweet": "76                               RT @business: Jeff Bezos is now richer than 3 of the 4 Walmart heirs http://t.co/2KMbdsPVTe http://t.co/iQOnh9peBJ\n", 
    "score": "1"
},{
    "tweet": "77                    RT @dawnchats: Q11: Who will be heading to @Walmart this weekend to stock up on M&amp;Ms &amp; Hasbro games? #GameNightIn #ad\n", 
    "score": "0"
},{
    "tweet": "78                                                                                                @dawnchats @Walmart A11 Me For sure  #GameNightIn\n", 
    "score": "0"
},{
    "tweet": "79                    RT @dawnchats: Q11: Who will be heading to @Walmart this weekend to stock up on M&amp;Ms &amp; Hasbro games? #GameNightIn #ad\n", 
    "score": "0"
},{
    "tweet": "80                    RT @dawnchats: Q11: Who will be heading to @Walmart this weekend to stock up on M&amp;Ms &amp; Hasbro games? #GameNightIn #ad\n", 
    "score": "0"
},{
    "tweet": "81   RCA 55\" 120Hz 1080p LED LCD HDTV for $430 + free shipping\\n\\nWalmart offers the RCA 55\" 120Hz 10 http://t.co/YsOc2NAdlj http://t.co/0Pe4OElbxC\n", 
    "score": "2"
},{
    "tweet": "82                    RT @dawnchats: Q11: Who will be heading to @Walmart this weekend to stock up on M&amp;Ms &amp; Hasbro games? #GameNightIn #ad\n", 
    "score": "0"
},{
    "tweet": "83                                                    @dawnchats @Walmart. Whoop whoop right here but I got a head start lol http://t.co/h6WYUN52p2\n", 
    "score": "1"
},{
    "tweet": "84                               @dawnchats @Walmart a1  I sure will cant wait. even more so if I win all new games and almond m&amp;M #GameNightIn\n", 
    "score": "1"
},{
    "tweet": "85                                                                                                    @dawnchats @Walmart A11: I will! #GameNightIn\n", 
    "score": "0"
},{
    "tweet": "86                                                                   @dawnchats @Walmart A11: I am!! Always love to hoard hasbro games #GameNightIn\n", 
    "score": "0"
},{
    "tweet": "87                                               @dawnchats @Walmart Q11 meee! we are having a party for the boxing match this weekend #GameNightIn\n", 
    "score": "0"
},{
    "tweet": "88                    RT @dawnchats: Q11: Who will be heading to @Walmart this weekend to stock up on M&amp;Ms &amp; Hasbro games? #GameNightIn #ad\n", 
    "score": "0"
},{
    "tweet": "89                                                                                                @dawnchats @Walmart a11 I am going!! #GameNightIN\n", 
    "score": "0"
},{
    "tweet": "90                                                                                                          @dawnchats @Walmart a11 me #GameNightIn\n", 
    "score": "0"
},{
    "tweet": "91                    RT @dawnchats: Q11: Who will be heading to @Walmart this weekend to stock up on M&amp;Ms &amp; Hasbro games? #GameNightIn #ad\n", 
    "score": "0"
},{
    "tweet": "92                    RT @dawnchats: Q11: Who will be heading to @Walmart this weekend to stock up on M&amp;Ms &amp; Hasbro games? #GameNightIn #ad\n", 
    "score": "0"
},{
    "tweet": "93                                                                                                        @dawnchats @Walmart Q11 yep! #GameNightIn\n", 
    "score": "0"
},{
    "tweet": "94                                                    a11 me! i love going to walmart in the morning on the weekends, no one is there. #GameNightIn\n", 
    "score": "1"
},{
    "tweet": "95                               RT @business: Jeff Bezos is now richer than 3 of the 4 Walmart heirs http://t.co/2KMbdsPVTe http://t.co/iQOnh9peBJ\n", 
    "score": "1"
},{
    "tweet": "96                    RT @dawnchats: Q11: Who will be heading to @Walmart this weekend to stock up on M&amp;Ms &amp; Hasbro games? #GameNightIn #ad\n", 
    "score": "0"
},{
    "tweet": "97                                                                                                @dawnchats @Walmart A11 Me For sure  #GameNightIn\n", 
    "score": "0"
},{
    "tweet": "98                    RT @dawnchats: Q11: Who will be heading to @Walmart this weekend to stock up on M&amp;Ms &amp; Hasbro games? #GameNightIn #ad\n", 
    "score": "0"
},{
    "tweet": "99                    RT @dawnchats: Q11: Who will be heading to @Walmart this weekend to stock up on M&amp;Ms &amp; Hasbro games? #GameNightIn #ad\n", 
    "score": "0"
},{
    "tweet": "100  RCA 55\" 120Hz 1080p LED LCD HDTV for $430 + free shipping\\n\\nWalmart offers the RCA 55\" 120Hz 10 http://t.co/YsOc2NAdlj http://t.co/0Pe4OElbxC\n", 
    "score": "2"
},{
    "tweet": "101                   RT @dawnchats: Q11: Who will be heading to @Walmart this weekend to stock up on M&amp;Ms &amp; Hasbro games? #GameNightIn #ad\n", 
    "score": "0"
},{
    "tweet": "102                              @dawnchats @Walmart a1  I sure will cant wait. even more so if I win all new games and almond m&amp;M #GameNightIn\n", 
    "score": "1"
},{
    "tweet": "103                                                                                                   @dawnchats @Walmart A11: I will! #GameNightIn\n", 
    "score": "0"
},{
    "tweet": "104                                                                  @dawnchats @Walmart A11: I am!! Always love to hoard hasbro games #GameNightIn\n", 
    "score": "0"
},{
    "tweet": "105                 @heatherlynn620 We're glad to be able to help you stay hydrated! It's especially important in the upcoming warm weather. ~Donna\n", 
    "score": "3"
},{
    "tweet": "106                   RT @dawnchats: Q11: Who will be heading to @Walmart this weekend to stock up on M&amp;Ms &amp; Hasbro games? #GameNightIn #ad\n", 
    "score": "0"
},{
    "tweet": "107                                                                                              @dawnchats @Walmart #GameNightIn A11: I sure will!\n", 
    "score": "0"
},{
    "tweet": "108                   RT @dawnchats: Q11: Who will be heading to @Walmart this weekend to stock up on M&amp;Ms &amp; Hasbro games? #GameNightIn #ad\n", 
    "score": "0"
},{
    "tweet": "109                                                                     @dawnchats @Walmart \\n\\nA11  We will be going to @FamilyMobile #GameNightIn\n", 
    "score": "0"
},{
    "tweet": "110                                                                                @dawnchats @Walmart A11 my daughters and I for sure #gamenightin\n", 
    "score": "0"
},{
    "tweet": "111                                @dawnchats @Walmart My son has a Bday coming up and that's exactly what I plan to do!  #GameNightIn  #sweeps #ad\n", 
    "score": "0"
},{
    "tweet": "112                                                                                                         @dawnchats @Walmart a11 me #GameNightIn\n", 
    "score": "0"
},{
    "tweet": "113                                                                                            @dawnchats @Walmart A11: my husband lol #GameNightIn\n", 
    "score": "0"
},{
    "tweet": "114                   RT @dawnchats: Q11: Who will be heading to @Walmart this weekend to stock up on M&amp;Ms &amp; Hasbro games? #GameNightIn #ad\n", 
    "score": "0"
},{
    "tweet": "115                   RT @dawnchats: Q11: Who will be heading to @Walmart this weekend to stock up on M&amp;Ms &amp; Hasbro games? #GameNightIn #ad\n", 
    "score": "0"
},{
    "tweet": "116                                                                                                       @dawnchats @Walmart Q11 yep! #GameNightIn\n", 
    "score": "0"
},{
    "tweet": "117                                                   a11 me! i love going to walmart in the morning on the weekends, no one is there. #GameNightIn\n", 
    "score": "1"
},{
    "tweet": "118                              RT @business: Jeff Bezos is now richer than 3 of the 4 Walmart heirs http://t.co/2KMbdsPVTe http://t.co/iQOnh9peBJ\n", 
    "score": "1"
},{
    "tweet": "119                   RT @dawnchats: Q11: Who will be heading to @Walmart this weekend to stock up on M&amp;Ms &amp; Hasbro games? #GameNightIn #ad\n", 
    "score": "0"
},{
    "tweet": "120                                                                                                    @dawnchats @Walmart A11 I will! #GameNightIn\n", 
    "score": "0"
},{
    "tweet": "121                                                                                               @dawnchats @Walmart Q11: I will be ! #GameNightIn\n", 
    "score": "0"
},{
    "tweet": "122                           @dawnchats @Walmart A11: I will be! We need some new games &amp; replacements for the old @Hasbro games! #GameNightIn\n", 
    "score": "0"
},{
    "tweet": "123                   RT @dawnchats: Q11: Who will be heading to @Walmart this weekend to stock up on M&amp;Ms &amp; Hasbro games? #GameNightIn #ad\n", 
    "score": "0"
},{
    "tweet": "124                   RT @dawnchats: Q11: Who will be heading to @Walmart this weekend to stock up on M&amp;Ms &amp; Hasbro games? #GameNightIn #ad\n", 
    "score": "0"
},{
    "tweet": RT @ristianesparzac: Walmart employees need to chill out when I ask if they sell air duster.I'm not gonna inhale the damn thing",
    "score": "-2"
},{
    "tweet": "127                 @heatherlynn620 We're glad to be able to help you stay hydrated! It's especially important in the upcoming warm weather. ~Donna\n", 
    "score": "3"
},{
    "tweet": "128                                                                                             @dawnchats @Walmart A11 Me for sure :) #GameNightIn\n", 
    "score": "0"
},{
    "tweet": "129                   RT @dawnchats: Q11: Who will be heading to @Walmart this weekend to stock up on M&amp;Ms &amp; Hasbro games? #GameNightIn #ad\n", 
    "score": "0"
},{
    "tweet": "130                                                                                              @dawnchats @Walmart #GameNightIn A11: I sure will!\n", 
    "score": "0"
},{
    "tweet": "131                   RT @dawnchats: Q11: Who will be heading to @Walmart this weekend to stock up on M&amp;Ms &amp; Hasbro games? #GameNightIn #ad\n", 
    "score": "0"
},{
    "tweet": "132                                                                     @dawnchats @Walmart \\n\\nA11  We will be going to @FamilyMobile #GameNightIn\n", 
    "score": "0"
},{
    "tweet": "133                                                                                @dawnchats @Walmart A11 my daughters and I for sure #gamenightin\n", 
    "score": "0"
},{
    "tweet": "134                                @dawnchats @Walmart My son has a Bday coming up and that's exactly what I plan to do!  #GameNightIn  #sweeps #ad\n", 
    "score": "0"
},{
    "tweet": "135                                                                            @dawnchats @Walmart A11 Who wouldn't? LOL I am game!!!! #GameNightIn\n", 
    "score": "0"
},{
    "tweet": "136                   RT @dawnchats: Q11: Who will be heading to @Walmart this weekend to stock up on M&amp;Ms &amp; Hasbro games? #GameNightIn #ad\n", 
    "score": "0"
},{
    "tweet": "137                         RT @___candiceee: @Kaylaaa_jneaa kmsl girl any \"so where you live \" , I just lied and told him I work at Walmart ??????\n", 
    "score": "0"
},{
    "tweet": "138                                                                                  @dawnchats @Walmart Q11 I'm going there tomorrow! #GameNightIn\n", 
    "score": "0"
},{
    "tweet": "139                                                                                              @dawnchats @Walmart Q11: I know I am! #GameNightIn\n", 
    "score": "0"
},{
    "tweet": "140                                                                @dawnchats @Walmart Q11 yes, sounds like a great plan, count me in! #GameNightIn\n", 
    "score": "2"
},{
    "tweet": "141                                                                                  @dawnchats @Walmart a11 if i win i know i will be #GameNightIn\n", 
    "score": "1"
},{
    "tweet": "142                                                                                                    @dawnchats @Walmart Q11 i will! #GameNightIn\n", 
    "score": "0"
},{
    "tweet": "143                                                      @dawnchats @Walmart Me! Going to need more M&amp;ms..esp after this party! ;D #GameNightIn\n", 
    "score": "0"
},{
    "tweet": "144                                                                                                        @dawnchats @Walmart  ME!!!  #GameNightIn\n", 
    "score": "0"
},{
    "tweet": "145                                                                 @dawnchats @Walmart a11 Not waiting til the weekend..going today!! #GameNightIn\n", 
    "score": "0"
},{
    "tweet": "146                                      Q11: Who will be heading to @Walmart this weekend to stock up on M&amp;Ms &amp; Hasbro games? #GameNightIn\n", 
    "score": "0"
},{
    "tweet": "154                                                                             RT @JC_Oneal21: When walmart won't hire you https://t.co/2FzFlyHfeS\n", 
    "score": "0"
},{
    "tweet": "155                   RT @dawnchats: Q11: Who will be heading to @Walmart this weekend to stock up on M&amp;Ms &amp; Hasbro games? #GameNightIn #ad\n", 
    "score": "0"
},{
    "tweet": "156                         RT @___candiceee: @Kaylaaa_jneaa kmsl girl any \"so where you live \" , I just lied and told him I work at Walmart ??????\n", 
    "score": "0"
},{
    "tweet": "157                                                                                  @dawnchats @Walmart Q11 I'm going there tomorrow! #GameNightIn\n", 
    "score": "0"
},{
    "tweet": "158                                                                                              @dawnchats @Walmart Q11: I know I am! #GameNightIn\n", 
    "score": "0"
},{
    "tweet": "159                                                                @dawnchats @Walmart Q11 yes, sounds like a great plan, count me in! #GameNightIn\n", 
    "score": "2"
},{
    "tweet": "160                                                                                  @dawnchats @Walmart a11 if i win i know i will be #GameNightIn\n", 
    "score": "1"
},{
    "tweet": "161                                                                                                    @dawnchats @Walmart Q11 i will! #GameNightIn\n", 
    "score": "0"
},{
    "tweet": "162                                                      @dawnchats @Walmart Me! Going to need more M&amp;ms..esp after this party! ;D #GameNightIn\n", 
    "score": "0"
},{
    "tweet": "163                                                                                                        @dawnchats @Walmart  ME!!!  #GameNightIn\n", 
    "score": "0"
},{
    "tweet": "164                                                                 @dawnchats @Walmart a11 Not waiting til the weekend..going today!! #GameNightIn\n", 
    "score": "0"
},{
    "tweet": "165                                                                                                  @dawnchats @Walmart A11: me me me #GameNightIn\n", 
    "score": "0"
},{
    "tweet": "166                                                                                                @dawnchats @Walmart 11. meeee!!!!!  #GameNightIn\n", 
    "score": "0"
},{
    "tweet": "167                   RT @dawnchats: Q11: Who will be heading to @Walmart this weekend to stock up on M&amp;Ms &amp; Hasbro games? #GameNightIn #ad\n", 
    "score": "0"
},{
    "tweet": "168                                                                                            @dawnchats @Walmart Q11 Me and kids #GameNightIn #ad\n", 
    "score": "0"
},{
    "tweet": "169                   RT @dawnchats: Q11: Who will be heading to @Walmart this weekend to stock up on M&amp;Ms &amp; Hasbro games? #GameNightIn #ad\n", 
    "score": "0"
},{
    "tweet": "170                                              @dawnchats @Walmart Q11: yes it'd be great for hotel stays in between our road trips! #GameNightIn\n", 
    "score": "1"
},{
    "tweet": "171                                                                            @dawnchats @Walmart A11 Who wouldn't? LOL I am game!!!! #GameNightIn\n", 
    "score": "0"
},{
    "tweet": "172                                                                             RT @JC_Oneal21: When walmart won't hire you https://t.co/2FzFlyHfeS\n", 
    "score": "0"
},{
    "tweet": "173                   RT @dawnchats: Q11: Who will be heading to @Walmart this weekend to stock up on M&amp;Ms &amp; Hasbro games? #GameNightIn #ad\n", 
    "score": "0"
},{
    "tweet": "174                         RT @___candiceee: @Kaylaaa_jneaa kmsl girl any \"so where you live \" , I just lied and told him I work at Walmart ??????\n", 
    "score": "0"
},{
    "tweet": "175                                                                                  @dawnchats @Walmart Q11 I'm going there tomorrow! #GameNightIn\n", 
    "score": "0"
},{
    "tweet": "176                                                                                              @dawnchats @Walmart Q11: I know I am! #GameNightIn\n", 
    "score": "0"
},{
    "tweet": "177                                                                @dawnchats @Walmart Q11 yes, sounds like a great plan, count me in! #GameNightIn\n", 
    "score": "2"
},{
    "tweet": "178                                                                                  @dawnchats @Walmart a11 if i win i know i will be #GameNightIn\n", 
    "score": "1"
},{
    "tweet": "179                                                                                                    @dawnchats @Walmart Q11 i will! #GameNightIn\n", 
    "score": "0"
},{
    "tweet": "180                    Enter 2 #Win P&amp;G's 125 Walmart Gift Card #Giveaway - Pamper yourself! @blogwithmom @ProcterGamble http://t.co/XOqidGlr7f\n", 
    "score": "2"
},{
    "tweet": "181     Enter to #WIN a 125 @walmart GC &amp; Stock UP &amp; Save on @ProcterGamble items at @ourkidsmom ends 4/27 #Giveaway http://t.co/UsgTwizjCz\n", 
    "score": "1"
},{
    "tweet": "182                   RT @dawnchats: Q11: Who will be heading to @Walmart this weekend to stock up on M&amp;Ms &amp; Hasbro games? #GameNightIn #ad\n", 
    "score": "0"
},{
    "tweet": "183                                                                      @dawnchats @Walmart a11 me especially if I win a giftcard ;-) #GameNightIn\n", 
    "score": "1"
},{
    "tweet": "184                   RT @dawnchats: Q11: Who will be heading to @Walmart this weekend to stock up on M&amp;Ms &amp; Hasbro games? #GameNightIn #ad\n", 
    "score": "0"
},{
    "tweet": "185                          @thedomesticexec @dawnchats @Walmart A11 me! I'm planning a big party for Mothers Day! I do all the work! #GameNightIn\n", 
    "score": "1"
},{
    "tweet": "186                                                                                                  @dawnchats @Walmart A11: me me me #GameNightIn\n", 
    "score": "0"
},{
    "tweet": "187                                                                                                @dawnchats @Walmart 11. meeee!!!!!  #GameNightIn\n", 
    "score": "0"
},{
    "tweet": "188                   RT @dawnchats: Q11: Who will be heading to @Walmart this weekend to stock up on M&amp;Ms &amp; Hasbro games? #GameNightIn #ad\n", 
    "score": "0"
},{
    "tweet": "189                                                                                            @dawnchats @Walmart Q11 Me and kids #GameNightIn #ad\n", 
    "score": "0"
},{
    "tweet": "190                   RT @dawnchats: Q11: Who will be heading to @Walmart this weekend to stock up on M&amp;Ms &amp; Hasbro games? #GameNightIn #ad\n", 
    "score": "0"
},{
    "tweet": "191                                              @dawnchats @Walmart Q11: yes it'd be great for hotel stays in between our road trips! #GameNightIn\n", 
    "score": "1"
},{
    "tweet": "192                                                                            @dawnchats @Walmart A11 Who wouldn't? LOL I am game!!!! #GameNightIn\n", 
    "score": "0"
},{
    "tweet": "193                                                                             RT @JC_Oneal21: When walmart won't hire you https://t.co/2FzFlyHfeS\n", 
    "score": "0"
},{
    "tweet": "194                   RT @dawnchats: Q11: Who will be heading to @Walmart this weekend to stock up on M&amp;Ms &amp; Hasbro games? #GameNightIn #ad\n", 
    "score": "0"
},{
    "tweet": "195                                                                                      @dawnchats @Walmart A11 i m definitely going  #GameNightIn\n", 
    "score": "0"
},{
    "tweet": "196                                                                                                      @dawnchats @Walmart q11 Me!!! #GameNightIn\n", 
    "score": "0"
},{
    "tweet": "197                   RT @dawnchats: Q11: Who will be heading to @Walmart this weekend to stock up on M&amp;Ms &amp; Hasbro games? #GameNightIn #ad\n", 
    "score": "0"
},{
    "tweet": "198                    Enter 2 #Win P&amp;G's 125 Walmart Gift Card #Giveaway - Pamper yourself! @blogwithmom @ProcterGamble http://t.co/XOqidGlr7f\n", 
    "score": "2"
},{
    "tweet": "199     Enter to #WIN a 125 @walmart GC &amp; Stock UP &amp; Save on @ProcterGamble items at @ourkidsmom ends 4/27 #Giveaway http://t.co/UsgTwizjCz\n", 
    "score": "1"
},{
    "tweet": "200                   RT @dawnchats: Q11: Who will be heading to @Walmart this weekend to stock up on M&amp;Ms &amp; Hasbro games? #GameNightIn #ad\n", 
    "score": "0"
},{
    "tweet": "201                                                                      @dawnchats @Walmart a11 me especially if I win a giftcard ;-) #GameNightIn\n", 
    "score": "1"
},{
    "tweet": "202                   RT @dawnchats: Q11: Who will be heading to @Walmart this weekend to stock up on M&amp;Ms &amp; Hasbro games? #GameNightIn #ad\n", 
    "score": "0"
},{
    "tweet": "203                          @thedomesticexec @dawnchats @Walmart A11 me! I'm planning a big party for Mothers Day! I do all the work! #GameNightIn\n", 
    "score": "1"
},{
    "tweet": "204                                                                                                  @dawnchats @Walmart A11: me me me #GameNightIn\n", 
    "score": "0"
},{
    "tweet": "205                                                                                                @dawnchats @Walmart 11. meeee!!!!!  #GameNightIn\n", 
    "score": "0"
},{
    "tweet": "206                   RT @dawnchats: Q11: Who will be heading to @Walmart this weekend to stock up on M&amp;Ms &amp; Hasbro games? #GameNightIn #ad\n", 
    "score": "0"
},{
    "tweet": "207                                                                                            @dawnchats @Walmart Q11 Me and kids #GameNightIn #ad\n", 
    "score": "0"
},{
    "tweet": "208                   RT @dawnchats: Q11: Who will be heading to @Walmart this weekend to stock up on M&amp;Ms &amp; Hasbro games? #GameNightIn #ad\n", 
    "score": "0"
},{
    "tweet": "209                                              @dawnchats @Walmart Q11: yes it'd be great for hotel stays in between our road trips! #GameNightIn\n", 
    "score": "1"
},{
    "tweet": "210                   RT @dawnchats: Q11: Who will be heading to @Walmart this weekend to stock up on M&amp;Ms &amp; Hasbro games? #GameNightIn #ad\n", 
    "score": "0"
},{
    "tweet": "211                                                                           @dawnchats @Walmart A11 Im always down for some M&amp;Ms #GameNightIn\n", 
    "score": "0"
},{
    "tweet": "212                                                                                                      @dawnchats @Walmart a11 ME!!! #GameNightIn\n", 
    "score": "0"
},{
    "tweet": "213                                                                                      @dawnchats @Walmart A11 i m definitely going  #GameNightIn\n", 
    "score": "0"
},{
    "tweet": "214                                                                                                      @dawnchats @Walmart q11 Me!!! #GameNightIn\n", 
    "score": "0"
},{
    "tweet": "215                   RT @dawnchats: Q11: Who will be heading to @Walmart this weekend to stock up on M&amp;Ms &amp; Hasbro games? #GameNightIn #ad\n", 
    "score": "0"
},{
    "tweet": "216                   RT @dawnchats: Q11: Who will be heading to @Walmart this weekend to stock up on M&amp;Ms &amp; Hasbro games? #GameNightIn #ad\n", 
    "score": "0"
},{
    "tweet": "217                    Enter 2 #Win P&amp;G's 125 Walmart Gift Card #Giveaway - Pamper yourself! @blogwithmom @ProcterGamble http://t.co/XOqidGlr7f\n", 
    "score": "2"
},{
    "tweet": "218     Enter to #WIN a 125 @walmart GC &amp; Stock UP &amp; Save on @ProcterGamble items at @ourkidsmom ends 4/27 #Giveaway http://t.co/UsgTwizjCz\n", 
    "score": "1"
},{
    "tweet": "219                   RT @dawnchats: Q11: Who will be heading to @Walmart this weekend to stock up on M&amp;Ms &amp; Hasbro games? #GameNightIn #ad\n", 
    "score": "0"
},{
    "tweet": "220                                                                      @dawnchats @Walmart a11 me especially if I win a giftcard ;-) #GameNightIn\n", 
    "score": "1"
},{
    "tweet": "221                   RT @dawnchats: Q11: Who will be heading to @Walmart this weekend to stock up on M&amp;Ms &amp; Hasbro games? #GameNightIn #ad\n", 
    "score": "0"
},{
    "tweet": "222                          @thedomesticexec @dawnchats @Walmart A11 me! I'm planning a big party for Mothers Day! I do all the work! #GameNightIn\n", 
    "score": "1"
},{
    "tweet": "223                                                                                                  @dawnchats @Walmart A11: me me me #GameNightIn\n", 
    "score": "0"
},{
    "tweet": "224                                                                                                @dawnchats @Walmart 11. meeee!!!!!  #GameNightIn\n", 
    "score": "0"
},{
    "tweet": "225                                                             @dawnchats @Walmart #GameNightIn A11: Definitely me. I think the kids will love it!\n", 
    "score": "1"
},{
    "tweet": "226                                                                                                     @dawnchats @Walmart Q11 Me #GameNightIn #ad\n", 
    "score": "0"
},{
    "tweet": "227                   RT @dawnchats: Q11: Who will be heading to @Walmart this weekend to stock up on M&amp;Ms &amp; Hasbro games? #GameNightIn #ad\n", 
    "score": "0"
},{
    "tweet": "228                                    @dawnchats @Walmart A11 Me! Love Walmart and M&amp; Ms and Hasbro are a staple in my house. #GameNightIn #ad\n", 
    "score": "1"
},{
    "tweet": "229                   RT @dawnchats: Q11: Who will be heading to @Walmart this weekend to stock up on M&amp;Ms &amp; Hasbro games? #GameNightIn #ad\n", 
    "score": "0"
},{
    "tweet": "230                                                                           @dawnchats @Walmart A11 Im always down for some M&amp;Ms #GameNightIn\n", 
    "score": "0"
},{
    "tweet": "231                                                                                                      @dawnchats @Walmart a11 ME!!! #GameNightIn\n", 
    "score": "0"
},{
    "tweet": "232                                                                                      @dawnchats @Walmart A11 i m definitely going  #GameNightIn\n", 
    "score": "0"
},{
    "tweet": "233                                                                                                      @dawnchats @Walmart q11 Me!!! #GameNightIn\n", 
    "score": "0"
},{
    "tweet": "234                   RT @dawnchats: Q11: Who will be heading to @Walmart this weekend to stock up on M&amp;Ms &amp; Hasbro games? #GameNightIn #ad\n", 
    "score": "0"
},{
    "tweet": "235                   RT @dawnchats: Q11: Who will be heading to @Walmart this weekend to stock up on M&amp;Ms &amp; Hasbro games? #GameNightIn #ad\n", 
    "score": "0"
},{
    "tweet": "236                    Enter 2 #Win P&amp;G's 125 Walmart Gift Card #Giveaway - Pamper yourself! @blogwithmom @ProcterGamble http://t.co/XOqidGlr7f\n", 
    "score": "2"
},{
    "tweet": "237     Enter to #WIN a 125 @walmart GC &amp; Stock UP &amp; Save on @ProcterGamble items at @ourkidsmom ends 4/27 #Giveaway http://t.co/UsgTwizjCz\n", 
    "score": "1"
},{
    "tweet": "238                   RT @dawnchats: Q11: Who will be heading to @Walmart this weekend to stock up on M&amp;Ms &amp; Hasbro games? #GameNightIn #ad\n", 
    "score": "0"
},{
    "tweet": "239                                                                      @dawnchats @Walmart a11 me especially if I win a giftcard ;-) #GameNightIn\n", 
    "score": "1"
},{
    "tweet": "240                                                                                                         @dawnchats @Walmart Q11 Me #GameNightIn\n", 
    "score": "0"
},{
    "tweet": "241                                                                                                                            Walmart love lmao!!!\n", 
    "score": "1"
},{
    "tweet": "242                   RT @dawnchats: Q11: Who will be heading to @Walmart this weekend to stock up on M&amp;Ms &amp; Hasbro games? #GameNightIn #ad\n", 
    "score": "0"
},{
    "tweet": "243                   RT @dawnchats: Q11: Who will be heading to @Walmart this weekend to stock up on M&amp;Ms &amp; Hasbro games? #GameNightIn #ad\n", 
    "score": "0"
},{
    "tweet": "244                   RT @dawnchats: Q11: Who will be heading to @Walmart this weekend to stock up on M&amp;Ms &amp; Hasbro games? #GameNightIn #ad\n", 
    "score": "0"
},{
    "tweet": "245                                                                                                         @dawnchats @Walmart A11 ME #GameNightIn\n", 
    "score": "0"
},{
    "tweet": "246                                                                                                     @dawnchats @Walmart Q11 me #GameNightIn #ad\n", 
    "score": "0"
},{
    "tweet": "247                                                             @dawnchats @Walmart #GameNightIn A11: Definitely me. I think the kids will love it!\n", 
    "score": "1"
},{
    "tweet": "248                                                                                                     @dawnchats @Walmart Q11 Me #GameNightIn #ad\n", 
    "score": "0"
},{
    "tweet": "249                   RT @dawnchats: Q11: Who will be heading to @Walmart this weekend to stock up on M&amp;Ms &amp; Hasbro games? #GameNightIn #ad\n", 
    "score": "0"
},{
    "tweet": "250                                    @dawnchats @Walmart A11 Me! Love Walmart and M&amp; Ms and Hasbro are a staple in my house. #GameNightIn #ad\n", 
    "score": "1"
},{
    "tweet": "251                   RT @dawnchats: Q11: Who will be heading to @Walmart this weekend to stock up on M&amp;Ms &amp; Hasbro games? #GameNightIn #ad\n", 
    "score": "0"
},{
    "tweet": "252                                                                           @dawnchats @Walmart A11 Im always down for some M&amp;Ms #GameNightIn\n", 
    "score": "0"
},{
    "tweet": "253                                                                                                      @dawnchats @Walmart a11 ME!!! #GameNightIn\n", 
    "score": "0"
},{
    "tweet": "254                                                                                      @dawnchats @Walmart A11 i m definitely going  #GameNightIn\n", 
    "score": "0"
},{
    "tweet": "255                   RT @dawnchats: Q11: Who will be heading to @Walmart this weekend to stock up on M&amp;Ms &amp; Hasbro games? #GameNightIn #ad\n", 
    "score": "0"
},{
    "tweet": "256                   RT @dawnchats: Q11: Who will be heading to @Walmart this weekend to stock up on M&amp;Ms &amp; Hasbro games? #GameNightIn #ad\n", 
    "score": "0"
}]